ID,Window,lab
P60882-2014,LPCPTPCHLLPNCTSCLASKGADGGWQHCVW,0
P17427-353,QHRETNLRYLALESMCTLASSEFSHEAVKTH,1
A5JTQ2-477,AFVPTSYAPGCPDVQCANAQIDDAAKIAASA,0
O19131-149,EYWGETGFRCLNCSLCPNGTVNIPCQERQDT,0
P15105-359,ANCDPYAVTEAIVRTCLLNETGDEPFQYKN*,1
P26516-116,LHKNDIAINELMKRYCPNSVLVIIDVKPKDL,1
Q9BZY9-114,QEMFHYFCEDDGKFLCFVCRESKDHKSHNVS,1
P04342-109,EREEYRGQMIEFTEDCPSLQDRFHFNEIYSL,0
Q9H9B1-595,GRMVKHQCCPGCGYFCTAGNFMECQPESSIS,0
P04233-44,QLPMLGRRPGAPESKCSRGALYTGFSILVTL,1
E9PNW4-70,KAGLQVYNKCWKFEHCNFNDVTTRLRENELT,1
P08581-894,NKSCENIHLHSEAVLCTVPNDLLKLNSELNI,1
Q86KF9-616,ELISYGRTSMECMRACINLICRTY*******,0
Q5Z5B7-165,MTEDRRRAIWAIYVWCRRTDELVDGPNASHI,0
Q9D733-79,DPTRSTENNDSSVAWCDDNLHGWYRFVGDGG,0
O74853-213,SVCTDTINPSTSIWSCGTCYHVFHLSCIRKW,0
Q5U4D8-575,IYPVLPKLLALLPLSCQKRLCWRSHSQDIPV,1
Q96KG7-542,LPCQDGTYGLNCAERCDCSHADGCHPTTGHC,0
Q9Y6M5-132,LGVGVAGLLVNVLGLCLFHHHSGFSQDSGHG,1
P09482-527,HLNEEQPQHKPHQCKCKCRKGEAAGTPTQGS,0
Q66K08-207,GQLCMSQACTACDLTCPMGQVNADCDACMCQ,0
F4HVS0-1233,PDEYSNKTQVILCNDCGRKGNAPYHWLYHKC,0
D3YUM1-197,YDFDVFVVRGAGAYICGEETALIESIEGKQG,1
Q01484-375,DVTLDYLTALHVAAHCGHYRVTKLLLDKRAN,1
Q14254-20,HTVGPNEALVVSGGCCGSDYKQYVFGGWAWA,1
Q6IP59-405,STSNEAVYKVFNETQCDFSGNTCNPETFNTT,0
O95500-104,LLSGIACACAVIGMKCTRCAKGTPAKTTFAI,1
K9N5Q8-1164,VVSAYGLCDAANPTNCIAPVNGYFIKTNNTR,0
Q91WC9-574,LLGEQTLLTRYSPGYCSSDSPLDSPTKYPTL,1
Q65156-95,NIYWNRDSEEPEYVCCCATYQSHDGEYRYRF,0
P41216-55,TTFWYATRPKALKPPCDLSMQSVEIAGTTDG,1
P48318-426,QCSAILVKEKGILQGCNQMCAGYLFQPDKQY,1
O55125-83,TSNLYKIQFHNVKPECLDAYNSLTEAVLPKL,1
Q9BYU5-89,CRPITCCPSSCTAVVCRPCCWATTCCQPVSV,0
Q8BLN5-701,GDWPQENISGVFNKSCAISYTSYRNIFPIWA,1
Q64458-151,MGKRNIEDRVQEEAQCLVEELRKTKGSPCDP,1
Q91Y47-327,KGQETCQKTCTNNARCQFFTYYPSHRLCNER,1
Q71MM5-143,MLSLSPAMSSRGHTDCTSDLMVDASYYNLYQ,0
Q9QZG1-430,KVVGTRNLWKNIVVLCVNSLTGYGIHHCFAR,0
O90370-836,FFNMMQMKVNYNHNICTQVYHKSISRRCTLP,0
B8ZZ34-84,QWDPPFNCSSGAYSFCCGTCGYRFCCHDGPR,0
P43220-438,EHLHIQRDSSMKPLKCPTSSLSSGATAGSSM,1
Q9SYH1-542,AEFGFAAHWRYKEGDCKHSSFVLQMVEWARW,0
K7EJE8-507,HYLDVPVDLSKVLFICTANVTDTIPEPLRDR,1
Q9Z2V4-75,MQEEGVIRKLKKYDNCWLALTDPRDVARIES,1
Q54C31-545,LYEPIANCVNCGGNQCITTDFCLPLICGPDG,0
Q99959-647,IQNRNIQTDNNKSIGCFGSRSRKVKEQYQDV,1
Q9Z2V4-212,GCPLPLKKPLVNNWACNPELTLIAHLPDRRE,1
Q9DBG7-361,HLIAKNVAADIAVQLCESVANKLEGKVMGTF,1
Q8SQB8-41,GGAETCEDCLLIGPQCAWCSQENFTHLSGVG,0
Q91WD5-347,CRVEEMRQSLRIIEQCLNKMPPGEIKVDDAK,1
P34425-76,NNVKDPKMKIGHTGLCVAHTHMHRFYYLHSF,0
Q9C5D6-388,RIHPTLHTPLHSQIWCGIVAGVLAGIFNVHS,0
Q62167-298,YEEARKFSYRSRVRPCVVYGGAEIGQQIRDL,1
Q61907-70,SLGICILLLNILRSHCFTQAMMSQPKMEGLD,1
P0C9Y3-43,IMLYYFWWMPRQQKKCSKAEECTCNNGSCSL,0
P97384-382,ENRLGTDESKFNAILCSRSRAHLVAVFNEYQ,1
Q9FNR3-225,IVLPHIKAIANAMFACEYDQPFCEAFIGVQR,0
P21333-2378,AIDAKVHSPSGALEECYVTEIDQDKYAVRFI,1
Q9BYQ8-89,CCRTTCYRPSCCVSSCCRPQCCQPACCQPTC,0
Q18425-58,KCTCTEHHMGGTICCCCRSDAEENEQLTSVI,0
P00329-47,PKAHEVRIKMVATGVCRSDDHVVSGTLVTPL,1
Q06639-24,KKPPACVQCRKRKIGCDRVKPICGNCMKHNK,0
Q9ZQ74-223,VCWTSMIAGYVKNDLCEEGLVLFNRMRENNV,0
O64798-361,VILSNQTKDTRALLRCIACHVFDEMFQWVMM,0
Q922D8-408,LVQALGAHLRQNVFACVRQPSQGPTFGIKGG,1
O35423-293,ETRVIHHTTPVTSLYCLRESLALIAEQGLEN,1
Q8S1V1-85,SCAAAHPTLECHHHFCMHAHSYHPPGCPHNG,0
Q2V4F6-38,LKPKTCNTNADCAKFCKGPIQNCLYHTCACV,0
Q9DCT8-126,SKASSVTTFTGEPNMCPRCNKRVYFAEKVTS,1
P60881-90,EKNLTDLGKFCGLCVCPCNKLKSSDAYKKAW,1
D6R9I9-65,ISETLCIGCGICIKKCPFGALSIVNLPSNLE,1
Q9ERG0-412,PMERLLANQQVFHISCFRCSYCNNKLSLGTY,1
O23188-413,THLVRRHTFMTPFMTCFAPRVDCRKSSSAL*,1
Q9TV36-94,QCIVPICRHSCGDGFCSRPNMCTCPSGQIAP,0
Q99K30-320,LTLRARPPSEGEFVDCFQKTKLAINLLAKLQ,1
O83735-162,YSEGSFQSFIPIMNGCNNFCSFCIVPYVRGR,0
Q8C196-1337,DPILRCEMASTGEVACFGEGIHTAFLKAMLS,1
Q9H6X2-347,LLLALALLWWFWPLCCTVIIKEVPPPPAEES,1
P80316-493,RARQVKESNPALGIDCLHKGSNDMQYQHVIE,1
O55222-422,EGLRPTIPPGISPHVCKLMKICMNEDPAKRP,1
P10605-319,WGDNGFFKILRGENHCGIESEIVAGIPRTDQ,1
Q3ECY6-359,VLHHGIQFKEDSQPHCLRLHACHYVALNAYI,0
Q96AK3-296,NYEVTWYTSWSPCPECAGEVAEFLARHSNVN,0
P13639-466,ILMMGRYVEPIEDVPCGNIVGLVGVDQFLVK,1
Q9C099-343,DTDITSESDYGNRKECNRKVPRRSKIPYDAK,0
E9PXC3-53,IIGNYHLIDMKDIGQCLTNFSKTYGPVFTLY,1
A0MZ66-631,KEDSIENVRETDSSNC***************,0
P10041-246,CAKGCEHGHCDKPNQCVCQLGWKGALCNECV,0
Q8BLN5-485,NQCPSITEHIPRERLCDAVDVLLSLRNADGG,1
Q94AL8-5,***********MASLCLSSSRIVSLHHQKPF,0
P56288-273,SISSIRGDLIPYLVKCQYQKSFTVRENIQRF,0
Q6IVV8-530,NFNKTMNQLSTTMSRCAKDLMGFAIMFFIVF,0
Q8BMS1-747,RLRKYESAYGTQFTPCQLLLDHANNSSKKFY,1
Q923B6-23,EFPLTTDSSEKQGVVCIFGTGDFGKSLGLKM,1
P16460-97,LYEDRYLLGTSLARPCIARRQVEIAQREGAK,1
P62267-90,IKNGKKITAFVPNDGCLNFIEENDEVLVAGF,1
Q96JM2-2305,KLSKYLQGVVFRCDKCTFTCSSDESLQQHIE,0
Q8C129-114,PDGTCSLPSARTLVICVFVIVVAVSVIMVIY,1
P45844-30,NASSYSAEMTEPKSVCVSVDEVVSSNMEATE,1
Q21281-818,CMCDRHHKRHPVTDICLIDECAAGVADCDPN,0
Q23490-58,CDHHEWCRFWASIGECNANKDWMTENCQLAC,0
F8VX04-288,SKTVYALPTIAFAFVCHPSVLPIYSELKDRS,1
A8MQX3-45,EGSNKISIGKCVPAQCSVSFFKRDCWCCFRD,0
Q68FD5-151,SQPVKMFDRHSSLAGCQIINYRTDAKQKWLL,1
E1BMV3-235,AFCLVSDLCATGDHDCEQVCVSSPGSYTCAC,0
Q0WNZ5-697,TNSGVQDSTQIHTHMCYSNFNDIIHSIIDMD,0
Q91VI7-215,KLENCGITAANCKDLCDVVASKASLQELDLS,1
P04631-85,DFQEFMAFVSMVTTACHEFFEHE********,0
P70404-333,ANKNIANPTATLLASCMMLDHLKLHSYATSI,1
P49802-133,SNCWEPENTDYAVYLCKRTMQNKARLELADY,1
Q7ZXL5-484,GYLKIDDYSCTEHNECATNQHSCDENAMCFN,0
P27426-69,LSESNETIEMMDINSCREDTPSDAESETRFM,0
Q9BU23-659,MAVGAVRFVQALLAPCSLRSSPLAPVSGEKR,1
Q9QUH0-23,CKIQSGKVVVFIKPTCPYCRKTQEILSQLPF,1
O43854-78,VEVASDEEEPTSAGPCTPNPCHNGGTCEISE,0
D3YUM1-229,PRLKPPFPADVGVFGCPTTVANVETVAVSPT,1
G3X9Y6-217,LLNYCKSKDIVLVAYCALGSQRPKRWVDPSS,1
Q704Y3-391,GPVHSSLYDLSCIDTCEKNSVLEVIAYSSSE,1
Q9GLP0-630,CGVCKCTDPKFQGPTCEMCQTCLGVCAEHKE,0
O75094-725,TCDGNEESSCQLSPRCPEQCTCMETVVRCSN,0
P34884-81,GKIGGAQNRNYSKLLCGLLSDRLHISPDRVY,1
P50285-423,EVNERKKNKHSGFGLCYCKALQTDYITYIDD,1
Q9D710-186,QSFAPIYADLSLKYNCSGLNFGKVDVGRYTD,1
Q9FFP1-209,ENDDDDEYSLNVVCICGHIFCWRCRLESHRP,0
P34318-77,CLKITENASFAYCKNCEEFYEPDEIACGEFD,0
G3UYU4-155,GIREAKAKQEKVSAQCLSEIEMAKAQRDYEL,1
P31386-3,*************MSCVYAFGSNGQRQLGLG,0
Q01628-72,HVVWSLFNTLFMNPCCLGFIAFAYSVKSRDR,1
P00329-98,CVKPGDKVIPLFSPQCGECRICKHPESNFCS,1
Q9SFW8-324,LAQTWVSCLKQSKTGCRHNDENYIHCVSTID,0
P29758-150,KVLPMNTGVEAGETACKLARRWGYTVKGIQK,1
Q9H3T3-532,CVVRVPVARCQQYSGCMKNCIGSQDPYCGWA,0
Q61699-140,LKETAENNLKKPVTDCVISVPSFFTDAERRS,1
A2AQR0-188,YWVGIKMYDLVAGSQCLKSSYVLSKSRALEH,1
Q64374-207,IVYKMEKDEQIPDGMCIDAEGKLWVACYNGG,1
B2RPY5-355,YGLWNKTVRKELLGMCFGDRYYRESFVQRQR,1
Q8VZ17-545,PPLFTYTVKLIYPDWCRPVPPKSCCCTTRCT,0
P16473-699,AFQRDVFILLSKFGICKRQAQAYRGQRVPPK,1
Q64298-86,CPCPMKPCCPTKCTCCPKKCTCCPQPTCCVQ,0
Q80TN5-467,HCGVCNRCIAKFDHHCPWVGNCVGAGNHRYF,1
O02119-137,KSATLGYWNGIKGLGCS**************,0
Q9DCM0-34,SGAPVLLRQMFEPKSCTYTYLLGDRESREAV,1
Q10928-9,*******MTAIRDNLCELKRLEIPRPKCQGM,0
O75475-204,KIPKPRGRPKMVKQPCPSESDIITEEDKSKK,1
Q9NZQ7-272,FIFRLRKGRMMDVKKCGIQDTNSKKQSDTHL,1
Q9CZU6-101,DPDEGIRFRGYSIPECQKMLPKAKGGEEPLP,1
Q5SXR6-938,VAYERGQCDLELINVCNENSLFKSLSRYLVR,1
Q9UTC2-65,FSQMNHYYRYGEYNRCKGNFKDFKWCLSTKS,0
Q8CCT7-348,KGMSTRKRQGEFCKPC***************,0
F6SSP6-161,FQLTEKSPNPSLLHLCGSLAQLACVEPVRLQ,1
O00168-62,LFILGILIVLSRRCRCKFNQQQRTGEPDEEE,1
B1AY10-835,CSAMLPCGMHKCQRLCHKGECLVDEACKQPC,0
Q8CG65-4227,CQDDCTWGDWSSWTRCSCKVLVQQRYRHQVP,0
P40763-687,YLYPDIPKEEAFGKYCRPESQEHPEADPGSA,1
Q96P20-130,EEWMGLLEYLSRISICKMKKDYRKKYRKYVR,1
Q13753-445,DCYSGDENPDIECADCPIGFYNDPHDPRSCK,0
O35386-134,SKIQDFQEDEELFRYCLLPEILKYVECFTGP,1
P35802-17,EENMEEGQTQKGCFECCIKCLGGIPYASLIA,1
P17003-196,NPALYTQKVTPPXXKCGKENLAFFTLPTQFG,0
Q9JJL3-469,CNSDCICDKNQWEPVCGENGVTYISPCLAGC,1
P47226-333,AENQNWHLKHFCCFDCDHILAGKIYVMVTDK,0
Q9P258-428,TSRESTMYPKAVQDLCGWRIRSLACGKSSII,1
P21333-1157,DTHIPGSPFKAHVVPCFDASKVKCSGPGLER,1
Q9WUM4-343,NKCEIARFFKLHERKCEPIIMTVPRKSDLFQ,1
B2RXS4-313,FSRDGRSTGGPGAGLCVFPLDKVREKIEANR,1
Q3TF84-59,LDLSCNKLSTLPSDFCGLTHLVKLDLSKNKL,1
A8BIQ0-39,DGACYPSSCVFEDTVCNNHGTCTASVCRCDS,0
O95450-610,NGGRTCSGLAYDFQLCSRQDCPDSLADFREE,0
P02457-85,DTSDCPNAEIPFGECCPICPDVDASPVYPES,0
Q92348-129,FWLPWNEIRCAIHVPCPRKANVQNNFVIILK,0
Q9H2A2-128,NFRFFASSSLHHTSECTQMDHLGCMHYTVRA,0
P21804-723,FKLLKEGHRMDKPSNCTNELYMMMRDCWHAV,0
P69255-104,LFMNPSAGIEGFEPYCMKNPSNSNCPNCNWA,0
Q8VC28-39,YKPKEVPKSKSLEAACLALDVGYRHVDTAYA,1
Q559A9-1579,NQWWAFEDTDIRKDRCSIPPNQWIQVLSNHN,0
Q9ESB3-89,IESDCWVLSTKAQDDCLPSRWQSEIVIGQCK,1
O13764-409,NFVKVHPPSQKLLRFCRAFFDPQQVPGFNPF,0
Q9ZV33-107,GALKCPRCDSANTKFCYFNNYNLTQPRHFCK,0
Q86W47-193,LVTFVVGVLIVVLTICAKSLAVKAEAMKKRK,1
Q9DCL9-281,CRVVVLMGSTSDLGHCEKIKKACGNFGIPCE,1
P29699-114,NCSVRQLTEHAVEGDCDFHILKQDGQFRVMH,1
Q91V45-115,ALLYPLPAWVLGDFMCKFVNYIQQVSVQATC,0
Q9JJY3-395,FEYILYDVGVYGCHGCCNFKCLNSGLFFASR,1
Q6NSI8-402,YWRLWGTINWLTCSRCYQAFLCIEFSHCQYH,0
Q05144-189,RAVLCPQPTRQQKRPCSLL************,0
Q5SXR6-440,LLDQGQLNKYESLELCRPVLQQGRKQLLEKW,1
P21731-2-373,RASASRAAGITGVSHCARPCMLFDPEFDLLA,1
A5LGW7-342,DPYFFQMTNTNPEQKCITALASICQMFCFWR,0
Q8R3I2-504,DNPLGQNSFSTMNNVCNQNRDTGSRHSSLTQ,1
O89112-305,YKVFKEERYLCDAQQCADVIWQYGLLKKGYG,1
Q64442-179,ACRRGSVSLGNKVLVCGAGPVGMVTLLVAKA,1
Q9QYY9-104,KVIPFFAPQCKRCKLCLSPLTNLCGKLRNFK,1
Q63803-666,PRPSAWPDKYERGRSCCRYEAASGICEIESS,1
G5E8R3-622,WGGATFDVAMRFLYECPWRRLQELRELIPNI,1
Q8BMJ2-575,RKNFEASLDWLQEHACSRTYGLGTRLPWDEQ,1
Q80U19-729,KVKELSVIDGRRAQNCIILLSKLKLSNDEIR,1
O55029-56,VWNHETQTLVKTFEVCDLPVRAAKFVARKNW,1
Q9R0H0-297,RSFLVGSAAQSLSKACTIAIRYSAVRRQSEI,1
P39087-871,SFCSAMVEELRMSLKCQRRLKHKPQAPVIVK,1
Q3UUG6-8,********MDPPGYNCFVDKDKMDASIQDLG,0
Q9DBD0-599,LCLDGTRKPVTEAQSCHLARVPNRAVFSRKD,1
Q81019-58,DKQAFKVLSQCGGVCCKTVRLCVYSTHTGIR,0
P07948-381,RDLRAANVLVSESLMCKIADFGLARVIEDNE,1
P21707-77,AIAIVAVLLVVTCCFCVCKKCLFKKKNKKKG,1
P08686-194,GDKIKDDNLMPAYYKCIQEVLKTWSHWSIQI,0
P0C9M3-284,MLTSVINHHIDNLFFCIDLGADAFEESMELA,0
Q96P20-844,LKKLWLVSCCLTSACCQDLASVLSTSHSLTR,1
E9QKH0-1426,TLASSIHPEQCIKVLCPIIQTADYPINLAAI,1
Q9HC84-1259,NCTPSGIQCAHSLEACTCTYEDRTYSYQDVI,0
P48023-82,PLPPLKKRGNHSTGLCLLVMFFMVLVALVGL,1
P70694-188,LEKILKKPGLKYKPVCNQVECHPYLNQGKLL,1
Q99K51-33,KEAFAKVDLNSNGFICDYELHELFKEANMPL,1
Q6P5E8-165,VHPDCVPFACSDCRQCHQDGQQDYDTYHHHW,0
Q4KLV2-294,LVLSKKSIFQFDHTNCRTQGWAEQLLEQWES,0
Q6NSQ9-269,DSGSALGLGIALHTPCYAQIRRAHLGNGQKI,1
Q9D1P4-24,GCGQRFDPEANSDDACTYHPGVPVFHDALKG,1
P82635-63,CVKDMMLPKLFKTKRCDCQDMLGTFKGWHFC,0
Q9DCN2-204,QVIRAVLKDPNDHTVCYLLFANQSEKDILLR,1
Q99MR8-505,KDLLPSHSTIAKESVCQAALGLILKEKEMTS,1
E9Q401-2271,LREPDLEKVVRYLAGCGLQSCQMLVSKGYPD,1
P28271-165,NKERFEFLKWGSQAFCNMRIIPPGSGIIHQV,1
Q80X95-109,VESRELEKDMHYYQSCLEAILQNSPDAKIFC,1
Q55GA8-45,VDIYQCVEGHFACKNCFLKMIELKKQCMTCR,0
P11589-82,EKSLVLKFHTVRDEECSELSMVADKTEKAGE,1
G5E9R5-18,EQATKSVLFVCLGNICRSPIAEAVFRKLVTD,1
Q8CFJ9-736,HCKRPMSSRGWVCDRCHRCASMCAVCHHVVK,0
Q8BH00-21,ELLMLENFIGGKFLPCNSYIDSYDPSTGEVY,1
Q2V3K9-3,*************MSCFSFLVYFLLFIVTKM,0
P26443-112,QKRNRVRGILRIIKPCNHVLSLSFPIRRDDG,1
P47791-355,FQNTNVKGVYAVGDVCGKALLTPVAIAAGRK,1
P70496-240,MIMKRSGGHRIPGVNCCGHGRACYRWSKRWL,1
P35262-658,FRYEFTRHFIDYCNRCYGVKNLFDWMHFLIP,0
Q5SXR6-495,LSVYLRANVPNKVIQCFAETGQVQKIVLYAK,1
P11836-111,ISGSLLAATEKNSRKCLVKGKMIMNSLSLFA,1
Q8VDC1-1154,HDCKREFSWIVRRHHCRICGRIFCYYCCNNY,0
Q99MM4-16,MAEFPDDQAARLCDNCKKEIPVFNFTIHEIH,0
P11836-220,ELVIAGIVENEWKRTCSRPKSNIVLLSAEEK,1
Q9Y3R5-451,ITSLSTDFLWDYMTRCFEECFRPVKQRYSVR,0
Q9DBT9-52,PEWKDRAETVIIGGGCVGVSLAYHLAKAGMR,1
Q8NDA2-4780,YRMQGPSLPCLDVNECLQLPKACAYQCHNLQ,1
Q12077-76,KHSAYDGHLGWSTNNCGSTSNCTIRRSRNST,0
Q53TS8-1632,YKKEIQTLYIKPDEICSEKCAKFPEIQSFQY,0
Q8R480-51,ETSFNQTGKSEKVPSCPFIYIIRKDVDVYSQ,1
Q8K2W3-168,QVLFVAINCWWNQGKCRKQKHFFYFPVIHLY,0
Q9CPV7-328,VRSVRYKVIEDYNGACCPLNRGVRTFFTSPC,1
O89344-457,DCVKNWESFCGIQFDCFMELKLDSDLSMYMK,0
Q8R127-124,VVKACIENGTSCIDICGEPQFLELMHAKYHE,1
P36198-142,VMRARDLVYHLNCFTCTTCNKMLTTGDHFGM,0
Q8VDJ3-948,EGREAKETDPGSPRRCDIIIISGRKEKCEAA,1
Q8C1C1-464,VLIESLKFMMNPTDLCKKMGACHGPKTPLLG,0
Q8WVM0-204,GSKQRSRLSVMAQYLCNVRHIFTIPGQAFVP,0
P01005-111,SYANTTSEDGKVMVLCNRAFNPVCGTDGVTY,0
Q76MZ3-390,DECPEVRLNIISNLDCVNEVIGIRQLSQSLL,1
Q9VC47-1301,SHARFGNQDYDDGMDCEWTIAAPDNSYVQLI,0
P59648-66,CRKADSRSESPTCKSCKSELPSSAPGGGGV*,1
Q8BPS4-133,PAPQTWRVFYADKFTCRDDSESPQGEEIPFE,0
P08581-624,SCTLTLSESTMNTLKCTVGPAMNKHFNMSII,1
Q54R65-4,************MNSCASINDEVITKYNELI,0
P54096-118,SLTTTTPSRPRTARRCIRL************,0
P50431-90,RYYGGTEFIDELEMLCQKRALQAYHLDPQCW,1
P33267-487,PLSSGLGNLPRPFQLCMHIR***********,0
P19096-212,SVQFMKLGMLSPDGTCRSFDDSGSGYCRSEA,1
Q8N9I9-272,GVRYPGTTRVAYLPDCPEGNKVLTLFRKAFD,1
Q9LM92-43,ELYRGSMIECEDNWNCQLEDITYTAKDGKVS,0
Q8R0F9-301,RGSSHQVENEILFPGCVLRWQFASDGGDIGF,1
Q921I1-58,DHMKTVLPPDGPRLACVKKTSYPDCIKAISA,1
Q9DCH6-33,CGFYGNPRTNGMCSVCYKEHLQRQNSSNGRI,0
O02666-401,EGVFKVIFWLGYFNSCVNPLIYPCSSREFKR,0
O08529-640,YEMRKALEEAGFKLPCQLHQVIVARFADDEL,1
Q8BFR5-222,GYKGEETPVIVGSALCALEQRDPELGVKSVQ,1
O89344-927,CCFWSETLVDETRSACSNISTTIAKAIENGL,0
A0A024RE22-46,KWQRPRLSRQALMRCCLVKWILSSTAPQGSD,1
Q75N73-319,VNSMSVQDLQASQSACYWLKGVRYSDIGTLA,1
P38952-64,ASLPGEQITCCEGNMCNA*************,0
P35555-1242,FALMPDQRSCTDIDECEDNPNICDGGQCTNI,0
Q80UC6-312,LGRLTRRALPRAPKACTSQAWHLQTLLRRLQ,1
Q9R1P4-85,IGISIAGLTADARLLCNFMRQECLDSRFVFD,1
P40763-712,ADPGSAAPYLKTKFICVTPTTCSNTIDLPMS,1
Q3UMW8-214,AGPGQGAQTWFESYDCSNFVLRTYKKLAEFG,1
Q8BXK4-70,FDKIWREHCEDAETLCEYAVAMKNLADNHWA,1
Q99P47-998,GFFCDCSSSAYAGPFCSKEISAYFGSGSSVI,0
O89000-52,DKKHWKRNTDKNCFICEKLENNFDDIKHTTL,0
Q568V3-104,VLPYDTSGIPPGVVICQLPQHRWFTLEQCVD,0
Q921X9-463,ACAAVDCVKDKNQDLCQQEAVKAYPTFHYYH,1
Q9UBQ6-4,************MRCCHICKLPGRVMGIRVL,0
Q61923-140,QLGEEALAAFREDEGCLPEGGEDEKPLPSQP,1
P31943-22,GGEGFVVKVRGLPWSCSADEVQRFFSDCKIQ,1
Q8C196-816,IGRTFEESFQKALRMCHPSVDGFTPRLPMNK,1
Q06732-647,IGEKPYECNECGKAFCHKSALIVHQRTHTQE,0
A0A7H0DND6-204,SIITIDDKQYPIPSNCIGMSSAKYINSSIEQ,0
Q9QZE5-258,EDGSRDSPLFDFIESCLRNKHEMVVYEAASA,1
P19096-1222,DPLISGLLNSQALKACVDTALENLSTLKMKV,1
P62908-134,CYGVLRFIMESGAKGCEVVVSGKLRGQRAKS,1
D3Z183-31,EQKRKYVLADPFNGICREPEPPSNETPSSTE,1
Q9W6V6-776,VGWSGSGCNVVMEMACGDNLDNDGDGLTDCV,0
Q9NZW5-432,TKIDSILEVVQTGRTCILDVNPQALKVLRTS,1
Q55G34-1401,GVGIIINKPNSFYLKCNNKNSEYSSTDADEI,0
Q9Z268-618,SKTPEWQVHTSIPLSCIRAVEHVDEGAFQLP,1
Q704Y3-158,RLTDSEFKDPETGKTCLLKAMLNLHNGQNDT,1
P14824-552,SGDKTSLETRFMTVLCTRSYPHLRRVFQEFI,1
Q9JLJ2-220,LFNVVQGGAATGQFLCHHREVAKISFTGSVP,1
P56391-65,DVSVCEWYRRVYKSLCPVSWVSAWDDRIAEG,1
P26443-172,SVDEVKALASLMTYKCAVVDVPFGGAKAGVK,1
P50405-321,WNTSEQAMPQAMHQACLRFWLDRQKCEQFVE,0
P07901-598,KVEKVVVSNRLVTSPCCIVTSTYGWTANMER,1
Q8R0Y6-686,SLELGGKSPLIIFADCDLNKAVQMGMSSVFF,1
Q9MAP1-135,PRKRIKNYLCDFRVICNPITGQYAILQLITF,0
Q8N0W3-777,LAVGPRQDEMTVKIVCRCLADLRDYCQPHAP,0
P11716-3402,AEEGELLVRDEFSVLCRDLYALYPLLIRYVD,1
Q6ZN84-239,METLVEECGENRERKCKLKDQSDKEEGTRDI,1
Q00839-607,KMCLFAGFQRKAVVVCPKDEDYKQRTQKKAE,1
Q80X90-1434,VDPSKVKIAGPGLSSCVRACIPQSFTVDSSK,1
Q8C196-920,RKAKEIGFSDKQISKCLGLTEAQTRELRLKK,1
P21246-89,AECKQTMKTQRCKIPCNWKKQFGAECKYQFQ,0
Q6S545-146,LRSKMGKWCCHCFPCCRGSGKNKVGPWGDYD,0
P50172-241,EISGIINAQASPKEECALEIIKGTALRKSEV,1
Q04721-453,GAFHCECLKGYAGPRCEMDINECHSDPCQND,0
Q4V7W2-333,CGSPAKYDSYLHRAICTRESCKLDFCTLCSC,0
D3Z494-271,EDMAAILSFNRNWRACGLFAASHNEDFPFHA,1
M0QWJ1-58,RGGFAETGEHSRNLSCPLKRQARKRRGRKRR,1
Q7Y1Z0-169,HMCYINEINGASMDYCDKNNKQWPCQPGKKY,0
Q16518-231,KEDPISKSEIVVQFPCSDRFKPSYVHSFGLT,1
P34576-2010,FVDESPDSSRRPGRICRPALVDECRTGKHDC,0
P49259-478,WHTLEPHIFPNRSQLCVSAEQSEGHWKVKNC,0
O74853-642,TRLYPPVACGTPIPDCPYLCVLPKSCHHPQV,0
Q9W0R6-214,CERFQTGYRVWIYAICSIIAIIINIFILSLL,0
P78371-289,KMKEKVERILKHGINCFINRQLIYNYPEQLF,1
Q61656-221,PKGPQIRDLERGVEICIATPGRLIDFLECGK,1
Q8BFY9-683,EQLVARSNILTLMYQCMQDKMPEVRQSSFAL,1
Q9JLJ2-45,KAFEPATGRVIATFACSGEKEVNLAVENAKA,1
G5E8R3-663,AVGYTNYPDNVVFKFCEVAKENGMDVFRVFD,1
Q9QXX4-378,TGSFVGELMYKNSFDCFKKVLRYEGFFGLYR,1
P55067-1199,QCDEGFSQHHVATIRCRSNGKWDRPQIVCTK,0
Q8BH00-271,GKNPAIIFEDANLEECIPATVRSSFANQGEI,1
Q60930-77,DTGKVSGTLETKYKWCEYGLTFTEKWNTDNT,1
Q9FPS9-144,VCARCFGPAKTRCSRCKSVRYCSGKCQIIHW,0
P25444-229,LMMAGIDDCYTSARGCTATLGNFAKATFDAI,1
Q23192-111,YLTDNEQNQYMEKAMCILDFFVVPTEQRSGN,0
Q07954-2865,SPECEYPTCGPSEFRCANGRCLSSRQWECDG,0
P19637-234,VTYRGTHSFTTSKASCLPWNSMILIGKTYTA,0
Q8VCF0-79,RRPGWVEVFIRALQICELPGLADQVTRVYQS,1
Q02936-85,LLLIVLPMVFSPAHSCGPGRGLGRHRARNLY,1
P13639-728,AIHRGGGQIIPTARRCLYASVLTAQPRLMEP,1
Q920L6-210,AMFITLSQITQMLMGCVINYLVFNWMQHDND,0
Q8BJ52-109,TRDFENQEKTILTGDCCYINPLVRRTVRFLG,1
P51660-277,QPMTPEAVRDNWEKICDFSNASKPQTIQEST,1
P34715-303,YFFQHYDAAGYTTFWCRYKYNEDNKMQFMTA,0
Q54PT9-723,HNNQNNNNNNNNNNKCHWNSGDTEKSIVYNG,0
Q8BW94-3642,SCTKPVIWQKLLFGLCFFHAIVQERRNYGAL,0
A1L1V4-226,QICDDEWTQMNSRVICGMFGFPGQKRYNTRV,0
O75533-1059,DRGAEYVSAREWMRICFELLELLKAHKKAIR,1
Q550K8-143,LFCKQIISHLYNDIECIGISDVLTKIISFYP,0
P13217-394,VTHGHAYCTEILFKDCIQAIADCAFVSSEYP,0
Q923B6-394,FRFVQSKLGYLTLVLCTAHTLVYGGKRFLSP,1
Q7Z5Y6-341,SAYYCEGECSFPLDSCMNATNHAILQSLVHL,0
Q3KNM2-33,FATDEDDRTAEWVRPCRCRGSTKWVHQACLQ,0
P49327-2202,LQELSSKADEASELACPTPKEDGLAQQQTQL,1
Q9CR21-140,EFGFEIPDIDAEKLMCPQEIVDYIADKKDVY,1
Q9WU60-761,CPKDNPMYYCNKKTSCRSCALDQNCQWEPRN,0
Q99L45-224,RVGTKKTSFVNFTDICKLLHRQPKHLLAFLL,1
A0A5K4F1D0-1863,TCIQKRQKRDNSQSTCSYHRHYHDQLVDGNI,0
P29832-8,********MEPAAPSCNMIMIADQASVNAHG,0
P87311-511,AKCRRCRRTKYCSKECQHQAWPGHSRWCRVI,0
Q91YT8-314,NPKPCGQFCCCEVQGCEREDAISYYTRMNDS,1
P63244-138,GSRDKTIKLWNTLGVCKYTVQDESHSEWVSC,1
P27701-2-226,VGVAIIELLGMVLSICLCRHVHSEDYSKVPK,1
Q9FLZ5-276,VELARGCCRQFKKGYCRSSSPRYYISHVNCD,0
P36382-61,GDEQADFRCDTIQPGCQNVCYDQAFPISHIR,0
O55125-138,VHLWRFSGGYPALMDCMNKLKNNKEYLEFRK,1
Q92126-979,IAIVFQLCLGNFLCYCPGMPNVFNFMPIRFQ,0
Q8R4S5-604,MNSACQQQPVTQHLSCMLQERLQLEQQQQLQ,0
Q15758-39,ALASIEDQGAAAGGYCGSRDQVRRCLRANLL,1
Q62007-188,VEHFFCDIYPVMKLSCVDTTVNEIINYGVSS,0
B4DR61-19,TARVLVKFLEVIKPFCVILPEIQKPERKIQF,1
Q9LNU6-756,RDTNRFHHFKDGICSCGDFW***********,0
Q86WI1-1882,DEPCQIISINPNEVYCRTPAGTTGMVDVKIF,0
Q8K3K1-3223,VCCGGRQREAQPDHQCCSGHYIRILPGEICC,0
Q9C8T8-189,HYTEPRHALIPGIDSCPGKQIHSHNYRIPDQ,0
O14828-190,TLALLLNFLACLASFCVETNNGAGFGLSILW,1
B1H278-56,RRCWGQPEGPYACPECREVSAQRNLRPNRPL,0
P0C6Y5-4794,ATLYYQNNVFMSTSKCWVEPDLSVGPHEFCS,0
Q80941-118,CFDCLTLLSFAEKIDCIISGQNFYLVRGRWR,0
Q15323-6,**********MPYNFCLPSLSCRTSCSSRPC,0
P41266-434,RVQRFRGSEQQIKFVCQRVDMDITVYCNGMK,0
Q9D0I9-502,TEEELKAAQTSVAYGCIKYADLSHNRLNDYI,1
Q9I8X3-5,***********MVPLCLLLYLATLVFPPVYS,0
P60710-217,TTAEREIVRDIKEKLCYVALDFEQEMATAAS,1
B1B0P8-128,GFSQGGQFLRAVAQRCPTPPMMTLISVGGQH,1
Q9DBL9-50,SHLKEAEEKMLKCVPCTYKKEPVRISNGNRI,1
Q9XEX4-292,LEKIADPDCIFRVLHCK**************,0
P16671-243,DTYKGKRNLSYWESHCDMINGTDAASFPPFV,0
Q95209-1152,CDLEDDCGDNSDERHCEMHQCRSDEYNCSSG,0
Q922Q1-160,IHNCRLFGLDIKGRDCGDEVAQWFTNYLKTQ,1
Q6DC60-183,VNPTCMCCQATSSTACQIQ************,0
P08670-328,KQESTEYRRQVQSLTCEVDALKGTNESLERQ,1
Q96P71-3,*************MACAGLLTVCLLRPPAPQ,0
P62814-207,FSAAGLPHNEIAAQICRQAGLVKKSKDVVDY,1
P41216-133,PYEWISYKEVAELAECIGSGLIQKGFKPCSE,1
O43665-66,LKKEFSEENVLFWLACEDFKKMQDKTQMQEK,1
Q08351-413,ELEWQHQSSWAAQETCYQLRYTGEGREDWKV,0
P27773-244,SGKIKKFIQDSIFGLCPHMTEDNKDLIQGKD,1
Q9Z2J0-572,MGMVKRTTFFRYIPICPVFRGFSKKTQNQPP,1
P10035-114,SCCDGSILACCSFPHCFSQANAESRRFGHAT,0
Q8BP47-277,MITRCFRDHFFDRGYCEVTTPTLVQTQVEGG,1
Q9ZVC9-530,VANFENDNKAYIVTFCYPEMRANCSCQMFEH,0
P69282-365,RELCVCKTCPKVCKLCRDDIQCMRPDPFCRE,0
Q9M1R2-79,EVCKQDMIEYYDISGCYILRPWSMAIWEIMQ,0
Q62395-79,IPNVPWCFKPLQETECTF*************,0
Q9Z111-86,DIALQIHFTLIQAFCCENDIDIVRVGDVQRL,0
Q9VCU9-1155,YRNQDQPQYFYVAEICPHLSPLSCFPGDNYR,0
P38702-198,ASATLIKNDYIPNWFCHWCNFYRGYVPTVLG,0
Q8R179-426,KPSRLIQCFDTETDKCHVKPYVLPFAGRMHA,0
O88630-34,LENELDLKLVSFSKLCTSYSHSGSRDGGRDR,1
Q8VI59-1109,THYLLPQLRKQLPWFCLSQPVLKPLEYSQYE,1
Q91VI7-251,NAGIAALCPGLLLPSCKLRTLWLWECDITAE,1
P01375-49,SLFSFLIVAGATTLFCLLHFGVIGPQREEFP,1
Q969W1-204,NNCVGHYNHRYFFSFCFFMTLGCVYCSYGSW,0
P46406-245,AFRVPTPNVSVVDLTCRLEKAAKYDDIKKVV,1
Q99KW3-779,NESPQHDPPQFPPPVCIGYRDAPRASSPPRQ,0
Q8VHQ9-576,NVSGLSSEFYNTFKACESFLLDNRNDLAPSL,1
G3UX86-24,KYIFTLRTHPSVVPGCIAFSLPQRKWAGLSI,1
P25620-5,***********MENRCSNPCYIQSDPSDLLS,0
P16460-331,KFAELVYTGFWHSPECEFVRHCIQKSQERVE,1
Q6P3A8-314,VIDLRTIVPWDVDTVCKSVIKTGRLLISHEA,1
O08997-41,LGGVEFNIDLPNKKVCIDSEHSSDTLLATLN,1
Q3UJP5-153,DFRIVSYNDYMWDKSCDYLFFRNNMPEFHKL,0
O43617-68,VRLIEDFLARSNVGRCHDFRETADVIAKVAF,1
Q91VB2-420,VPMQQGPLATGPCGCCSSCLNIGNKGKSSYC,1
Q54YZ5-1094,NSSNDIDNESIPQYLCFDFLYFIKQMYGIDI,0
Q3UQ44-42,EMDERRRQNIAYEYLCHLEEAKRWMEVCLVE,1
Q91X34-310,FYRTFQETADKDSKYCFPIEKAHGHFLFVVG,1
P16615-498,FTLEFSRDRKSMSVYCTPNKPSRTSMSKMFV,1
Q920A5-152,TVASDMMVLLKSFFDCHKEFQTVPFYIFSES,1
Q5IS99-47,SLDNSYKMDYPEMGLCIIINNKNFHKSTGMA,0
O97507-135,ICPDHFTGKHCQKEKCFEPQFLQFFQENEIW,0
Q96S59-284,QPYGPTFTTGDVIGCCVNLINNTCFYTKNGH,0
Q9M0B7-65,GVFLMIIAIAGVVGSCCRVTWLLWSYLFVMF,1
P08172-324,STSLGHSKDENSKQTCIRIGTKTPKSDSCTP,1
Q8BH95-225,SKIFPVEKLVEEAIQCAEKIASNSKIVVAMA,1
Q8C4X2-400,PITAPTEVEVMDETNCQKVLNMWCCCFFKRR,1
Q9SWW6-624,PPKGPKRPKMISCGCCPCFGRRRKNKKFSKN,1
Q9SIB4-136,HHHNHHRPYDHMSFDCCSHPSPMCLPHQGTG,0
P13707-329,GLVDKFPLFTAVYKVCYEGQPVGEFIRCLQN,1
P60174-255,QSTRIIYGGSVTGATCKELASQPDVDGFLVG,1
P60882-2295,IETWVAEGPSEDEAVCVNCQNNSYGDRCESC,0
Q6DDV1-55,VLEIAQKKGRSKCPKCNSSRMFYCYTCFVPV,0
Q91XW9-777,VTLRPTDSQSHCYRTCFSPASDGSDFTFLRP,1
Q5IBH7-62,ENNAQNNKSKRPRGPCLIIQRQEMTAFFKLF,1
P29615-93,KYWCKPADGRFSYNECGLSCNALLTDDITNS,0
Q6NZY4-607,EAGHASSPDSEVTSLCQKEKAELAPVNTEGA,1
Q0P5D3-46,LTIEERYLPQCSYFKCVQKDIQPYMRRMVAT,0
A7E3N2-45,SEVQDPHSRICFNIGCMYTILDNLQEAEQAF,0
Q9ERZ3-562,NKTFRTTFKMLLLCQCDKRKRRKQQYQQRQS,1
P16045-61,FNPRFNAHGDANTIVCNTKEDGTWGTEHREP,1
P61858-12,****MREIVHIQAGQCGNQIGGKFWEVISDE,0
P58735-39,SQGLLETLKARLKKSCTCSMPCAQALVQGLF,1
P30518-342,SFSSSVSSELRSLLCCARGRTPPSLGPQDES,1
P23298-295,KMNVHIRCQANVAPNCGVNAVELAKTLAGMG,0
Q3ULJ0-216,LCGALKNIVAVGAGFCDGLRCGDNTKAAVIR,1
Q9D404-86,SGIVSVVGDEYKNIPCSVAAYVPRGPHEGQF,1
P24668-33,LAVAVRESWQIEEKSCDLVGEKDKESKNEVA,1
O14099-165,KVQCFDCHEWYTCRHCHNDACDHVLERPAVE,0
Q64663-216,HNYTTRNILPGMNISCTFHKTWNPQCPIFRL,0
O35682-286,PSCTRSISYIQPNTVCFWDRRLAVSILTGIN,1
Q71U36-305,EITNACFEPANQMVKCDPRHGKYMACCLLYR,1
P68958-84,SHHSSKLCHNGHDMICSYSRLGSHINIRCIC,0
D3YXG0-5205,QDINECQESSPCHQRCFNVIGSFHCGCEAGY,0
Q96HS1-168,AIETTDIISRHLPGVCKVSTDLLREGAPIEP,1
Q8BVA5-185,RMSESPNGKFATPFLCQFRYLLYATSYLLFK,1
P00511-351,VSLSGNQAVRLPLMECVQVTKDVTKAMDEKR,1
P32745-283,LCWMPFYVLNIVNVVCPLPEEPAFFGLYFLV,0
Q6NLB1-304,SVVGHMESCDGNLNHCQCHNSEMMVLEFNQY,0
Q5DU41-803,LPLPVAERLQTCLDKC***************,0
Q9EQF5-242,AEATLRAITIASAVNCPLYVVHVMSKSAAKV,1
D3Z106-127,LILPRVPEWWLVTVGCMRTGIIFMPGTTQLK,1
Q06A97-269,DVNKDGKIQKSELALCLGLKINP********,0
B3LGK5-270,PKYLEYAANIPKSTKCNPSSQYQKIKEWVDP,0
Q01097-1239,NYSSTVAGQNSGRQACIRCEACKKAGNLYDI,1
P82778-27,IIFLVIFALVEQNMGCNDYIVGDVCVHCRER,0
Q9W1B0-1337,VVYEINRTRTRHQKTCEFTIGYMAQHLQILS,0
Q91W43-146,KNQIWRSYIGMGYYNCSVPQTILRNLLENSG,1
P53702-70,HTVPAHQDRAYDYVECPVTGARAKDKESLDP,1
Q9UKG9-458,MTRHFYHGRTETMRSCTVEAVRWCQSMQDPS,1
P16615-349,RSLPSVETLGCTSVICSDKTGTLTTNQMSVC,1
P29293-267,DSPFVIVGITSWGVGCARAKRPGVYTATWDY,0
Q557K0-141,LLEHHLKECQYQFIKCPNNSNKCKYIIRKNQ,0
Q9Z2I9-158,KQTGEKGRICNQVLVCERKYPRREYYFAITM,1
Q86V15-625,FHCRRPGCTFTFKNKCDIEKHKSYHIKDDAY,0
Q04447-283,NYEFMWNPHLGYILTCPSNLGTGLRAGVHIK,1
Q922B2-76,WVRARVHTSRAKGKQCFLVLRQQQFNVQALV,1
P0CT40-957,TWKGIRKQIQEYVQNCHTCQINKSRNHKPYG,0
Q9HBG6-436,DMHYRVKEKIIKKFECNLLVVCANHIILCQE,0
Q03135-133,YFAILSFLHIWAVVPCIKSFLIEIQCISRVY,1
P01027-816,TWEILAVSLSDKKGICVADPYEIRVMQDFFI,1
Q8WXR4-1261,SENGLAQKHRTPRRRCQQPKMLSSPEDTMYY,0
P17987-76,ILKLLEVEHPAAKVLCELADLQDKEVGDGTT,1
Q80UB0-178,EQNLLDCMGSNVTHDCSGGFMQNAFQYVKDN,0
Q3USZ8-364,ILCARVTVDHNYYAVCQNLLSRHATWRGTSG,1
D3YTT4-349,AAVALQEEREDAVALCSMAKLFATEECFAIC,1
Q9SMQ6-221,IPGSGQEIPAKTSTCCTSS************,0
P03388-636,LVLTQQYHQLKTIGDCKSRE***********,0
P36552-181,TVDRWERKEGGGGITCVLQDGRVFEKAGVSI,1
P97872-468,VFTDPRLALRLLLGPCTPVQYRLQGPGKWAG,1
P0C9G2-197,RELEHWCTHGKYCNFCWDCQNGICRNKVFKN,0
Q23835-382,SPSFNSDNSCSGGWVCEHRWKQIYNMVGFRN,0
Q687Y7-97,RYPSVIWEAKCSHSGCINAEGKVDHHMNSVT,0
Q96PB7-65,EGWQVYSSAQDPDGRCICTVVAPEQNLCSRD,0
E9Q5W5-799,ECICAQTLLLKLLQSCFSVLQGDPQAASEEE,1
Q8K0Z7-231,KEAEDEEEKNLFKFICDASSLHQVRKKLDSL,1
P20591-52,AENNLCSQYEEKVRPCIDLIDSLRALGVEQD,1
Q99836-113,RDDVLLELGPSIEEDCQKYILKQQQEEAEKP,1
Q9Z0D9-317,RRYLGHLYRKCLAVLCGHPVHTGFSPESQRS,1
Q43727-157,MISSTLTCRIDQREKCGDKMEQFLKRCFYHS,0
O15118-1128,TMVLLGCELWSAVIMCATIAMVLVNMFGVMW,0
O35423-275,VSFYTDITYLAKLWGCEGETRVIHHTTPVTS,1
Q9BWM5-220,EEAFHVGISHYKWSQCRRESSHKHTFFHPRV,0
P40085-152,IPFRYRITSREYKERCMIFIIVISSILLSKL,0
Q61687-222,DISRDSDGMDEQCRWCAEGGNLICCDFCHNA,0
P18115-99,FFRRTIQKNLHPSYSCKYDGCCIIDKITRNQ,0
Q6TMA8-340,FSTWDQDHDLRGDLNCAKSLSGGWWFGTCSH,0
Q61327-305,MDGIRAYLSVDFYRLCEASVWIDAATQVCFS,0
A6BM72-148,CDSDHWGPHCSNRCQCQNGALCNPITGACVC,0
Q7SYS2-114,ADTMNNYLFCERLLKCEFVTPEKVHPRLFIG,0
Q8BGU5-39,ESYRPDTDLSREDTGCNLQHISDRENIDDLN,1
Q99K67-305,RYTSRFNTDIAPYTTCLINGIYWEQNTPRLL,1
Q9VU08-1327,LIANLGKISCSNAVKCDSDEFNESYTIEIKN,0
Q9CQR2-56,RTTGRFNGQFKTYGICGAIRRMGESDDSILR,1
Q5XHG6-8,********MVCGGFTCSKNALCALNVVYMLV,0
P48634-486,REEEERRMQEERRAACAEKLKRLDEKFGAPD,1
Q04592-941,WKFEFKKQCHPCHYTCQGCQGSGPSNCTSCR,0
P24588-129,ADLSKKKAKSRLKIPCIKFPRGPKRSNHSKI,1
P25911-419,KFPIKWTAPEAINFGCFTIKSDVWSFGILLY,1
Q95LI3-748,HMKTHSGRKVYQCEYCEYSTTDASGFKRHVI,0
Q8C0L0-209,VFGLFMGLILVVISECFCVPLPRASSERCEQ,1
P08559-41,ASRNFANDATFEIKKCDLHRLEEGPPVTTVL,1
Q91VE0-338,CIKYNCTIVQYIGELCRYLLNQPPREAESRH,1
Q9SXB5-314,RCGQYTTCNPRKNPHCSCIKGFRPRNLIEWN,0
Q8CFX1-390,YCTQSERHWVPEQSRCLPQQIIFYIGHGELG,1
A0FLQ6-1037,KHPKLEINHFYLKDVCHDHNAWNLWTKSSTS,0
Q3UNX5-2-134,VILPKIPEWWLANVACLRTGTVLIPGTTQLT,1
H3BL08-236,FSYVNNMARVGTLVLCLHDSADALLEAAKMA,1
P0C6X4-5676,INDCTRIIPAKVRVDCYDKFKINDTTCKYVF,0
Q13586-437,ALRERLHRWQQIEILCGFQIVNNPGIHSLVA,1
P49024-414,ALDRTWHPEHFFCAQCGVFFGPEGFHEKDGK,0
P60900-47,INQGGLTSVAVRGKDCAVIVTQKKVPDKLLD,1
P97391-117,FCPMRLCACDRKLVYCLRRNLWTYNPLYQYY,0
Q55AP3-191,YIGAINSNPNITFLVCSNNFNNQNNNKKISY,0
Q8R507-413,TLCWTEFVDIKVHVPCETVDYIEANYGKTWK,0
O35453-341,MVLQEARVPIISNEVCNSPDFYGNQIKPKMF,1
A2VEC9-1006,QEDCNVCVCRGRQWHCTGQRRSGRCQASGAP,0
P98167-1399,GHCVPHGWLCDNQDDCGDGSDEEGCATRVCG,0
Q09614-374,HGYMDRPCIDPLDPECPPMAKNYFDVCPHID,0
Q5BJQ7-335,KVHRQRLAAKEGLLLC***************,0
P97443-74,QEKLHRCGQCKFAHYCDRTCQKDAWLNHKNE,0
Q6IFW2-415,LPCNPGSTASISNSACEPCSAYVICTVENCC,0
P12067-75,RYWCNDGKTPKAVNACHISCKVLLDDDLSQD,0
Q16549-704,SQRNVASNQVCRSGPCHWPHRSRKAKEEGTE,1
O89001-194,PSLNPDGFERAREGDCGLGDSGPPGTSGRDN,1
Q9CZX7-242,WAIAYLLGLICLIRACYWGAIRVSYPEHGFA,1
Q3T0P7-89,YLYKYFAFQPDDVYYCGIKYIKDDVILNEPS,0
Q00918-189,APGSQRCTKPSCVPPCQNGGMCLRPQFCVCK,0
O76260-156,SFPGVPYTAQDFHPTCEITDWNDRFQVQQCE,0
Q91X91-202,KARQAAGFSLKVEVECSSLEEAFRAAEAGAD,1
Q68FL6-789,QLPPAACRILATSFICTLPAGHRIGTVSPLF,1
Q60936-265,PFLSEANAERIVSTLCKVRGAALKLGQMLSI,1
E9Q4N7-2002,PLCTIAHWQDSLAKRCICVSNIVRSLSFVPG,0
P52480-49,DIDSAPITARNTGIICTIGPASRSVEMLKEM,1
O09158-468,KLAVIGVLQNFTVQPCEETQIPLKISREPIF,1
Q8GW44-211,AVGETQMNMSSSRSHCAYLFTIQQDSVKDKR,0
Q5PQK8-303,FFGFSHPTIHNLIQSCPEAQNCVNYQWVKFD,0
O88799-4836,SDCTQSCACTDGVIQCQNFVCPSGSHCQYNE,0
Q9ZVI6-58,NANGELVFRVDNYMNCPRDNIVLMDASGFPL,0
Q8WZ55-56,GSVMVIGGIIWSMCQCYPKITFVPADSDFQG,1
P15777-532,AGTNYLTCHNAAQCNCLCTPDPITSKSTGPY,0
Q9C9U3-83,HVGPINGQGYDTDEFCYRTADGKCNHPSDNT,0
Q91ZJ5-181,NTDEDTKKILQKYNHCRVKIYTFNQSRYPRI,1
O88908-322,VLGCLLYACFILGRLCVPVFANMSREPFSTR,1
P0C8Y0-327,DAYCPHPQIQDVIWNCLYIFTEPFLACWPFN,0
Q9UMX2-38,NYLYPIWSPYAYYLYCYKYRITLREKMLPRC,0
Q9Y287-38,GEEALIIPPDAVAVDCKDPDDVVPVGQRRAW,1
Q504N4-42,PHARAMHDGGGPRRLCIEGNIAVGKSTFVKL,1
P17427-330,LIIHHDSEPNLLVRACNQLGQFLQHRETNLR,1
Q96J86-47,GKDCKSYCCDGTTPYCCSYYAYIGNILSGTA,0
F8VV69-343,NWGENYDRQRAFSRTCAGGLRCLLSDRRVLL,1
Q39032-11,*****MKESFKVCFCCVRNFKVKSSEPPEEI,0
O08576-76,FAAILEQILSHRFKACAPAGPASWFSSDGQR,1
Q9E6Q1-249,EHCDLHIDAYNVLWECGSFGHTCLCRGPCMW,0
Q80U23-61,SDSSPTPRRSMKYTLCSDNHGIKPPTPEQYL,1
Q3TF84-156,GLVVCRVTGLHQQPLCTSVNTIYDNAVQGLR,1
Q00174-1498,FNGTCECRQNIEGRACDVCSNGYFNFPHCEQ,0
Q1K9Q1-193,WSSSSCHDGKAWLHVCVTGDDRNATASFIYD,0
Q9U405-4,************MDICRLCLRGVSGAQMCLQ,0
Q9GZY6-28,ALLVLLGVAASLCVRCSRPGAKRSEKIYQQR,1
Q9Z2U2-2354,KHVYSIKARNDALAECTSKFVTQYPCMIKGC,0
Q8ND76-7,*********MGNTTSCCVSSSPKLRRNAHSR,0
F4JYG0-352,FSNYVHINMRNPTWRCPHCNQPVCYPDIRLD,0
O97716-97,QKNLHPTYSCKYDSCCVIDKITRNQCQLCRF,0
Q5U4F6-197,GRLDDGDWSTLKSYVCTWNLDRQGLNPQQPS,0
O88455-376,DGRCLIWGKKPKAIECSYTSADGLKHHSKLL,1
Q61510-70,KVYQVRPQLQKNTVMCAVVEQFLQAEQARTP,1
Q8QZS1-270,DKSIIFEEHMDKINSCFSANTVEQIIENLRQ,1
P48026-122,SEILKNLSQVAMKCRCSSMHFLVAEWNEPSI,0
Q8CIF6-676,DSGIFRRILHVLYTDCIRQCSGPLYTDRMVL,1
P15459-95,FDFEGPQQGYQLLQQCCNELRQEEPVCVCPT,0
Q9NX77-108,PKGHYWQDCSSKNTLCSEFIYSLDYIEHGWQ,0
Q9CQJ6-37,KLDADYPLRVLYCGVCSLPTEYCEYMPDVAK,1
Q03833-211,QSKCIFPWHLDEQNKCSINYLHFGAPKQWYS,0
Q9UKA2-344,WAKLDDTSLEFLQSRCTLVQWLNLSWTGNRG,1
O00220-188,DEEERSPCTTTRNTACQCKPGTFRNDNSAEM,1
Q99K67-765,ALRPEANPLTWKQLLCDLVGISRSSPCEKLK,1
Q9R1V7-193,HYEDGKQMYSKGGEHCYYHGSIRGVKDSRVA,0
C7GQY3-390,MIDHNKHTMNPPQSKCPVDHRNYMKDYPSDM,0
Q54LY1-893,HYHLANNVQKSYISDCSVIDSYYRCYTIHGT,0
O35490-299,YAREAYNLGVRYIGGCCGFEPYHIRAIAEEL,1
P12907-283,NGVGPLCKGEGVYLSCVDIMGWRITRNYDVH,0
Q3UMB9-936,NAMGYIRMIRSGGLHCSSNAIRFVPDLEDIV,1
Q05135-227,IQHCAYIWLHQIPPMCLYLLCFNVGKSRETV,0
Q91VR5-406,IPQITCDGKRLQVIVCSATLHSFDVKKLSEK,1
O88587-200,HWKDRYLPDTLLLEECGLLRKGTVLLADNVI,1
P21614-220,QMKHLSLLTTMSNRVCSQYAAYGKEKSRLSH,1
Q9D172-151,GAAKNLSTFAVDGKDCKVNKEVERVLKEFHG,1
P16144-739,LLALLLLLCWKYCACCKACLALLPCCNRGHM,1
Q9DAV9-161,VVGWARGAGGAVVTACEQLLKGDWKPEGDEW,1
Q5U430-141,ANFVAYRCRTCGISPCMSLCAECFHQGDHTG,0
Q9D034-37,NGEAEQQRKSKEIDKCLSREKTYVKRLVKIL,1
Q8JMY4-338,CWWLQFRDTEPCSDYCLSHIINLLEDWGPCY,0
Q99LD8-285,AGLSSLCLVLSTRPHC***************,0
P38060-170,QAAQAASISVRGYVSCALGCPYEGKVSPAKV,1
P53395-279,VKTMSAALKIPHFGYCDEIDLTQLVKLREEL,1
Q7PC69-504,QQHRWHSGPMQLFRLCLPAVFKSKISTWKKA,0
Q6P1H4-19,YTMLRNGGVGNGGQTCMLRWSNRIRLTWLSF,1
A2APX8-351,CGNSSDAGQCPEGYMCVKAGRNPNYGYTSFD,0
Q9VER6-311,YSTKALCTHNGQQVECRKPFHPPGTEVKFVC,0
Q8CHR6-684,LSCPHGMGERGMGLACGQDPELVRNICRWVR,1
O08709-47,SWGILFSHPRDFTPVCTTELGRAAKLAPEFA,1
Q3T0N3-97,DLSMVRMKSMFAIGFCFTALMGMFNSIFDGR,0
P27540-269,RMCMGSRRSFICRMRCGSSSVDPVSVNRLSF,0
P0DMV9-603,EKDEFEHKRKELEQVCNPIISGLYQGAGGPG,1
O35927-898,AGMAYALRSLPEGAPCLPQWSVYIRAAVRKE,1
Q8L4H0-100,ANCGEKDFILSQDFFCTPDYITPDNQNLMSG,0
Q6NYX8-17,SGHGHGHGHGHGCCECEHEPAERGVEYELYR,0
Q8NCG7-310,IYRNPLTGLCRIGGDCCRSRTTDYDLVGGDQ,1
P97823-144,ALTTQQKLAGVTALSCWLPLRASFSQGPINS,1
Q9FVS2-178,MLVWFLESTPCGHNACLKCFLKWMGQGHRSC,0
P55956-97,FQVLFDTGSSNLWVPCANCPFGDIACRMHNR,0
P98999-97,NWWNPKFDSNNLEEACVERCFPQTQRRFRYA,0
Q59E83-63,SMKMLCILFYSILCVCCVYGNVLVILVIVYF,0
O60603-609,MCCALFLLILLTGVLCHRFHGLWYMKMMWAW,1
Q14126-840,FLDDLGLKFKTLAEVCLGQKIDINKEIEQRQ,1
P24270-232,SHTFKLVNADGEAVYCKFHYKTDQGIKNLPV,1
Q6ZWS4-108,LNVPLLFYHFWRYFHCPADSSELAYDPPVVM,1
P22270-559,PFFLMYVILPFCQTCCPTNKFKNFITWLGYI,0
J3KTM6-135,PMANGLAAAGSPVFLCALSPLGQLLQDRYGW,1
Q8JZP3-158,KTCCEFLESQLHPVNCLGIRAFADMHACTDL,0
Q9JKZ2-662,ETENRSRYWKFIDWFCGFKSKSLSKRSLRDL,1
P16070-676,ALILAVCIAVNSRRRCGQKKKLVINSGNGAV,1
Q9LZT5-80,IYKDGAGCGACFQVRCKNPKLCNSKGTIVMV,0
P55860-3,*************MLCCMRRTKQVEKNEDGD,0
Q96BI3-182,IILLHTFWGVVFFDACERRRYWALGLVVGSH,1
E9P860-1777,KCDTKKFCGHVCERLCHPNMEEEHLQRCLYN,0
O75376-662,WAAIAKMVGTKSEAQCKNFYFNYKRRHNLDN,1
P02786-363,NMEGDCPSDWKTDSTCRMVTSESKNVKLTVS,1
E1B328-1243,FPRGYYRCAYKFTHGCKATKQVQRSETDSNM,0
P02469-531,GALNNSCSEDSGQCSCLPHMIGRQCNEVESG,0
Q9EPQ7-58,SEEFPGNLYRGEGILCGTPEEVWDCIKPVAS,1
Q01628-105,VGDVTGAQAYASTAKCLNIWALILGILMTIL,1
P42892-435,VMYGTKKTCLPRWKFCVSDTENNLGFALGPM,1
Q9H3N1-207,GLLLGLCMIFVADCLCPSKRRRPQPYPYPSK,1
P34710-321,GRYTCDCKHNTAGTECEMCKPFHYDRPWGRA,0
P30875-328,AFLSDNFKKSFQNVLCLVKVSGTEDGERSDS,1
O76265-156,SFPGVPYSAQDFHPTCEITDWNDRFQVQQCE,0
P62317-46,VLTQSVKNNTQVLINCRNNKKLLGRVKAFDR,1
Q9U2Q9-8,********MNKQLLSCSLKSGKQVTMVVASV,0
P54833-106,ASHILMKMWTFGNFWCEFWTSIDVLCVTASI,0
Q9R049-371,FHNSCLRSWLEQDTSCPTCRMSLNIADGSRA,1
P02468-502,PKGCTPCFCFGHSSVCTNAVGYSVYDISSTF,0
P61922-2-205,SKEELETCMVNQSPGCPDYSILSFMGAFHGR,1
Q02202-187,FVFHSSGSQHFSNYYCWNTARWFYDNLPYNK,0
P49901-27,PAKGNQCCPPQQNQCCQSKGNQCCPPKQNQC,0
Q9SUA9-26,DNQVNGLKRPPPSRVCPRCDSDNTKFCFYNN,0
Q3TY56-52,LLKALTNLPHTDFTLCKCMIDQAHQEERPIR,1
A0A7H0DN37-535,YNMKDITYEKSNDIICVRFIPQDSIHNEERR,0
Q9VNH6-520,LPLMGYIKEIENFMKCKPGQPCSLHDFLDNY,0
P10276-174,RNDRNKKKKEVPKPECSESYTLTPEVGELIE,1
Q9DC50-578,YGFFYHIRDDRFVVACSSWRSCPETDAEKLV,1
O35454-120,FTQLKFGVVQTSVEECSQKGCLALSLLELLG,1
Q89721-72,EEQGMSISYTKYRYLCLMQKAMFIHFAKGCG,0
Q9ET30-426,GTILGRNLSGQPNFPCRVNAVPRPIPEKKWF,1
E5KGE0-228,CRLCQQQDEILNCSICGKTENVWACLVCGFV,0
P16581-268,VECFQNPGSFPWNTTCTFDCEEGFELMGAQS,0
Q0IMG5-8,********MSCCGGSCNCGSSCKCGSGCGNM,0
A2RT67-1032,TVHQHCFKVGSSKVNCMVMAEHNQVWVGSED,0
Q5DTZ0-1267,CVHVSGYCFYRDDELCAGFGLYILSPTSPPV,0
Q62167-317,GGAEIGQQIRDLERGCHLLVATPGRLVDMME,1
Q8R4H2-1128,VAQTVSEKTVWQDLICRMAASVKEQSTKPIP,0
Q3U9N9-126,TAWVGSLSMGMIFFCCPIVSVFTDMFGCRRT,0
Q9W266-37,PTPARTPTGCPADCTCSLSQHTHKPLYHLKC,0
Q75M35-793,SRTTLMIKNIPNKYNCKLLLAVIDENHRGTY,0
O00410-560,AVQKELRLLRGKTIECISLIGLAVGKEKFMQ,1
P46557-747,FKFMAQQNIVEGTAACCVEHAIREMRKCSYW,0
Q9DBL1-261,IGKRENKMGIRASSTCQLTFENVKVPETNIL,1
Q8QZR5-29,NGLKGKVLTLDTMNPCVRRVEYAVRGPIVQR,1
P08249-285,EGVVECSFVQSKETECTYFSTPLLLGKKGLE,1
P40142-386,SIAVGCATRDRTVPFCSTFAAFFTRAFDQIR,1
P35576-245,LGVDLLWTLEKAKRWCERPEWVHLDTTPFAS,1
Q99P72-444,RTPELVKDGSRAYITCDSFSSATESTAANIF,1
P58196-225,PPGVTIGFVAEHWNLCRASYSIQNEKKESMM,1
P51636-122,LSCLHIWILMPFVKTCLMVLPSVQTIWKSVT,1
Q99L47-208,LLGHWEEAAHDLALACKLDYDEDASAMLREV,1
Q16527-37,EVQCDGRSFHRCCFLCMVCRKNLDSTTVAIH,0
Q9DBM2-17,AEYLRLPHSLAMIRLCNPPVNAISPTVITEV,1
P15105-346,QEKKGYFEDRRPSANCDPYAVTEAIVRTCLL,1
Q9JHU9-485,PPGSPVVNALFRQRSCIENIFRACVGLPPQN,1
Q9WTW5-333,YSEITVTDEEVSNPSCLDLVRTPQMRKCTLI,1
Q63886-225,QRVKNVLLAVSENFMCRVVYSPYGSLATEIL,1
Q5IFP1-6,**********MAGWSCLVTGAGGFLGQRIVH,0
Q96DX4-208,SSHPAKHRNTSAVLGCLAEKLAGPASIGLLS,1
Q14654-166,VQNIVGLMINAIMLGCIFMKTAQAHRRAETL,1
P0C6U7-1179,DAMFFYGDVVSHICKCGESMVLIDVDVPFTA,0
Q9Y487-680,LGKPLFLLWLHNGRSCFGVNRSGYTLIRKDS,1
Q9ET01-496,QNKTNGITPRRWLLLCNPGLADLIAEKIGED,1
O88451-60,LARQLDRRGMRVLAACLTEKGAEQLRNKTSD,1
P0DTD1-5191,SVLYYQNNVFMSEAKCWTETDLTKGPHEFCS,0
Q2TAP0-141,ERGMRVIEISIYEDRCSSGSSSSGSSSGSGS,1
Q6U7R4-310,LFLAFLLRGKVTGANCLQRHKRPDNTEDSDS,1
Q00325-237,PLWMRQIPYTMMKFACFERTVEALYKFVVPK,1
Q02413-77,EDNSKRNPIAKIHSDCAANQQVTYRISGVGI,1
Q6GKX7-78,KPCLFFCNKCCNKCLCVPSGTYGHKEECPCY,0
Q923X4-61,TTTPVNQIQETISNNCVVIFSKTSCSYCSMA,1
Q2V2S1-37,GQKHIAPWIFEDKSICCKEHPSVGRCLPGID,0
Q61233-460,PPYPKLGGNMKKLENCNYAVDLGKNQAKFSL,1
P61514-57,CGKTKMKRRAVGIWHCGSCMKTVAGGAWTYN,1
Q92673-1085,TCVKQENTCLRNQYRCSNGNCINSIWWCDFD,0
Q12246-43,KHGQLRSGDSLSLLSCLSCLDDGTLSSDGGS,1
Q55FQ6-440,QCYETQIPGDICDCGCGIPENKCKVSWCTPE,0
Q9Y6N6-271,QSYYYAVSDFSVGGRCKCNGHASECGPDVAG,0
Q80XL6-215,STWLMKNLPDSDSEECLVHGDFKLDNIVFHP,1
A7J1T0-715,LEADSRIQPEREYEYCEQHPYNPSQGCTETS,0
Q8BFS6-268,GTYQNLDMVVSSAIGCQLGKDTHGLRVVAIT,1
P16045-43,AKSFVLNLGKDSNNLCLHFNPRFNAHGDANT,1
E9Q1S3-85,LNPLCQVDYRAKLWACNFCYQRNQRGPQMPL,1
P55072-415,ANETHGHVGADLAALCSEAALQAIRKKMDLI,1
Q9D517-217,YHLLPRTKGFTTAVQCLRGTVAAIYDVTLNF,1
Q8R0Y6-662,GFTGSTEVGKHIMKSCALSNVKKVSLELGGK,1
P51681-321,NYLLVFFQKHIAKRFCKCCSIFQQEAPERAS,1
O36430-483,TCKLLGINMSKKKSYCNETGMFEFTSMFYRD,0
Q16518-146,NALVNVYPVGEDYYACTETNFITKINPETLE,1
Q6IDS6-107,KSSNVYCIHPREYPICSFAAAGDCPRGNQCP,0
P62334-193,TGKTLLARAVASQLDCNFLKVVSSSIVDKYI,1
Q64326-253,HVLLMTFCPNNPYCVCYMSLFQVNGMLIMCN,0
Q8K2V6-586,VTECDTKMHVLHVLSCVIERVNVQIRPYVGC,0
Q9H0J9-169,EICQHYNKGDGPHGSCAFQKQCIKLHICQYF,0
Q7Z7M0-2070,LPCPTPCHLLPNCTSCLDSKGADGGWQHCVW,0
Q8SSY6-1240,FMQMEYISGGNLLDWCRNNNNDNENNKRRQP,0
Q28888-347,SNPVQYWEIQPSTFRCVYMRSAIQLGNYK**,0
Q99J23-378,CRLGDVVQVVGTYNQCPVVRFTCRLGQTLNV,1
Q69ZF8-62,CGHLLQDPIAPTNSTCQHYVCKTCKGKKMMM,0
P16331-265,SSRDFLGGLAFRVFHCTQYIRHGSKPMYTPE,1
Q3U4N7-54,KRCCSRCLQRFGPPACPDHEFTENCGLNDFG,0
Q99L04-28,TGASRGIGRGIALQLCKAGATVYITGRHLDT,1
P22092-581,IAIFIVYMVSRDNVSCSICL***********,0
P50247-79,IETLVALGAEVRWSSCNIFSTQDHAAAAIAK,1
Q9CQU5-222,EQEKLQRNQSYLQLLCSLQNKLVISEGKAED,1
Q5U458-241,KLFRNLTPRCFVTTNCALQFSSRGIRPGLTT,1
P06734-17,EEGQYSEIEELPRRRCCRRGTQIVLLGLVTA,1
P51158-218,QEPMSRTVNPPRSSMCAVQ************,0
Q8LKW0-1113,TKYIHSKLCHYMRPKCHPIFYDSNINSPGTI,0
P33450-4938,LTAEEIERLNGRPRTCSLISTLDAVSSSSEA,1
Q96NT5-21,SPPEKPRARPAAAVLCRGPVEPLVFLANFAL,1
P03994-252,NYGFWDKDKSRYDVFCFTSNFNGRFYYLIHP,0
Q5ZKB6-3,*************MVCEKCERKLGTVITPDT,0
P22726-341,FKSVQVERCHCRFHWCCFVRCKKCTEVVDQY,0
Q9Z0M6-182,NECISGQNHCHQSTHCINKLGGYSCICRQGW,0
Q9JJL3-503,RGDKKLMNIEFYDCSCVSGSGFQKGNHSARL,1
O09173-338,GVADKTFRPPYYHRNCMSEFMGLIKGHYEAK,1
Q9VB25-902,PTITEGQQSPLSNCSCDAEDEAEDTRKDDLS,0
Q54PB2-724,IATKANPKNPSERLPCGFGFIEFSSKQGAYE,0
O88871-264,IILGQFDQNMAAKVFCCAFEESMFGSKYQWI,0
P34576-1726,ECTNPRLNQCDRNAHCIDTIEGYSCICKPGF,0
P18581-454,YDQPKYTPEKETLESCTNATLKSESQVTMLQ,1
Q64374-218,PDGMCIDAEGKLWVACYNGGRVIRLDPETGK,1
P46531-1030,GSYCQHDVNECDSQPCLHGGTCQDGCGSYRC,0
Q9R207-269,EDDEEEQSFFSAPGTCVVDVGITNTQLIISH,1
Q92692-183,AQKVTFSQDPTTVALCISKEGRPPARISWLS,1
Q6XTC2-13,***MDSNTVSSFQVDCFLWHVRKQVVDQELG,0
Q18823-835,DGYFGNPKDGTECVECACSGNTDPNSIGNCD,0
P63038-442,ATRAAVEEGIVLGGGCALLRCIPALDSLKPA,1
Q4KUS1-207,QMRMECPASCKNDMDCPEKEKCCESRCGFIC,0
Q680I0-275,NQGVLVGESWEDRQECRQWGVHFPHVAGIAG,0
Q9Z0E0-113,CPDHVLRALGVALLACFCSDPELASHPQVLN,1
Q0VGT4-1144,KGRLFYTCDKSKDNQCKFFKWLEEVTPGQLP,0
P27701-83,LMGFLGCIGAVNEVRCLLGLYFAFLLLILIA,1
Q9D8T2-192,HSQEGSGQFTLPGALCLKGEGKGHQSRKKMV,1
Q8VI47-1344,GVVGRTGAGKSSLTNCLFRILESAGGQIIID,1
F6YLI0-37,SIHLWDLLEGKEKPVCGTTYKALKEIVERVF,1
P52825-489,AFLRQYGQTVATYESCSTAAFKHGRTETIRP,1
Q61176-168,KGKFPDVPGFSWVTPCISAKDIVYIGLRDVD,1
P04114-1662,IGQDGISTSATTNLKCSLLVLENELNAELGL,1
P09411-316,ATVASGIPAGWMGLDCGTESSKKYAEAVGRA,1
Q91VI7-194,EPGVRILCQGLKDSACQLESLKLENCGITAA,1
Q8BGD9-543,NKVDVVGATQGQAGSCSRGPGDGGSRDHWKD,1
Q91WJ2-88,LRISIPLDSNLRPEKCRRFVQPQWHLLQFNG,1
Q6H7M1-150,GDYTDFFCSVHHARNCGFIFRGPQTPVNPNW,0
G3X973-2321,ACQCRAGFVGDGISTCNGKLLDVLAATANFS,1
P30260-571,SKDLTDMDKNSPEAWCAAGNCFSLQREHDIA,0
Q5JMF3-494,KNPSGCLIEEQNNGRCKMTWVEHTRCRRCTV,0
Q9JHU6-22,AYKEKMKELSVLSLICSCFYSQPHPNTIYQY,1
Q15366-158,ERAITIAGIPQSIIECVKQICVVMLETLSQS,1
P31230-159,DSKPIDASRLDLRIGCIVTAKKHPDADSLYV,1
Q8BGE7-469,LPIYTFSKYYFPSALCPYFNPCSCIVPMTLR,0
Q23541-1444,WVMCEAGCKNWFHVICLGFTLREINDMHEYR,0
D3Z5L9-114,YCDYSGDTPRYETGVCAYLVAVGCEFNRVYY,0
Q08857-272,FVEKSRTLRFFSSDICRSIYAVFGSEIDLKG,1
Q13639-124,FHLCCISLDRYYAICCQPLVYRNKMTPLRIA,0
Q8CI71-218,CLECQKAASTFKHYSCISELNSKLQDTLEQI,1
A8MU10-48,PPGGARGHIYCCTRLCHQRAASAHRSLLLPR,1
Q7KZF4-736,HPPVEGSYAPRRGEFCIAKFVDGEWYRARVE,1
P83972-139,STWHYCSGWLPSIDDCF**************,0
Q8IYC8-474,AYVMAAICALFMLPLCLMVCQWRCLRCLRQQ,1
Q8LST2-218,DENYNELADIYSFGMCMLEMVTFEYPYCECR,0
P0C6Y0-2270,IYTTEVASKLTFKLCCLAFKNALQTFNWSVV,0
Q9Z2V4-198,ALGDGEFIKCLHSVGCPLPLKKPLVNNWACN,1
Q9JII5-124,SSKSNKIFVGGIPHNCGETELREYFKKFGVV,1
Q9CZ13-268,VSRVYEEDAVPGLTPCRFTGSEIRHRDDALP,1
P26006-94,AVPDGYTNRTGAVYLCPLTAHKDDCERMNIT,1
P07228-538,RENSTEICSNNGECICGQCVCKKRENTNEVY,0
Q9Y233-802,RVPYHNWKHAVTVAHCMYAILQNNHTLFTDL,0
A0A0K0K1C0-111,LKIQPAELGDSAMYLCASSL***********,0
O35488-146,MACLNYNIRAKSLLHCFQCCGAKVLLASPDL,1
P34374-1170,NLVMVWITQDKASENCYDESECSMEISNQVP,0
B7ZNY8-18,PVKKKKTEEPELEPLCCCEYIDRNGEKNHVA,1
Q18610-307,RQATLATKVDKIKIPCVTLNSVDDYFSPVEC,0
Q04523-99,MLILNPTQSDSGIYICITKNETYCDMMSLNL,0
O83610-368,EVMACDTRARMCARTCIAQRWRER*******,0
P47791-112,HSEFMHDHVDYGFQSCEGKFSWHVIKQKRDA,0
Q8K4G1-1095,GYQPTPGGGCQDVDECRNRSFCGAHAMCQNL,0
P34927-138,LLHVKQLVSDVRSLSCQMAAFRGNGSERTCC,1
P25391-301,KKLQCQCEHNTCGESCNRCCPGYHQQPWRPG,0
Q14108-458,MALGVFFGLVFTWLACKGQGSMDEGTADERA,1
Q921I1-260,LCLDNTRKPVDQYEDCYLARIPSHAVVARKN,1
Q8VC74-130,EIKDIAKRLNQEVAVCARQFGWSKRVARLTY,1
Q5PT54-363,FGYSLAKVYLLPLPVCKTVALETGMLNSFLA,1
Q1RPR6-702,DNEGKTIIHSISEKDCPKPPNSPMIMLGVSL,0
P03140-395,YNILSPFLPLLPIFFCLWVYI**********,0
Q00576-153,RYATREADIMEYAVNCHVITWERIVSHFDIF,0
Q9SIY8-580,GVLQTIEQPPHDLPVC***************,0
Q5F2F2-169,IPNAWGRLTRNVLGLCLLALERGYYPVIFHR,1
Q9WV31-94,VPTGDSQRWKKSIKACLCRCQETIANLERWV,1
P01131-370,EDIDECQNPDTCSQLCVNLEGSYKCECEEGF,0
Q9R0M4-340,LCHSVKASFKPAEDLCTLHVAPILDNQAVAV,1
Q3USB7-1060,AKNEAVENIKQIQLACLSCGLSKGPGGGSEA,1
Q9CXF0-245,LFNIPAITKAGHAKGCFVGFDLAHAVGNVEL,1
Q8BSE0-106,EEIRFLKETIPKLEECIQDEFGGKVTVHKIS,1
P0CA89-7,*********MKTFITCTSVKNYFRQHLKTNQ,0
P09955-173,KVGKPGPNKPAIFMDCGFHAREWISHAFCQW,0
Q680N1-50,IRNELSGRYRKLVYKCWSRDNDFGWRQNWPG,0
P0C6U7-121,TTPLGMSLEACYVRGCNPKGWTMGLFRRRSV,0
O14099-200,MICSKVQPAAQYCKYCKNCMGRYYCNKCKLW,0
P15105-269,TNFSTKAMREENGLKCIEEAIDKLSKRHQYH,1
O55438-140,INFGSQLMNWSVMANCSYTINTGAYHRFIDM,0
P47944-16,MDPRECVCMSGGICMCGDNCKCTTCNCKTYW,0
Q08CA1-342,LPQEETAQLKEHLMKCL**************,0
Q9UQD0-339,CGNSSDAGQCPEGYQCMKAGRNPNYGYTSFD,0
Q9DBA8-19,SHRLLLENAQQVVLVCARGERFLTGSALRSL,1
Q4V3D2-388,VYPHDYLFSLREDMYCFGWQSGGMTTQDGAD,0
Q6PIE5-457,KRDTAGDASESALLKCIELSCGSVRKMRDRN,1
Q9WVB4-725,TCDGNEESSCQLSPRCPEQCTCVETVVRCSN,0
Q6P2Q9-2216,ADNPSWDGEKTIIITCSFTPGSCTLTAYKLT,1
F6RSH1-148,VQMKDFRFSYKFKMACKEDVLKLCPNIKKKV,1
Q9SA25-266,RVLCKGNTFFEDSYQCSCHNGYEGNPYIPGG,0
P49429-72,VVSHVIKQGKIVFVLCSALNPWNKEMGDHLV,1
Q10412-57,VYQRYPEFLEDWTNVCVHIIHSYFPKDADYW,0
O83424-60,ARYRRRMSDLLPFCFCA**************,0
Q6ZWZ6-69,SNCDEPMYVKLVEALCAEHQINLIKVDDNKK,1
Q3TC72-214,RNGKQWLLGKTFDTFCPLGPALVTKDTIADP,1
Q8JZR0-185,AIIFVINRADIPVVICDTPQKATMLVENVEK,1
Q60991-361,SLVCLESTILEVLRLCSYSSIIREVQEDMNL,1
P46013-1251,HTEELVAAGKTTKIPCDSPQSDPVDTPTSTK,1
O43829-145,VSSPDENNGQSKSKYCLKINRPIGDAADTQD,1
Q9BXN1-79,SHFFPFDLFPMCPFGCQCYSRVVHCSDLGLT,0
O08688-512,ELRLDEPPRTCWSSLCGYPQQVAQVHVLGAA,1
P15974-3,*************MLCIYVCGVCLCVCFSVC,0
Q07954-154,FQLQADGKTCKDFDECSVYGTCSQLCTNTDG,0
P55072-535,PGCGKTLLAKAIANECQANFISIKGPELLTM,1
Q9CRC0-51,DENYRALCDVGTAISCSRVFSSRWGRGFGLV,1
O42184-1417,TYHGSRREERPYCDTCEMFGHWTADCNDDET,0
Q8C2K5-5,***********MKPECGQTMFRTFWSRSRDS,0
Q8BTZ7-149,LVTKVEEPSKYGVVVCEADTGRIHRFVEKPQ,1
Q9IBG7-873,DRQTFQPPGHGPCLKCFCTIGNVRCVEETCP,0
M9NDE3-2677,YPDKVWIQDYNHIDRCTSFVFGEIEIEDCNK,0
O49782-6,**********MVRTPCCKAELGLKKGAWTPE,0
Q8BFZ2-182,TDCRAHQQFINNGNICTGDLEVIEKARRSFP,1
O15344-195,DEKVNMYCVTDDQLICALCKLVGRHRDHQVA,1
Q91WC9-610,IIHLEEEGGSGRFGCCSAAQYRARWAHEAEF,1
P20662-724,HMKTHSSRKVYQCEYCEYSTKDASGFKRHVI,0
Q3TIR3-122,QSPDMDVLLESLKCLCNLVLSSPTAQMLAAE,1
A6H8T7-128,CPFQGVRWPIECDVICDKIQHIEWDPSEPET,0
Q6NXZ1-576,SRSLHQDSPQTCTSTCHQVTTRPGTWQWPQE,0
A6N6J5-226,HWYHGTEGYVEPDCPCLAICFDNGRCQIMRH,0
Q9WUB3-581,VQVKRIHEYKRQLLNCLHIITLYNRIKREPN,1
Q27874-63,YTCSACIQYHESCAWCGAPMFDEKKPYARCD,0
Q9QXF8-186,LVIDHRNYDYILSTGCAPPGKNIYYKSDLTK,1
Q9CQ92-41,AAGSVSKSTQFEYAWCLVRSKYNEDIRRGIV,1
P11940-339,KVMMEGGRSKGFGFVCFSSPEEATKAVTEMN,1
P50211-110,ARAKVYHIECFRCVACSRQLIPGDEFALRED,0
A6ZZS6-110,EMYYICDDYAIDIGICEEENRDEFIVQDVVY,0
G5EC36-147,MRAGPQNVFHLNCFACVACEKRLQTGEEFQI,0
Q91X83-57,VLDAHLKQDPNAKVACETVCKTGMVLLCGEI,1
P28473-414,EFEDTCVYECLDGKDCQSFFCCYEECKSGSW,0
Q8VI56-129,EFPCQNGYCIRSLWHCDGDNDCGDNSDEQCD,0
B9U3F2-855,LKQTSPRKWMMTTLSCDSKRGWKFDFSFYVA,0
Q925Q3-123,LYLFLILGVTAAKFFCPNLSAISTNLKLSHN,1
Q791V5-79,IDGRRGLFTGLTPRLCSGVLGTVVHGKVLQY,1
Q5IS56-482,KDESKQEPEVIYETNCHWEGCAREFDTQEQL,0
P54868-389,LSTHNGNMYTSSLYGCLASLLSHHSAQELAG,1
P53396-20,AISEQTGKELLYKFICTTSAIQNRFKYARVT,1
Q80WT2-48,RNHGVLSWLKGHKRYCRFKDCTCEKCILIIE,0
G5EBL3-1844,DNQMSTTDYQMPKNICRNSEIFPEDAFAKAY,0
Q5SML4-29,CCYFWILFPLAVIATCMTITVVTFCSSTMYM,0
P04863-637,KPRLHVNAPFVCQNNCPGQLFVKLAPNLTNE,0
Q6Q2J0-321,CMMYYKEAFWKKKNYCGCMIIEDEEAPISIT,0
Q9EQH2-182,AATQFEPTAARMAFPCFDEPALKASFSIKIK,1
Q922B1-302,EWLEQHKDKVDRLIICVFLEKDEGIYRERLP,1
P11716-3193,TKNTYVEKLRPALGECLARLAAAMPVAFLEP,1
P02751-545,TFHKRHEEGHMLNCTCFGQGRGRWKCDPVDQ,0
Q9D0I9-369,FVQVDDGRKIVFVPGCSVPLTIVKSDGGYTY,1
Q75JQ3-393,SMPYSADCGHLFCYYCIKTSCMIDSSFTCPR,0
P10041-538,GKDCSVDIDECSSGPCHNGGTCMNRVNSFEC,0
P30280-66,QPYMRRMVATWMLEVCEEQKCEEEVFPLAMN,0
Q91XD4-438,IKLPKNTPEERDRRACALQEGLRQAVAVPLK,1
Q01279-362,DTLSINATNIKHFKYCTAISGDLHILPVAFK,1
Q9CZP7-124,EWRQKEEALVQRERMCLWNMDAISKDVFNKS,0
Q55AV3-2319,THYSSSGSVMFFLMRCEPFTSHFIKLQSGHF,0
P00533-797,LTSTVQLITQLMPFGCLLDYVREHKDNIGSQ,1
Q9QJ59-42,VCIFLCVFFCVYFFVCVFFCVCFFVCVFFVC,0
Q91X44-562,SITEAKERLAAASSVCEVVRSALSGPGQKRS,1
A8MTY7-76,CCQPTCVTSCCQPSCCSTPCCQPICCGSSCC,0
Q8BLN5-472,CTAEGLKAVLLLQNQCPSITEHIPRERLCDA,1
Q91WS4-208,AVKLARAGADIIGVNCRFGPWTSLQTMKLMK,1
Q8B0H0-1291,AQITTTVARDGWTTSCTDHYHITCKSCLRPI,0
Q8CJ12-209,MMVTFQTVQIRPMEQCCCSPRTPCPSSPEEL,0
Q09M05-652,SGMRAAVPYHFNIINCEKPNSQFNYGMQPTL,0
Q16518-106,RAMTEKRIVITEFGTCAFPDPCKNIFSRFFS,1
Q1LZ53-520,FIGGMCQNCKNCFLECAYQYDDDGYQSYCTI,0
Q05421-268,HLKSLDINCPRDVTDCLLIEMEKEKHSQEPM,1
Q9W4C5-516,IEFMCNRRVSLYWRVCWSFFTPVMMIIIFIY,0
Q5U5I3-139,RAGLLPNHRPQLPEGCLPKDKPKLNRYLTRW,1
Q96MH7-304,RGKVVSVLPRALSLSCPVPHLHRWNFCDSLL,1
F4JN26-696,ANNIKFDHEVIPEMDCCETGTDSFTAIQNCT,0
O95744-257,IKKKRACFPFAFCRDCQFLEGSPAMLPVQPA,0
Q9NUC0-150,LMKRIHGEIIMQNNWCFPACSFNGTSAQEWF,0
Q1W668-463,WLDKVLTQMGSPSVRCSSMS***********,0
P10126-234,KDGSASGTTLLEALDCILPPTRPTDKPLRLP,1
Q60751-303,AESSDSDGFVIHDDECMQECPSGFIRNSTQS,0
P03473-193,WSSSSCHDGKAWLHVCITGDDKNATASFIYD,0
P46530-174,SHYICTCPPNFHGQTCRQDVNECAVSPSPCR,0
Q9UHC7-236,ECRYGENCVYLHGDSCDMCGLQVLHPMDAAQ,0
P30050-141,SGTIKEILGTAQSVGCNVDGRHPHDIIDDIN,1
Q3UUV5-301,RRRVDYADYYQGLWDCHGDQPDELSFQRGDL,0
Q06639-31,QCRKRKIGCDRVKPICGNCMKHNKMDCFYPD,0
J3QNX5-82,QWDPPFNCSSGVYSFCCGTCGYRFCCHDGPR,0
P42224-492,LVAEPRNLSFFLTPPCARWAQLSEVLSWQFS,1
D3Z519-458,DLKFQCIVFLNIPRYCAGTMPWGNPGDHHDF,1
Q9Z2V4-307,NLAMMNPSLPGWKVECVGDDIAWMKFDAQGN,1
P03072-306,GMYLDFQENPQQCKKCEKKDQPNHFNHHEKH,0
P87724-129,HRFINNTRQHKCRNECMTQWYNHLLMPITLQ,0
D3YX25-51,CESGEGCCQAKPGEKCASLITLKDGKIQFGN,1
Q9HCK1-661,INLLKEKNADLMDMNCESHGPEMGFQADAQL,0
Q921I1-655,FKSTTKDLLFRDDTKCFVKLPEGTTPEKYLG,1
Q9QXD6-39,KAQGTGELTQLLNSLCTAIKAISSAVRQAGI,1
Q80WJ7-75,GLLLLFLLGYGWAAACAGARKKRRSPPRKRE,1
Q9UNQ2-259,SSAVQQLLEKNYRIHCSVHNIIIPEDFSIAD,0
O88448-374,PDDPNVAKTKNNLASCYLKQGKYQDAETLYK,1
Q9Z0J1-682,EFGPCISKNPCNPNLCPKSQRCVPKPQVCLT,0
Q571F8-199,PHLAKSNPDLWGVSLCTVDGQRHSVGHTKIP,1
P28665-251,PNAMSVNDEVLSVTACGKYTYGKPVPGHVKI,1
D4A2Z2-60,RDLCTRDRDCQKREKCCIFSCGKKCLNPQQD,0
P36888-563,IGVCLLFIVVLTLLICHKYKKQFRYESQLQM,1
O15551-106,AFGLLVALVGAQCTNCVQDDTAKAKITIVAG,1
P15121-200,IECHPYLTQEKLIQYCQSKGIVVTAYSPLGS,1
Q9FN79-312,FTAMMCWYEHIGRGVCLVFCRHHRTWERIIK,0
Q86XK2-370,AQHHNAHHCLEITVNCSPIIDHCIIRSTCTV,0
P27046-1092,KGFDCQFSSRGIGLPCSTTQGKMSVLKLFNK,1
F4JY84-209,CECYQANILCSENCRCQDCKNFEGSEERKAL,0
P48231-244,KTFQNTKSDVVVMDVCLSFTPHDMSDLDAKQ,0
Q86VU5-35,ALGAAFATGLFLGRRCPPWRGRREQCLLPPE,1
P22888-644,TFQRDFFLLLSKFGCCKRRAELYRRKDFSAY,1
P55268-1092,DRCAPNFWNLTSGHGCQPCACHPSRARGPTC,0
Q7TSK7-949,IKVNLCGHWYYSKACCRSCRPPHS*******,0
P46978-637,GEFRVDREGSPVLLNCLMYKMCYYRFGQVYT,1
Q99L04-130,IWDDINNVGLRGHYLCSVYGARLMVPAGKGL,1
Q61765-172,SDINGLRRILDELTLCKSDLEAQVESLKEEL,1
Q9S9K4-148,GCDDDFCSFISQSDSCQPALGCSYHIVYADE,0
P20918-502,KDYRGKTAVTAAGTPCQGWAAQEPHRHSIFT,1
Q96NZ8-114,PQQGSDCDIWDGQPVCRCRDRCEKEPSFTCA,0
P05023-518,HLLVMKGAPERILDRCSSILLHGKEQPLDEE,1
Q06432-57,HNTTCEAAHFGLWRICTKRIPMDDSKTCGPI,0
Q99KG5-113,AQLAAGNPGYNPYVECQDSVRTVRVVATKQG,1
Q9US53-466,ITCPWLYVGMCFSTFCWHVEDNYTYSVNYQH,0
E1C656-496,TANRLSAVIQAFYMCCSCQMPQGMTSPRFIE,0
Q9DCC4-129,LPPNTRVLRVSPNLPCVVQEGAMVMARGHHA,1
Q6ZMY6-279,TLLTITKAHSNAISNCCFTFSGHFLCTSSWD,0
P31356-337,FREAISQTFPWVLTCCQFDDKETEDDKDAET,1
O00755-332,QYARVWQCNCKFHWCCYVKCNTCSERTEMYT,0
Q9GLP0-555,KRDNTNEIYSGKFCECDNFNCDRSNGLICGG,0
Q6NQ51-483,PKEEDYFYANPQECLCEGTNCHDLFGHRNLT,0
P08647-216,AVNNSKTEDEVSTKCCVIC************,0
Q61586-598,EAIIACSIYAVLNKRCSGGSAGGLGNLISQE,1
Q921Q7-648,LAVPPGSSIATLSQLCATKFRVTQPDAFGLF,1
Q9UBS8-433,NKMTCTGCMQYFCWICMGSLSRANPYKHFND,0
P14824-96,KFERLIVNLMRPLAYCDAKEIKDAISGVGTD,1
P25445-199,IPLIVWVKRKEVQKTCRKHRKENQGSHESPT,1
Q8N6M9-25,CSEKTCKQLDFLPVKCDACKQDFCKDHFPYA,0
P17917-148,FSCVVRMPAMEFARICRDLAQFSESVVICCT,0
Q9WTP6-42,GKGTQAPKLAENFCVCHLATGDMLRAMVASG,1
O14116-624,GFSDVQKINEMRSRCCFELVRLGELMPNPLM,0
P82763-56,NTCTSYYDDHKCNVDCLSSGYPAGECYTVSP,0
Q93084-525,SKMFVKGAPESVIERCSSVRVGSRTAPLTPT,1
P52441-289,TSVISLPVMCYCKTKCSRFILEESYICVICA,0
O42872-27,LRNDGRRWDEMRNFQCRIGIEPSENGSAFIE,0
Q9Z110-88,IVVKLGSAVVTRGDECGLALGRLASIVEQVS,1
O08601-397,KSDSSIILQERFLYACGFATHPDEELLRALL,1
Q6AXX9-31,VKPYYWLSVSLNCTNCPYHIRTGEEARVPYT,0
P68827-409,CPLGWYGPGCQSPCKCEHQCPCDPQTGNCSV,0
P22723-431,LDGKDCASFFCCFEDCRTGAWRHGRIHIRIA,0
P07724-461,TLVEAARNLGRVGTKCCTLPEDQRLPCVEDY,1
Q8IWT3-2265,LHMTCAKCNHGFCWRCLKSWKPNHKDYYNCS,0
P08100-323,MMNKQFRNCMLTTICCGKNPLGDDEASATVS,1
P0C6U0-891,FYELDKDFNTILNTACGVFEVDDTVDMEEFY,0
Q9GSB0-318,TSCTYAPDATITCDDCHNAWIVIILYMTINI,0
P10833-70,VSDYDPTIEDSYTKICTVDGIPARLDILDTA,1
A8C756-1910,RIQEERTLAVLRLLACLEGKEGLRAEDCPRE,1
P20909-1755,MSYENNPHIKALYDGCASRKGYEKTVIEINT,0
Q8K3X3-309,KTIVWEGKNENEVGRCKETGKIHVTVDLKYY,0
Q9Y219-223,NKFCRPRNDFFGHYTCDQYGNKACMDGWMGK,0
P30214-773,NNPIIRNRIEQLILQCKL*************,0
O75170-762,EEKGWAKFTDFQPFCCSESGPRCSSPVDTEC,0
P11716-2565,LNRYLCLAVLPLITKCAPLFAGTEHRAIMVD,1
P08752-140,SGVIRRLWADHGVQACFGRSREYQLNDSAAY,1
P49011-182,SCYSKRSCSVPEGMVCKAAKSMHLTILRWRC,0
Q8BIV7-516,GSSEQSEQPLSLRHLCSTIYNMPKALRNLCV,1
Q9EPX2-75,DGGTSCVGPARSHRTCHTESCPDGVRDFRAE,0
O75592-4610,LEYKCRYCCSVAVFFCFGTTHFCNACHDDFQ,0
O83325-415,VQHAHLLPPSPPHISCEHARDCTHPAPAAEG,0
Q9LVJ3-538,AEFGFAAHWRYKEGGCKYSSFVLQMVEWARW,0
A2ARV4-3795,CDQENDCGDNSDERDCEMKTCHPEHFQCTSG,0
Q8VCB3-575,PDDSCNQLTQFLYGFCKQSRRQRIIQRNRTE,1
P18572-203,TKYIVDADDRSGEYSCIFLPEPVGRSEINVE,1
P29279-120,FGGTVYRSGESFQSSCKYQCTCLDGAVGCMP,0
E9Q6G4-1229,GLAPNAAQVQGWTLTCQQLRALLHKRFLLAR,1
P16331-237,DNIPQLEDVSQFLQTCTGFRLRPVAGLLSSR,1
Q12465-509,YTINMYTPGCLQDNTCSARGIVNVTMWNQQN,0
Q3SY46-70,GCQETCWRPNSCQTLCVESSPCHTSCYYPRT,0
Q9D1X9-89,AVSNAQVRGDSYESGCLGRTGARVWLFIGFM,1
P17427-282,CYPPPDPAVRGRLTECLETILNKAQEPPKSK,1
O15400-239,LSRAADYQRKSRKTLCIIILILVIGVAIISL,1
Q9H3Z4-119,WWAKALFVFCGLLTCCYCCCCLCCCFNCCCG,1
Q9D6G9-92,CATQYYQRFDRLNWPCLDFLRCLSAIVIFLV,1
Q05895-432,TCHSPAHSPCHIHAHCLFERNGAVSCQCNVG,0
O23237-326,NISPLTGSSGEIRKNCRKINS**********,0
Q8BG39-102,DEEELAHQYETIIDECGHGRFQWTLFFVLGL,1
P19253-38,VAKQVLLGRKVVVVRCEGINISGNFYRNKLK,1
P80314-412,LAQTVKDPRTVYGGGCSEMLMAHAVTQLANR,1
Q6AYE8-222,STWRTVDHLSATACGCLG*************,0
Q6DPK1-261,SVELDAPNYHYEECSCYPDAGEITCVCRDNW,0
Q9BQ08-95,YGCGSWDVQLETTCHCQCSVVDWTTARCCHL,0
Q91YQ5-546,IAVLQSRLKTEGSDLCDRVSEMQKLDAQVKE,1
Q924H0-350,FNENFRNGFQDAFQICQKKAKPQEAYSLRAK,1
P70697-59,PEFRETRAAQDFFSTCRSPEACCELTLQPLR,1
P08768-894,FTGVYPFMWGGAYCFCDTENTQMSEAYVERS,0
Q9LJD7-111,PFKPPKLVFKTRIYHCNVDTAGDLSVNILRD,0
Q9QW30-115,DCQYSTSHPCFVSRPCQNGGTCHMLSWDTYE,0
Q9DCM0-80,IKELGLKLLYAVNTHCHADHITGTGVLRSLL,1
Q8TF66-39,GCPSECTCSRASQVECTGARIVAVPTPLPWN,1
B4I9X1-122,KANDPLLDPTKNIAKCRICNGEHWSVNCPYK,0
P54834-244,ENFTIPYWDWRDAKSCDICTDEYMGGRNPAN,0
O75093-1453,KGAHCVCDPGFSGELCEQESECRGDPVRDFH,0
Q9QXE0-556,LQHSLRQALQDTSKPCLLNIMIEPQSTRKAQ,1
P21783-1452,NITPPDNDDICENEQCSELADNKVCNANCNN,0
H3BLL4-76,VECLNYQHYKGSDFDCELRLLIHQSLAGGII,1
P04731-34,CKCKECKCTSCKKSCCSCCPMSCAKCAQGCI,0
Q9DCS1-41,HIHQESALAKLLLAGCSLLRIPASASTQSQG,1
P21333-1260,SKLQVEPAVDTSGVQCYGPGIEGQGVFREAT,1
P31648-164,YYLYNSFTTTLPWKQCDNPWNTDRCFSNYSL,1
Q15562-348,YESLEHMTLTCSSKVCSFGKQVVEKVETERA,1
P21783-562,NSYTCQCTEGFTGRHCEQDINECIPDPCHYG,0
Q9IBG7-1707,SDHCMSCMCVDGVTTCSKLQCITSCTNQITI,0
Q9HAK2-160,KNPEMCRVLLTHEVMCSRCCEKKSCGNRNET,1
Q10567-95,QPDMAIMAVNTFVKDCEDPNPLIRALAVRTM,1
Q8BG51-535,CARIFKQHFMDSRIPCLIVAAKSDLHEVKQE,1
Q9EQT3-206,AKLCAEEVKAVSYIECSALTQKNLKEVFDAA,1
Q54C32-381,DDRDYCTTDTCQDGICIHTPIPKCVNCAGTG,0
A0A131MBU3-100,CNKPGYTGETCQYPLCSARNPYIPNNDGFDD,0
Q9JL56-127,HDNTVDRTTDGSGRLCDLTFEQVRKLNPAAN,1
P08588-414,RRRHATHGDRPRASGCLARPGPPPSPGAASD,1
Q91ZX7-2518,NCSCRGGRILQEDFTCRAVNSSCRAQDEFEC,1
Q8C963-309,ENLLNIQKMQKTQVKCRKVLTKMKQQAYDSW,0
P19438-248,MYRYQRWKSKLYSIVCGKSTPEKEGELEGTT,1
Q03555-4-284,ESPRAQATSRLSTASCPTPKQIRRPDESKGV,1
Q6WQJ1-318,YGWPMYLMRKPTCGLCQLARSCSCCLCPARP,1
P31040-266,NTVVATGGYGRTYFSCTSAHTSTGDGTAMIT,1
Q32Q12-134,TNPADSKPGTIRGDFCIQVGRTMANLERTFI,1
Q9UKC9-114,FAQNCRNIEHLNLNGCTKITDSTCYSLSRFC,0
Q9DC69-86,NHLGRMGSQVIIPYRCDVYDIMHLRLMGDLG,1
Q9BYF1-498,EIVGVVEPVPHDETYCDPASLFHVSNDYSFI,1
P28907-16,MANCEFSPVSGDKPCCRLSRRAQLCLGVSIL,1
P0CA94-141,YGGTGNISDLYQNFNCNSVINTFLINVMNHP,0
Q21874-752,NMDTNRFMTHYGQVCCYDESGYLMQTPYQPV,0
P93823-161,KLRIIPNCCHVFHIDCIDIWLQGNANCPLCR,0
P90884-3,*************MKCSYTVVFLLFYLLIAS,0
P16109-807,LALLRKRFRQKDDGKCPLNPHSHLGTYGVFT,1
P11859-340,VPLGERATLLLIQPHCTSDLDRVEALIFRND,1
O35215-57,IRPGMTLLMNKSTEPCAHLLVSSIGVVGTAE,1
P97888-185,NGHTYHINSISVNSDCETYMSADDLRINLWH,0
Q9QWR8-353,LVFFSRRTDMPFRFHCSLLELNYPKGRVYEG,1
P06733-337,VTNPKRIAKAVNEKSCNCLLLKVNQIGSVTE,1
O54814-299,DLAMQVTEVITHTHCCINPIIYAFVGERFRK,0
Q8BG51-229,DGTLNDAELNFFQRICFNTPLAPQALEDVKN,1
Q6P9S7-365,SFKVWMCGGRMEDIPCSRVGHIYRKYVPYKV,1
B7ECS8-225,FCSKAYASGTYAPGRCSPWEMGKCSVGDSGR,0
Q6IY73-50,CRFCISINTTWCSGYCYTRDLVYKDPARPNI,0
P31939-241,LPITVLNGAPGFINLCDALNAWQLVKELKEA,1
P70441-201,SGLRAQDRIVEVNGVCMEGKQHGDVVSAIKG,1
O08858-319,GFLSDNFRQSFRKALCLRRGYGVEDADAIEP,1
P35070-141,AVMVVFIILVIGVCTCCHPLRKRRKRKKKEE,1
A1A519-234,DWLVTMENGFRCMACCRVFTTMEALQEHVQF,0
Q9ES58-319,TEAHPASQGKVNGTDCLTLSAMGI*******,0
Q8N4C6-807,HQRELQEGREKMETECNRRTSQIEAQFQSDC,0
Q2KJ63-137,RGVNFNASKVRSAKECQERCTNNIHCQFFTY,0
P82630-79,NCKCTPLPHNRRQCDCFVVCDSN********,0
Q08460-5-53,FIILLWRTLKYLWTVCCHCGGKTKEAQKINN,1
Q6ZW61-318,NCTKPFMFDISRIFTCCLPGLPETSSCVCPG,0
F6U329-1170,PDACFTEGCVQRFKCCQVNIEEGLGKSWWIL,1
O80995-65,CKNQCINLEGAKHGSCNYVFPAHKCICYFPC,0
Q8NH54-117,FLQMYIMNCFLAMESCTFMVMAYDRYVAICH,0
P05064-178,AIMENANVLARYASICQQNGIVPIVEPEILP,1
Q8VHL5-51,MNRVNSIRVESGAWVCFDHPDFRGQQFILEH,0
F1PBJ0-225,MKGVMRTKVDDCQFVCIAQQDYCRILNQVEK,0
Q8R480-470,RICEQRQMTEQVKSICKILAMKAVRNNRLGS,0
Q96N67-655,LTDHHHLLFTFYHVSCQQKQNTPLETPVGYT,0
P98167-2021,QDWVLVEGVGESCCHCVPPGENQTVHPMATP,0
P35700-71,IIAFSDRADEFKKLNCQVIGASVDSHFCHLA,1
Q96PY5-227,SRLVSKKDDVHVCIMCLRAIMNYQYGFNMVM,0
Q9Y3S2-114,AICDFCEAWVCHGRKCLSTHACACPLTDAEC,1
O35488-427,GYCIKVPKGEVGLLVCKITQLTPFIGYAGGK,1
P49429-37,VTFWVGNAKQAASFYCNKMGFEPLAYRGLET,1
P24270-425,SAPEQQRSALEHSVQCAVDVKRFNSANEDNV,1
P70174-446,PYFIFFMVIAFCNSCCSEPVHMFTIWLGYIN,0
Q336N8-9,*******MQQVEGRNCLPAEVRIGLETLKRR,0
Q9Y5Q5-304,CNGYNDCDDWSDEAHCNCSENLFHCHTGKCL,0
Q9SB38-42,PPGTYQNHTTYVKTACNSTTYPTMCYNCLSS,0
Q80T14-378,EIKHVPDGEKWEEGPCKLCECREAQVTCYEP,0
Q6JAM6-178,HIQGRLWCINMNSKACQLWADMGLKTQQSQE,0
O91734-1381,KTCDEDCCPVNFKKCCPLVCGKAIQFIDRKT,0
A0A023PZF5-45,YYYYYYHHHEPDDPNCEAHFSYFTNPSWDTE,0
S4R1M8-51,LLSHDKDPRGPSPASCMDQLPIKRDYGEELR,1
F7B227-36,FTSGVDLVSACDIRYCTQDAFFQIKEVDMGL,1
P35486-273,DILCVREATKFAAAYCRSGKGPILMELQTYR,1
Q12986-423,CQNVSAHVPNTYTCFCGKVKNPEWSRNEIPH,0
Q6J3P1-162,GAGNCTTNILEAKYWCPDSMEYNCPNLSPRE,0
Q86AH2-159,NNCIDNGADLQQQHNCHRVHNHYHQDLGHNY,0
Q03265-244,QKRFNDGTDEKKKLYCIYVAIGQKRSTVAQL,1
Q921B4-87,CWPMQREIPQDTLPECSGHSLDPEMNSFPAE,0
O92532-306,FTFRPKHHQVTQDCNCSIYAGHITGHRMAWD,0
Q3TBT3-91,RYQGSYWKAVRACLGCPIHCMAMILLSSYFY,1
Q9VVY3-633,QQFWDNNYGANYCFQCLPSSTHTAGGSTASP,0
Q9BX67-264,VLVVLAVLALITLGICCAYRRGYFINNKQDG,1
Q9ERB5-39,SFTVGYPSTEEARPCCGKLKVFLGALSFVYF,1
O35633-194,VVRVRDSYVAIANACCAPRFPTLGGRVVNVA,1
Q2KIL5-453,FTAAADAFKDDRKIACAAIDCVKENNKDLCQ,0
O49287-695,RENNVTKNPGSSWTDC***************,0
P08545-462,PSDYMCGEFSDLLELCKLPTFLGNPSTDNKR,0
Q99L04-256,TDPNILNLSGKVLPSCDLARRYGLKDIDGRP,1
Q9UKC9-103,CIGVGDSSLKTFAQNCRNIEHLNLNGCTKIT,0
P0C991-234,NAKTDSSELHFYVFDCFWSDQLQMPSNKRQQ,0
O54828-585,KARAALSLGRFLRRGCLASPVFARLSPKCPS,1
Q9D826-170,LRALQHIICQLGGTVCDGEKVVEIRPGLPVT,1
P0C646-297,QIKDRVILLFSPISVCC**************,0
Q5BIY5-401,CLFLLVFPSYMAYMICQFFHMDFWLLIIISS,0
O88851-127,GYFSRPWQWEKIKANCPHIVQFGSTDDPFLP,1
D6R9I9-227,RNVEDLSGGELQRFACAVVCIQKADIFMFDE,1
P39654-533,TSLQSRAQACHFITMCIFTCTAQHSSIHLGQ,0
Q9YGP5-196,PPSEATQQGWKSRQFC***************,0
Q5SXR6-922,RVVGKYCEKRDPHLACVAYERGQCDLELINV,1
Q9EP97-564,DMPKLRRQIYKELCHCKLTV***********,0
Q9QYG0-78,PAIFTYHDVGLNYKSCFQPLFRFGDMQEIIQ,1
Q54HY0-307,EQIVFFSDTGISTTKCDWEFKILQVWRNIKI,0
P38109-336,PYINTGLNVYDIRGPCEDNSTDGMCYTGLRY,0
F6UDT8-89,GKLQIGDKLLAVNSVCLEEVTHEEAVTALKN,1
P0C570-194,AKVVEHHTLMTTHKMCANWSTIPNFRFLVGT,0
Q9UBW7-676,QFCSKTCSDDYKKLHCIVTYCEYCQEEKTLH,0
Q3TXX4-56,PVTTHTRDPPVVDCTCFGLPRRYIIAIMSGL,1
P22314-278,QPMEIKVLGPYTFSICDTSNFSDYIRGGIVS,1
Q99LF4-485,EAPESYKNVTDVVNTCHDAGISKKAIKLRPI,1
Q94BR5-699,DPPEDPVVTLCGHIFCYQCVSDYITGDEDTC,0
P00533-1146,TAVGNPEYLNTVQPTCVNSTFDSPAHWAQKG,1
Q922H4-389,LFKDGKLLPAITILGCRVRIPAEVLILNSIV,1
Q0VFX9-6,**********MPGPECKWSTTETGAPCGTDD,0
Q08996-38,YKFNMENITHQVFPRCKQAFKKANLSYEYCD,0
Q8WN96-2169,HDRTMEQIVFPVPNICEYLTRESKCRVFNTT,0
Q8BGA2-62,EQAGMNSEPHYLGILCIRTPAMQQVSRDTLC,1
P07814-1301,VHGDNMGLVLPPRVACVQVVIIPCGITNALS,1
Q80XL6-106,ALFSIGFPVAKPLLYCRDASVIGTEFYVMEH,1
Q8BVZ1-319,SLTLELQNAVDALAGCVRGLPPSAQAKVAEV,1
Q80SU7-722,AGYQLVNSIFQHLLGCDELNFLLDQMQSNQH,0
Q91VI7-318,LLEPGCQLESLWIKTCSLTAASCPYFCSVLT,1
Q9P273-764,SNGRCTLDQNGWHCVCQPGWRGAGCDVAMET,0
Q9UJW3-118,ETLLICGNPDCTRCYCFECVDSLVGPGTSGK,0
P02462-1460,GFLVTRHSQTIDDPQCPSGTKILYHGYSLLY,1
P52760-71,KQALKNLGEILKAAGCDFNNVVKTTVLLADM,1
Q9C0I4-97,GESNRPPKERSCFRVCDWHSDLFQWEVSDWH,0
Q3EDH0-540,LRFKNLRDVIPGEEDCPRDGFLKLIRDMNPN,0
P49757-165,TGERLSHAVGCAFAACLERKQKREKECGVTA,1
P82792-79,GSCVGFGIPPTSKYCCCKT************,0
Q19981-222,YNCSNHGSCLNGKCDCEDGYKGLNCEYQVCQ,0
Q9DC61-87,DNGLRVASQNKFGQFCTVGILINSGSRYEAK,1
Q6TXG9-35,GRCQSMMSQMKDETKCMGAVFSGYPTALWLE,0
P48486-137,HECASINRVYGFYDECKRRYNVRLWKTFTEC,0
Q9USY4-29,SADNITEKFCQFCLCCNPWYAGADTRQLANA,0
Q8GRN0-194,ECRSVQIMNDERQEQCKTQVSRNADVLSSPY,0
Q9DBA8-189,ERARRELHLSLSATYCGAHSVPKGKTAVEAA,1
Q01484-305,GQIDAKTRDGLTPLHCAARSGHDQVVELLLE,1
Q91XH5-160,DSPGLSKTVVNISSLCALQPYKGWGLYCAGK,1
Q01279-337,GIRKCKKCDGPCRKVCNGIGIGEFKDTLSIN,1
Q9S972-315,ECGNYGYCDANTSPICNCIKGFEPMNEQAAL,0
P47883-76,PMYFFLGNLSLPDVGCVSVTVPAMLSHFISN,0
Q9FJX9-259,KGRCHITCYERSHPNCHVCKKKFPGRKYKEH,0
Q9EP73-272,LLFLRKQVRMLDVEKCGVEDTSSKNRNDTQF,1
Q8VDZ4-134,HCSVCDNCVEEFDHHCPWVNNCIGRRNYRYF,1
Q306W5-1178,IHPAFKMQICTSVVTCKGDCKPPKDHIVDYP,0
P12839-293,CHSDQNMHQAEEWFKCRYAKLTEAAEQNKEA,0
Q80T03-339,SMTGQPVRNWRTPALCPMSQCPANQVYQECG,0
Q9D1D4-43,SVLGISFHLPVNSRKCLREEIHKDLLVTGAY,1
P60335-194,MTIPYQPMPASSPVICAGGQDRCSDAAGYPH,1
B1AR13-119,TVALCTCKATQRPPYCDGTHKSEQVQKAEVG,1
Q13467-537,WSGKTVESWRRFTSRCCCRPRRGHKSGGAMA,1
Q3SYS4-58,MNDPKETCVGPLNTSCLSEQKQSGDSWSDGR,0
Q9DBK0-540,NIGGWSKSIEEAAASCIKFIENATPDGLKSV,1
O14975-22,TVLAGLLFLPLLVNLCCPYFFQDIGYFLKVA,1
Q93442-538,WKFTAKKYGCRGDVSCRHCAEAEYQGESDGQ,0
P04114-1112,QNKKITEVALMGHLSCDTKEERKIKGVISIP,1
Q8BZL1-331,GARGLLERWMPRLPLCYPQSRSPENHGLEPG,1
Q6MZT1-122,AAISGPEDGEIHPEICRLYIQLQCCLEMYTT,1
P48678-590,SGDPAEYNLRSRTVLCGTCGQPADKAAGGAG,1
O46600-108,EWKECPDYVSAGENSCYFNSSYTSVWTPYCI,0
Q9H7M6-80,KRIVFWSFPRSEREICMYSSLGYPPPEGEHD,0
Q08465-158,QGDVTEGNNNQEEVYCFCRNVSYGPMVACDN,0
Q7JKC3-279,WDKLDAFNQHDVQEFCRVLLDNLETKMKGTS,0
G1JTE6-331,AAAAAIFVIIIFYVRCCKKKTSAAEGPELVS,1
Q9Y2B1-338,LQSDLTLCPVGVNTECYRIYEACSYGSIPVV,0
Q6GQT6-22,LREKISQAFYNHGLLCASYPIPIILFTGLCI,0
P0C9V1-130,QDPQIFEKCHELSNSCNIRCLLEHAVKHDML,0
Q9CZB0-107,LPGNFESYLMFVKSLCLGPTLIYSAKFVLVF,1
Q9UGM3-1975,STLWQCRNRGWFSHNCNHREDAGVICSGNHL,0
Q921I1-213,CSSTQPFFGYVGAFKCLKDGGGDVAFVKHTT,1
P52522-168,QKIRIDAFQNFDLSFCSSNDIHYITGSGILE,0
P53811-94,GSLVFHEKAWNAYPYCRTIVTNEYMKDDFFI,1
D4A612-149,ASMFNIWWCVLNWIPCGQSFFGPTLNSFIHI,0
Q63880-127,FTLNEKMKIFPISEDCLTLNIYSPTEITAGD,1
Q92796-8,********MHKHQHCCKCPECYEVTRLAALR,0
Q99KY4-87,LSNEEEKNRAIIQEVCFLKKLSGHPNIVQFC,1
Q63850-479,MAGGPADTSDPLQQICKILNAHMDSLQWVDQ,1
Q9DBN5-751,AVTKDGPSAGVTIVTCLASLFSGRLVRSDVA,1
A8MQX3-40,DVGEIEGSNKISIGKCVPAQCSVSFFKRDCW,0
Q8VDZ4-237,TGKFRGGVNPFTNGCCNNVSRVLCSSPAPRY,1
Q8R0Y6-17,KIAVIGQSLFGQEVYCQLRKEGHEVVGVFTI,1
E9PZA9-142,RTVRFVGHLLWPRYPCHPVSKEDLPVPARHS,1
Q5M8N0-134,TVWQVKFYNYHKRDHCQWGSPFSVIEYECKP,1
Q9ERI6-124,VKELDLASLRSVRAFCQELLQEEPRLDVLIN,1
P53701-46,KMKGCPVNTEPSGPTCEKKTYSVPAHQERAY,1
Q99MX2-16,MAEAPSRMQQNYDWQCEDAINTHIQLCLYAS,0
Q29RU4-82,KQESRECNWQTCPINCRLGDYGPWSDCDPCV,0
P04186-188,KVGSQYRLEDIVTYHCSRGLVLRGSQKRKCQ,1
O08573-73,AFHFNPRFEEGGYVVCNTKQNGQWGPEERKM,1
Q8VCC2-254,LFHRAIAQSSVIFNPCLFGRAARPLAKKIAA,1
P52332-189,RDPKTEQDGHDIENECLGMAVLAISHYAMMK,0
P78310-41,EEMIEKAKGETAYLPCKFTLSPEDQGPLDIE,1
B1ASP2-543,QILRTDNISFVLKRCCQPKPREISNLLVATK,1
Q9D0M3-219,RHGGEDYVFSLLTGYCEPPTGVSLREGLYFN,1
Q8VCH7-288,VKQAMRAILTDQPMVCTPRLMYIVTFMKSIL,1
P61222-201,SILDRKDETKTQAIVCQQLDLTHLKERNVED,1
Q9Y6K0-30,HPESPVGFGHMSTTGCVLNKLFQLPTPPLSR,1
A0A5S9MMK5-437,CGCRVIRICCCDEGVCRRTAAC*********,0
P13945-361,YCRSPDFRSAFRRLLCRCGRRLPPEPCAAAR,1
Q5UE90-156,CVDGCEVGPWSEWGTCSRNNRTCGFKWGLET,0
P51150-143,DLENRQVATKRAQAWCYSKNNIPYFETSAKE,1
Q6DFW4-205,HFPELGKIISDNLTYCKCLQKVGDRKNYASA,1
P34914-120,MLQAAIALKKKGFTTCIVTNNWLDDGDKRDS,1
Q61656-170,HINHQPFLERGDGPICLVLAPTRELAQQVQQ,1
Q9DCC4-49,EAKQVLASAPTDNNLCHFRALGCQTTHSNHE,1
P48758-122,AEVTMKTNFFGTRDVCKELLPLIKPQGRVVN,1
F6S9Y6-141,MALLTLGINSAMVLDCGYRESLVLPISFLNP,1
Q68FE8-667,FPTYVHCSFCRYNTSCSKAYVNHMMSFHSNR,0
Q3EDD7-67,CVFYLLTGHWFMTLLCLPYLYYNFHLYSKRQ,0
D3YTY9-369,VYMRPWENKVVPTVKCQALDMTEMARRPPGF,1
B5DF45-165,DHQVHCEFALVICPQCQRFFQKCQINKHIIE,0
O35728-86,QILIWVEKFPSACLQCLSGSNIRVLLYDPDY,1
P48774-38,LLEFTDTSYEEKRYICGEAPDYDRSQWLDVK,1
O15118-956,SWIDDYFDWVKPQSSCCRVDNITDQFCNASV,1
Q8HZK2-3,*************MLCIRPEALVLLGALLTV,0
A2AQZ5-49,QRIGEIVAEMDVPLHCRTEFSTQEDEQLQTQ,1
P47708-137,CGVETSNNRPHPVWLCKICLEQREVWKRSGA,1
Q9C0A6-404,FDYEYSNCNYKVDCACHKGNRNCPIQKRNPN,0
Q8VCP9-162,QATRGVEPAGWKEMRCHLRTDGYLCKYQFEV,0
F6VT60-140,QRANFVPFIAVLKEYCDTLQLDSGVDYRKRE,1
Q99189-913,CLRILTEANNNDATICIDWIYKVVEQLGQVT,0
Q8N357-70,FLGEFSCLAAFYLLRCRAAGQSDSSVDPQQP,1
Q60700-127,LQCQSGSGFLEGLFGCLRPVWTMIGKAYSTE,1
P04256-182,YHTVNGHNCEVRKALCKQEMASASSSQRGRS,0
P30084-213,ISAQDAKQAGLVSKICPVETLVEEAIQCAEK,1
Q98867-100,IQKNLHPSYSCKYDSCCIIDKITRNQCQLCR,0
P0C6V2-2145,VYATDRSHQEVTKVECSDGFYRFYVGDEFTS,0
Q09177-63,NSLRYVIMKNPEVEFCGYSIPHPSEAKMNFR,0
Q99LB7-745,FVGELGWELHVPRASCLPVYRAVMAAGARHG,1
P50395-202,HALALYRTDDYLDQPCYETINRIKLYSESLA,1
P36124-145,FTIQCDHCNRWQHAICYGIKDIGMAPDDYLC,0
Q61655-392,RFREGKEKVLVTTNVCARGIDVEQVSVVINF,1
Q9HCK5-618,IAAVVGSMDGHPSRYCATVRVQTSRQEISQE,1
Q9ULJ3-780,EHESKCEYKKLTCLECMRTFKSSFSIWRHQV,1
P52030-408,HAFYQLIHQGTRLIPCDFIAPAQTHNPIAGG,0
B3LSM6-211,QLTILNFNNIGPCYRCFYPTPPPPNAVTSCQ,0
P62280-60,KTPKEAIEGTYIDKKCPFTGNVSIRGRILSG,1
Q07812-126,VALFYFASKLVLKALCTKVPELIRTIMGWTL,1
O35393-308,LGIALRGGGTADPPFCPHYEKVSGDYGHPVY,1
Q9CQJ8-103,GTSFERYECYKVPEWCLDYWHPSEKAMYPDY,1
P07202-814,ECADGAHPPCHASARCRNTKGGFQCLCADPY,0
P57999-642,HFGFMGKCTYIVAQPCSKSTDSFFRVTAKNE,0
Q54MZ8-196,EGMSPITPQNPISKKCMISLESGHEVNWIEE,0
Q3UF64-364,ICGRVGGLRKALKLLCTSQNYGVRATGQQCT,1
Q9D2L6-60,PRQGKCDGLCSSSSSCNQSCPWNFRGEIVFT,0
Q15637-292,TVCTKCGGAGHIASDCKFQRPGDPQSAQDKA,1
P04388-120,VKDRDEFPMLMVGNKCDLKHQQQVSLEEAQN,1
Q53WJ1-1104,ENCPGEVFINLSPTKCWNMVRERLNMEIRRQ,0
Q99J27-497,GASNQNCRTPDAIELCKKLGGSCVTALDGYY,1
P34888-234,KSLRRECKCHGMSGSCEMRTCWDSLPNFRHI,0
Q8CG65-1240,QKDCGNCTCQGSQWHCDRGGAPCEDMEPGCA,0
Q8IZ81-98,INPEKDASFKICMKMCLLQITGYKQLYLDVE,1
Q09244-27,FHKPSCSSILPKYPGCPFSLNLSLSFLNFTH,0
Q6A4J8-133,FFLQCNAESDSTSWSCHAQAVLKIINYRDDD,0
P82762-73,HHKGGDCIGGLDGIYCCCLA***********,0
P09760-797,APQNCPEEIFTIMMKCWDYKPENRPKFSDLH,0
Q8IZP1-318,IAFKVQQKRLTKTSRCGPWARFCNRFVDTWA,1
P13707-200,NFRITVVQEVDTVEICGALKNIVAVGAGFCD,1
Q13948-649,LVLYKLAWSESMERDCATFCAKKFADHLHKF,0
H2KYQ5-377,SETDREVEQITNNTPCPAFVPFERREEYQAA,0
Q12337-112,MASNWAHYQQPSMMTCSHYQTSPAYYQPDPH,0
Q75IW1-227,VTCTYSQFVAQRAPTCCVSLSSFYNETIVNC,0
Q8VE95-132,THLLASDSESPRLSYCGGGEALAIPFEPARL,1
Q9DCS9-125,LKACQQREGENYQQNCAKELEQFTKVTKAYQ,1
Q5HZ97-52,DAYLQMKGNREMVYDCTSSSFDGIVAMMSPD,0
Q16549-579,SDPNGFNDWTFSTVRCWGERARGTYRLVIRD,1
Q3TFQ1-54,VVIVKNGRRICGTGGCLASAPLHQNKSYFEF,1
P62244-72,RAGKIVVNLTGRLNKCGVISPRFDVQLKDLE,1
P51410-74,KWWGNRKELATVRTICSHVQNMIKGVTLGFR,1
Q924T7-887,YALARGGCMHFHCTQCRHQFCSGCYNAFYAK,0
M0R3Q7-522,LEKPDQKYSSFKKFCCVPFGSFPDEHGDDNH,0
Q12113-1428,YLINCCDMQEVRGWSCVFKNSQVTICLFVDD,0
Q23316-191,MVFIDNSTDLEIIEKCYSMFNKPKEDGSSGY,0
Q9UM47-1475,AGGRERTCNPVYEKYCADHFADGRCDQGCNT,0
Q61941-936,IREANSIVITPGYGLCAAKAQYPIADLVKML,1
Q54TB8-728,YSNQITFEQPSRFEQCKSRSGSNQQQHLSNM,0
Q8BGY6-21,SRRVKRWKIFHFFVTCFILSFMVFWSPINNY,0
B2S2F0-129,TGRHAREQRVGGELICKVW************,0
P98164-2842,TKCHNSNICIPRVYLCDGDNDCGDNSDENPT,0
P0DUN4-28,AKTSGFMFYSSYGCYCGWGGHGRPQDASDRC,0
Q8R086-265,DLHKFPKHEVTVTLQCAGNRRSEMSKVKEVK,1
Q8BY46-128,PPKVPPLGSSAIHYECVDCKALFASQEMWLS,0
Q8C088-371,CSCEEGFQISSDGCGCDALDEQLEEEEEEID,0
Q8VBZ3-454,DVRLDREHRVAGIFPCPTFKDKSTYIESSTK,1
B2RX14-1325,RCCRVCGKIGHYMKDCPKRKRLKKKDSEEEK,0
A0JNB0-487,NREVLEQVERGYRMPCPQDCPISLHELMIHC,0
Q921I1-177,RSPLEKAVSSFFSGSCVPCADPVAFPKLCQL,1
Q2LKV2-580,TDMELMVATFCIQFYCHVRTLQLNMEKQQGY,0
Q58A42-90,VEWTNQHGCGSGETECNIVIQYMCTDNAKAA,0
Q8QZR1-275,YEPMATLSTNVPILSCGGLAKRWLVPGWRLG,1
P27105-30,LPDSFKDSPSKGLGPCGWILVAFSFLFTVIT,1
Q21313-335,CRCEHNTCGDMCERCCPGFVQKQWQAATAHN,0
Q9QXF8-247,GSPGFSKFRLSYYPHCLASFTELVRAAFGGR,1
O88844-73,KDAAEAIKKYNVGVKCATITPDEKRVEEFKL,1
Q283N4-141,SDRATVPRELARRLQCQPESELRTALGEVKK,1
P25446-194,LIPLVFIYRKYRKRKCWKRRQDDPESRTSSR,1
P16675-397,QKYQILLYNGDVDMACNFMGDEWFVDSLNQK,0
Q9R0H0-199,SNHAIVLAQLITRGECYGLHAFVVPIREIGT,1
Q15942-415,ALGQLFHIACFTCHQCAQQLQGQQFYSLEGA,0
Q9GZX9-70,CCKECMLCLGALWDECCDCVGMCNPRNYSDT,0
Q8JPR1-1045,TSGINTKHDELCTGPCPANINHQVGWLTFAR,0
Q8LG64-138,TVKCLMYQLCKGMAFCHGHGVLHRDLKPHNL,0
A2AAX3-225,RRWRHTDTIIQNIRFCLMTPSSVFEKVKTSE,0
P16615-447,GVYEKVGEATETALTCLVEKMNVFDTELKGL,1
Q8BP47-522,PAPYYWYTDQRKYGTCPHGGYGLGLERFLSW,1
G3V511-1595,DIHMDICWKKVTNDVCSEPLRGHRTTYTECC,1
Q80T79-3406,RTCLPDLTWSGIQPECIPHSCKQPESPAHAN,0
Q3YAW7-113,GRSPGDLQGNRSSMPCTQGWEYDRSEFSSTI,0
Q61626-842,IWSTRRSAESEEVSVCQEMLQELRHAVSCRK,1
P10166-199,RKPVTITVRADPLDPCMKHFHISIHQQQHNY,0
Q99PP6-30,CPVCQELLTKALSLGCGHRVCQACLITKKNA,1
Q6PB66-129,SGSPGSNQALLLLRSCGSLLPELSLAERTEF,1
Q8VE09-472,LPNCSFPNLQRMSQACHEVDDSSVVGLKHLL,1
Q9WTK7-422,KPEGRPGTANPARKVCSSNKIRRLSACKQQ*,1
E0CXK2-580,GLGKEEEQEDGAARLCGDVWRETRAKLRGIV,1
P21333-2601,GNNMLLVGVHGPRTPCEEILVKHVGSRLYSV,1
P29371-311,KVVKMMIIVVMTFAICWLPYHIYFILTAIYQ,0
Q9VN14-593,VFPEAPVAGDEIRLECMAFGYPIPSYNWTRQ,0
Q99MX7-513,NLFFLGCRGLEALEGCWDRGSWVSPSRARSS,1
Q99523-783,LVTVVAGVLIVKKYVCGGRFLVHRYSVLQQH,1
Q91ZX7-3022,LCVEGYAPRGGDPHSCKAVTDEEPFLIFANR,1
Q96CP7-231,VMIIIYFSRLLRSDFCPEHVPKKQHKDKFLT,1
P11714-164,KKSLEDWVTKEANHLCDAFTAQAGQPINPNP,1
Q9P2N4-931,QRCDRLPQPGHITEPCGTDCDLRWHVASRSE,0
P97501-294,RKEPVFNDELPARILCGMVTIKPNVKEFTET,1
Q8K298-816,VTLSEICLPLKADFVCSTAQKTDASNYYYLI,0
Q800X4-144,NCFPVRLPNKFCFGQCNSFYVPGWPAGLSQP,0
P0C696-185,SQSPRRRRSQSRESQC***************,0
Q9UJJ7-75,FRFCHQLDFSTSGALCVALNKAAAGSAYRCF,1
P0C9R0-200,ESILLKTCCSDKNINCFNYCILYGGAQNLDA,0
Q5JWT2-874,MVWKYNIVTLDRLILCLAMRSHEGNEAQVCY,1
P31649-569,RTLKGPLRERLRQLVCPAEDLPQKNQPEPTA,1
P11161-469,CSSNSSSLGGGPLAPCSSRTRTP********,0
B5RHS5-5,***********MALYCGDNFGVYSQPGLPPP,0
H0YEU2-47,VTPTRTEIIILATRACYGVLRFIMESGAKGC,1
Q8R3P0-4,************MTSCVAKEPIKKIAIFGGT,0
O70443-66,KQMKIIHSGGFNLDACKEYKPLIIYNAIDSL,1
Q9JIF7-623,DDVDRISLCLKVLSECSPLMNDIFNKECRQS,1
A2AMI2-808,KAIDEPSFSVAYANMCRCLVTLKVPMADKPG,1
Q8CCN5-554,GTITKRTGPYLFGAGCFSIKAPCKVKSPPQI,1
G5EBL3-2080,NPDSHDDKLFVPCSGCTSGDVIIIHKCTCAY,0
O65020-10,******MRSLKLAEGCKGTQVYALNPSAPTP,0
Q96P20-958,LQVLELDNCNLTSHCCWDLSTLLTSSQSLRK,1
P02699-140,LWSLVVLAIERYVVVCKPMSNFRFGENHAIM,1
P56391-30,APFDSRFPNQNQTKNCWQNYLDFHRCEKAMT,1
O14744-22,GGAGGSRVSSGRDLNCVPEIADTLGAVAKQG,1
Q8CGB6-548,PTAAERQELDRLLGGCGVASAGRGAGRETAI,1
Q80TH2-1214,KKLEKHPQTSSPGECCQDDRFMSEEQNHPSG,0
P90846-288,FELHYLQFRTLERVTCIHHIDNILDDHMDIG,0
Q00174-460,CRECECNLNGTNGYHCEAESGQQCPCKINFA,0
Q8R050-464,DMGTVVLGKLESGSICKGQQLVMMPNKHNVE,1
P52825-535,PSKHSVGELQHMMAECSKYHGQLTKEAAMGQ,1
P32791-379,HKAMNIMFIIAMYYHCHTLGWMGWIWSMAGI,0
P52792-382,VRRACESVSTRAAHMCSAGLAGVINRMRESR,1
P97501-30,LAAIRSCLEEGLEPTCFERSDDVGGLWKFSD,1
P07550-341,YCRSPDFRIAFQELLCLRRSSLKAYGNGYSS,1
P46531-272,NIDDCPGNNCKNGGACVDGVNTYNCRCPPEW,0
P68593-178,DYRRSINVTIPEQYTCNKPYTAGNKVDVDIP,0
Q07444-114,QNNSSPNARTQKARHCGHCPEEWITYSNSCY,0
Q8TEA1-415,EPQIGGEGMRGAGLSCEQLKQLQRFDPSAVP,1
Q94218-421,YHHYMQDGIDDSGWGCAYRSFQTIWSWFILN,0
P0CA22-73,KNAPFDPTNCQIKKDCPNCHLDYLTQICIGS,0
Q96FA3-336,GNKEERDGKDRECPMCRSVGPYVPLWLGCEA,0
O14763-113,KYGQDYSTHWNDLLFCLRCTRCDSGEVELSP,1
D6RHN4-43,TGIGKAVSRELLHLGCNVVIASRKLDRLTAA,1
G3UW78-354,WILYNLARHPEYQERCRQEVQELLRGREPQE,1
P21981-669,FPTDIGLHKLVVNFQCDKLKSVKGYRNVIIG,1
Q96EP0-702,DRAFLRRLLAQECAVCGWALPHNRMQALTSC,1
F4JDI6-74,SSKSTAYKNQMDSPNCRSQVSASRPRAISAL,0
Q6DIB5-776,CQNGADCDHISGQCTCRTGFMGRHCEQKCPA,0
Q9PWA0-40,NNTCCFCWCCCCSCSCLTVRNEDRGDNAGRP,0
Q5RI56-498,GEWQQQNIPDHACPKCGEVLPDLDSLQIHIM,0
Q7RTV0-23,LIFCRKQAGVAIGRLCEKCDGKCVICDSYVR,0
B2RXS4-617,SGSVFLTSHQYPFYDCREAMSLVENLPCISC,1
P45818-150,NNLIENGFTEPTPIQCECIPVALNNRDVLAC,0
O88457-541,ITMQEQEKFQEPCFPCGKNLASKYLVWDCSP,0
Q9NXU5-53,IGLTGSGKTSLLSKLCSESPDNVVSTTGFSI,1
Q4PSU4-263,PSGPSNIYNFANGNGCF**************,0
P07522-955,YNCTCAGCPSAPGLPCPDSTSPSLLGKDGCH,0
H3BMN2-47,VDFGLSILWFLIFTPCAFLCWYRPIYKAFRS,1
Q2KHX4-45,EKVLWTAITLFIFLVCCQIPLFGIMSSDSAD,0
O70475-241,FLAQRISSINSISALCEATGADVEEVATAIG,1
Q9Z2I9-430,DAKALIADSGLKILACDDLDEAAKMVVKLSE,1
P83882-77,TTKKIVLRLECVEPNCRSKRMLAIKRCKHFE,1
Q6IQ55-156,DIKPSNFAMGRFPSTCRKCYMLDFGLARQFT,0
P28347-53,DIEQSFQEALAIYPPCGRRKIILSDEGKMYG,1
Q58D79-10,******MADTIFGSGCDQWVCPNDRQLALRA,0
P20618-224,SAAERDVYTGDALRICIVTKEGIREETVSLR,1
Q9ESB3-24,LLVTLQCSHALSPTNCDASEPLAEKVLDLIN,1
P46471-377,MSVERDIRFELLARLCPNSTGAEIRSVCTEA,1
Q5ZKA2-975,YQVIALPTTKAKCPRCRRYTSDSSSTPCPRC,0
Q6UWN5-156,VHQDDCAIGRSRRVQCHQDQTACFQGNGRMT,0
Q9QXY7-91,QLGPLYRCCEVFCIYCQSDQNEEPYVSITKK,1
Q8R0W0-413,ALRLLDAQLATGGLICPARRFRLPLEAALRF,1
H3BKD1-78,QNREIGPNDGFLAQLCQLNDRLAKEGKDPET,1
B1AX39-314,KRCDRCDMIGHHADACPEIWRQYHLTTKPGP,0
Q91VI7-204,LKDSACQLESLKLENCGITAANCKDLCDVVA,1
Q7Z4W2-49,AGLDNYWGFSLGNWICMAYYESGYNTTAQTV,0
Q61316-245,TLGGRKFDEVLVNHFCEEFGKKYKLDIKSKI,1
Q9VXB3-29,GHTDQTCCLIDDMERCRNQAGYASYSKRIQK,0
P54097-84,YQFTIPDLSPKNKSYCGTQSEFKNPVYHFYN,0
F8WHM5-513,TACKHIRSGDPMILSCLMEHLYTEKMVEDCE,1
Q6UWF7-251,RDQEGFYCVRPQHMPCAALTHMYSKNKKVSY,0
Q9URU2-688,ISNRKICDHCSLVSECLFFQKMSDKGVANSN,0
Q8QZR5-89,MGQRPITFFRQVLALCVYPNLLSSPDFPEDA,1
P16671-311,PSKAFASPVENPDNYCFCTEKIISKNCTSYG,0
Q9ERQ6-404,GGQCYLVENIGAFCRCNTQDYIWHKGMRCES,0
Q5DU41-109,QNDLHRQQYSYIDAVCYEKQLHWFAKFFPYL,1
P16015-182,KTKGKEAPFTHFDPSCLFPACRDYWTYHGSF,1
Q8K441-966,IIVSGRQKDYRFSAVCNTKRLHCFPILMNVI,1
P30560-372,FSGHLLQDCVQSFPCCHSMAQKFAKDDSDSM,1
P30999-692,TPAILEASAGAIQNLCAGRWTYGRYIRSALR,1
Q8K0W3-251,EGSCYQTFRQYCGAACTCHVRNPLSACSIM*,1
Q0VC24-185,WEWNVERNKVKALHCCRGHAGSVDSIAVDST,0
Q9TTY5-286,INDAHQVTLCLLSTNCVLDPIIYCFLTKKFR,0
Q9D892-154,QIVMPRGSRDFGWDPCFQPDGYEQTYAEMPK,1
Q9M658-1287,ICNNANVEATYADTNCMASKVNQVPEAENTL,0
Q9BWD1-360,EGGAIALGHPLGASGCRILVTLLHTLERMGR,1
Q00174-1899,HCECKPGYTGPRCESCANGFYGEPESIGQVC,0
O15551-184,AAALQLLGGALLCCSCPPREKKYTATKVVYS,1
P08519-1217,RTTEYYPNGGLTRNYCRNPDAEISPWCYTMD,0
Q5EAE5-3,*************MSCVPWKGDKVKSESLEL,0
P45844-154,MKGAVLINGLPRDLRCFRKVSCYIMQDDMLL,1
O75882-987,QCMEWYTMSTCPPENCSGYCTCSHCLEQPGC,0
Q6PL45-114,QSNHSWAVLFDGQSGCICYRPEEHQVCFLRL,0
P47746-432,EGTAQPLDNSMGDSDCLHKHANNTASMHRAA,1
Q9DBD0-58,DNMKKVLPAGGPAVTCVRKMSHPECIRDISA,1
Q8BZZ3-850,DNEVRMRLLQFVTGTCRLPLGGFAELMGSNG,1
Q9Z2Z6-58,PSLSGQPPMYSGTLDCFRKTLMREGITGLYR,1
P50431-198,NASLFHPKLIIAGTSCYSRNLDYARLRKIAD,1
P06399-56,VERQPSQCKETDWPFCSDEDWNHKCPSGCRM,0
O54928-188,GSRSLRQRLQDTVGLCFPMRTYSKQSKPLFS,1
P87138-180,VVCQLIQDMKGWSKRCWITCTCPERSTIERV,0
Q8K0Z7-109,PNPENNSSLANILELCRSKNMPKSTIESALK,1
P28798-376,DTPCDDFTRCPTNNTCCKLNSGDWGCCPIPE,0
Q9R1C6-38,WTLCSVLLPVFITLWCSLQRSRRQLHRRDIF,1
Q9D1Q6-189,NYRVFERVASILHDDCAFLSAFGDLSKPERY,1
P61169-182,SCPLLFGLNNTDQNECIIANPAFVVYSSIVS,0
P98118-218,YRYNPTAKSCEDIDECSENMCAQLCVNYPGG,0
Q8NH53-191,IPHTYCDHMSVAKISCGNVRVNAIYGLIVAL,0
Q9Y230-227,ARDYDAMGSQTKFVQCPDGELQKRKEVVHTV,1
Q9R0H0-559,PKIQDRAVQAVLRNLCLLYSLYGISQKGGDF,1
P46165-61,HRRQIGTCLGPRIKCCR**************,0
O80612-367,CRSAALTILQDGNEKCSYQHCSIGSTFTPKL,0
Q9FFK0-89,VFYWFQNHKARERQKCRKISTVKFDHRQDTD,0
P0C8K7-34,DEVSMTAMSSSEEASCYRRISQKLCSGKLGI,1
Q9BYV9-581,LMGDGMYNQVRPQIKCEQSYGTNSSDESGSF,0
Q80UG2-822,RESCGLCLKADPDFECGWCQSPGQCTLRQHC,1
Q07417-151,KQQWITPFTNGDKIGCFALSEPGNGSDAGAA,1
P52840-82,GRAPVYARIPFLEFSCPGVPPGLETLKETPA,1
Q91WL5-373,SITWNDLDKMPYTTMCIKEALRIYPPVPSVS,1
Q6DQ21-564,VAGLSLWMCSNGSLQCRIC************,0
B3SRS0-72,CTMYHVCQWCSQYGRCFLDSEPHLLRMRTFK,0
J3QMI4-99,PAGHRRKDLGIIRYMCSSVLQRALAAPLVWI,1
Q5GH67-95,SGGGGRGSGAGSAALCLRLGREQRRYSLWDC,1
P54071-418,VQTVESGAMTKDLAGCIHGLSNVKLNEHFLN,1
P10599-73,DVDDCQDVASECEVKCMPTFQFFKKGQKVGE,1
O55229-282,YSSYNYRGFDIGNHFCEWVYDYTYEEWPFYK,0
P04186-612,TEGTTRALRLPQTATCKQHKEQLLPVKDVKA,1
O42182-390,IDECRNYPGRLCAHKCENILGSYKCSCTAGF,0
Q63014-626,AGSDSHTGKLLEEQTCETASETRNMEDMARG,0
F4IDY5-196,NFSFEEQASLVWQFICSVPVMVLEEIFPWMT,0
Q8VCR7-138,APGSQLRGFVPVAPICTDKINAVDYASVKTP,1
Q59H18-413,VTLLKHYKRPQDELPCNEYSQPGGDGSYVSV,0
Q5AH11-996,FFAGKHFSTVTEFTACIGAFIVGVLGNLYSR,0
Q91WU5-62,SLQNVHEDVSSRYYGCGLTVPERLENCRILD,1
Q62465-99,PPAPGPGQLTLRVRACGLNFADLMGRQGLYD,1
Q8R2Y2-274,EPVGLLKEGDHVTIRCLTDGNPQPHFTINKK,1
Q86VW2-25,CACPRVIRKVLAKCGCCFARGGRESYSIAGS,1
Q63886-385,AFITHSGSHGIYEGICNGVPMVMMPLFGDQM,1
Q9ESB3-504,LQPEIQPFPQTASRSCPGKFESEFPQISKFF,1
P78527-974,YQLYKRTFPVLLRLACDVDQVTRQLYEPLVM,1
Q8TF66-453,LLLNQPRLGTDTVPVCFSPANVRGQSLIIIN,1
Q99JR5-124,RIYPVFGTYWDNCNRCTCHEGGHWECDQEPC,0
Q9Z2A9-2-36,VIVVLAAVLSPRQASCGPGAFTRAAVAADSK,1
Q9D8C2-128,NNTASARNDIQRNLNCCGFRSYNPNDTCPAS,1
O35678-32,QDLPHLVNADGQYLFCRYWKPSGTPKALIFV,1
F4J5S1-1100,GAIMQQHKELIINERCLGLDHPDTAHSYGNM,0
Q3UMR5-96,GLPVISVRLPSRRERCQFTLKPISDSVGVFL,1
P02469-1086,NTWQLASGTGCGPCNCNAAHSFGPSCNEFTG,0
Q9DC50-188,RDSIMNYFKTESEGHCPTHIAVLCRGRAFVF,1
Q9C000-264,QPHHHPWEPSVRESLCSTWPWKNEDFNQKFT,0
O35728-185,WEKLDGQDHPLEIFHCVSLMTLDTVMKCAFS,1
D3Z106-196,KLVVSDHSHEGWLDFCSLIKSASPDHTCIKS,1
Q9JLK7-104,EAFREFDKDKDGYINCRDLGNCMRTMGYMPT,0
Q8S1V1-80,ALVWMSCAAAHPTLECHHHFCMHAHSYHPPG,0
E9PLD0-23,LFKLLLIGDSGVGKSCLLLRFADDTYTESYI,1
Q99LC5-53,LNTITAAGRLGGEVSCLVAGTKCDKVVQDLC,1
P42932-36,HFSGLEEAVYRNIQACKELAQTTRTAYGPNG,1
Q5PXE9-134,TRLQTFPFAEHRPILCVEIKPKCGFIPFSNG,0
Q6P2L6-755,FTCEECETGQHPCFSCKVSGKDVKRCSVSVC,0
Q9S9N5-295,TGAFWYMLSVERNDTCWRFACKVQPDPRLCV,0
Q60759-115,MGELGVLGPTIKGYGCAGVSSVAYGLLTREL,1
P48318-38,LRPTTYDTWCGVAHGCTRKLGLKICGFLQRT,1
Q9VFX1-51,WEDITGKGLKQALDSCQQSFQWQRWNCPSQD,1
Q9UQF0-72,KGTPTFTAHTHMPRNCYHSATLCMHANTHYW,0
P51151-200,TDTVNLHRKPKPSSSCC**************,0
O08836-119,QRAREHFIHFLTQCHCYHVAEFQLPQTKNNS,0
P14148-208,DNSLIARSLGKFGIICMEDLIHEIYTVGKRF,1
Q9JK38-45,ISPTHPGEGLVLRPLCTADLNKGFFKVLGQL,1
P20489-131,TSADMVLVHGSFDIRCHGWKNWNVRKVIYYR,0
Q9P0X4-72,IAFFCLRQTTSPRNWCIKMVCNPWFECVSML,0
O80483-55,STCIPPNPNIDVTKMCDRVQEIRLNLIKICG,0
Q9QXV8-291,LKLCQGCYDRVNRPGCRCKNSNTVCCKVPTV,0
Q9D489-408,PSVSNFIPQHCNAMLCPARPTSPNCLCTPGH,0
Q54Q99-372,HDYLKPKLCDLYENDCIFDKFECTLNHDGTQ,0
Q99MR8-591,NKSFRVLGDLSSEDGCTYLKSSINGVARKSK,1
P03482-193,WSSSSCHDGKAWLHVCVTGYDKNATASFIYD,0
Q90980-123,FIIDPAGNMYYNWLFCITMPVMYNWTMIIAR,0
Q64249-458,YKYTHQPNRFPDLMMCLPEIRYIAGKMVNVP,0
P97742-304,EELKPIRLLGSTIPLCSAQWERLFNTSRIPG,1
P10276-105,VCQDKSSGYHYGVSACEGCKGFFRRSIQKNM,1
G5ECT0-207,SCEINIRHFPLDDQRCAIEIASWAYGQEKIR,0
O35598-223,ELLRKKRTTLAERNTCQLYIQTDHLFFKYYG,1
A1A5R8-399,RDVYWRLWGTINWLTCSRCYQAFLCIEFSHC,0
P53582-368,RSAQFEHTLLVTDTGCEILTRRLDSARPHFM,1
Q91V76-249,VNKWLHFYEMKAPLVCLPVFVSKDPGLDLRL,1
P21552-332,HVTRMTKCECKFHWCCAVRCQDCLEALDVHT,0
Q9BWF2-49,LIQWFETAPSRTCPQCRIQVGKRTIINKLFF,0
P07310-254,SMEKGGNMKEVFRRFCVGLQKIEEIFKKAGH,1
Q6IQ69-50,MVYFFTMFFTAIYHACDGPGLSILCFMKYDI,0
P10518-162,RQRLAEVALAYAKAGCQVVAPSDMMDGRVEA,1
Q5Z6A4-325,EMGEEEVQELVQQIDCLASPSS*********,0
Q9DBN5-137,AEVEQLDRLEEFPNICKSREELGELSEQFYR,1
Q6AY06-152,NQCGTMSQTLIWCNKCEKQMHFCRKSMDCGE,0
P49660-363,LKSRGGAGCICPPLPCQQEPVQAEPGCKQVP,1
Q9S9M2-325,CVDIDECKLEIGRKRCKDQSCVNKPGWFTCE,0
Q9ZSM8-634,KDCPCLTNETCCEKYCGCSKSCKNRFRGCHC,0
Q921I1-373,SPVKWCALSHLERTKCDEWSIISEGKIECES,1
Q9NR30-445,VIRVYSGHQGRTIIFCETKKEAQELSQNSAI,1
P55060-853,EKKICAVGITKLLTECPPMMDTEYTKLWTPL,1
Q91WL5-84,DLQDILTRIKNFPSACPQWLWGSKVRIQVYD,1
Q9Y3Q4-179,SPPPPQQPPQPASASCEQPSVDTAIKVEGGA,1
Q00959-800,DGEMEELETLWLTGICHNEKNEVMSSQLDID,0
Q94K43-399,LGKIQSEYLNWVAEECGCPLVEHWRNQQIVR,0
P31720-153,TNQENPYQNRTGHFICAVPGFYYFTFQVISK,0
Q9WUM3-25,SKFRHVFGQPVKNDQCYEDIRVSRVTWDSTF,1
E5RK87-232,GECCESCQIKKAGSICRPAKDECDFPEMCTG,1
Q754J3-366,LEYENMSKMVNCIPMCIWRRSGEICYVSNEF,0
P47738-68,RKTFPTVNPSTGEVICQVAEGNKEDVDKAVK,1
P68254-94,IKDYREKVESELRSICTTVLELLDKYLIANA,1
P97445-73,ARTMALYNPIPVRQNCLTVNRSLFLFSEDNV,1
O88844-363,NNTELSFFAKALEDVCIETIEAGFMTKDLAA,1
P11047-1003,EGSLSLQCKDDGRCECREGFVGNRCDQCEEN,0
Q61656-234,EICIATPGRLIDFLECGKTNLRRTTYLVLDE,1
Q07535-92,NATADVSPPKKPPIKCDEFLGLVACSVMYAA,0
B6CHA3-317,HCKDNPKRACRMCACCICGGKQDPEKQLLCD,0
Q18823-435,KCQCKPGVTGRFCDQCLDGFYDFSTNGCKNC,0
P19145-602,IMATKPRWYRIWNFWC***************,0
O44568-386,QEQHLEDRLDHIIENCIVE************,0
P26358-893,SPPKTQPTEDNKFKFCVSCARLAEMRQKEIP,1
P20274-159,WVALLMTFFAGIFYMCAYRMHECRRLSTPR*,1
Q80TP3-1201,DIFECRTCGLLESLCCCTECARVCHKGHDCK,0
P53819-9,*******MEIENEQICTCIAQILHLLNSLII,0
P51152-208,EIPPELPPPRPHVRCC***************,0
P42890-104,DKSIVGSITNTNFGVCLDV************,0
P04191-674,DDLPLAEQREACRRACCFARVEPSHKSKIVE,1
Q9JJX6-227,SYLKSCIYNARTDPFCPIFRLGQIVADAGHS,1
Q86SE8-42,RRTWTFRPQLEGKQSCRLLLHTICLGEKAKE,0
Q920P3-415,NGFWGTFLESQRSCVCHGSTTLCQRPIPCII,0
Q1L8P7-418,NSHCVMGRNSDVSCVCNVGWAGNGNICGPDS,0
B4HR35-123,EALRQGRHARDDQRPCPGIDEAMSYAEVMKL,0
P17182-389,GETEDTFIADLVVGLCTGQIKTGAPCRSERL,1
Q6ZWV3-105,RLHPFHVIRINKMLSCAGADRLQTGMRGAFG,1
Q9Z1B3-220,EDFTPDVYRVFLNNLCPRPEIDNIFSEFGAK,1
Q3TXS7-184,ESNDVPGMLAYSLKLCMSLMQNKQFRNKVLR,1
P19137-299,SSCPWDEEAKQLQCQCEHNTCGESCDRCCPG,0
Q18206-586,CNGKVCTKNDIAISSCDAPQCCPPFINVDGV,0
Q9R1M5-1022,LVDCQLTQNCCEDLACMITTTKHLKSLDLGN,0
Q9DCK3-190,DSCGLHEPGTWWKSPCYETVKAWLQENLLAV,1
Q5U316-201,DVVKLTKNSKRKKRCC***************,0
Q8VC28-242,WVDQNSPVLLNDPVLCDVAKKNKRSPALIAL,1
Q9BXT5-104,TPSNSASSSEVVPGDCAVLTNGLDTPCFKTS,0
P54071-154,IRNILGGTVFREPIICKNIPRLVPGWTKPIT,1
Q91W90-373,DVTIAEVDCTAERNVCSKYSVRGYPTLLLFR,1
Q9CQ60-236,GTLPAALVQPRTGALCWFLDEAAARLLSVPF,1
P12932-237,LINHGINPSSIDKNYCTALQYYIKSSHIDID,0
Q05683-45,CQVAQKFTGGIGNKLCALLYGDSEKPAESGG,1
Q98T89-47,CASDVSKCLIQELCQCRPGEGNCSCCKECML,0
Q14344-236,VDVGGQRSERKRWFECFDSVTSILFLVSSSE,1
Q9S9P0-595,WPLDKKFYEGVIKSYCRVKKMHQVTYSDGDV,0
Q9P7H8-649,LSTKDSTRISEVLSSCFTIISTSNNKNDNFF,0
Q9QYF1-30,YLVTPKIRKMLSSGVCTSNVQLPGKVAIVTG,1
Q09922-412,EPSNVCDIQISSQSNCIPDPSYERTEASFTI,0
P97772-565,CKENEFVQDEFTCRACDLGWWPNAELTGCEP,1
P21981-619,AEVSLKNPLSDPLYDCIFTVEGAGLTKEQKS,1
Q9R0P3-181,YRSVSAFAPICNPVLCSWGKKAFSGYLGPDE,1
F7C3A0-1102,PNAPEGPGPAGMAATCMKCVVGSCAGMDVEG,1
P16070-77,TMAQMEKALSIGFETCRYGFIEGHVVIPRIH,1
Q90240-1330,GASMSALVLTACIIWCVCSIKSNRHKDGFPT,1
O70252-281,FYAAQPDKGTLGGSNCPFQTTVAVLRKPSLQ,1
D3Z3G6-179,LHRDLKPSNLLINTTCDLKICDFGLARIADP,1
P62937-115,MANAGPNTNGSQFFICTAKTEWLDGKHVVFG,1
Q3UTY6-975,ESCNTQDCVPEVDENCKDKYYNCNVVVQARL,0
Q9USH8-123,CCDGSDESLIKCPNTCAQKAREYLATLEEHN,0
Q4LDG0-321,LSHERVIQVSNVLSFCGCRADDVVYDVLPLY,1
Q09740-346,SVMKGNYDHYMIKEICEQPDSLLNTMRGRVN,0
Q3U5C7-158,SRAGPGVCWHPSCFVCFTCNELLVDLIYFYQ,0
Q9USK8-251,FWGEDGGPVSIQFKGCYVSDYDHYGDTEAFG,0
Q8CAK1-166,TVEPSPELHVWAVLPCVPQTSETAPLEERVE,1
P56705-215,THMRVECKCHGVSGSCEVKTCWRAVPPFRQV,0
P29293-226,NSTQWYNGRVTSTNVCAGYPEGKIDTCQGDS,0
P54756-147,FTLRDCNSLPGGLGTCKETFNMYYFESDDQN,0
P26769-607,RATALPAFKYYVTCACLIFLCIFIVQILVLP,0
P41990-270,ICSIDSSSSTGYKCHCPFEFVGSQCKTPLSK,0
O08914-561,PVAVQCVALPWQEELCLRFMREVERLMTPEK,1
Q5ND28-484,QQVWGALTNLGSALPCGSLSNYKLPWVTVSH,1
Q9BVA1-354,SYFVEWIPNNVKTAVCDIPPRGLKMSATFIG,1
P35424-54,KGWCLDCCQHTDLTYCRGCTMYHVCQWCSQY,0
P54657-44,VRFNNGDKWNDKFMSCLVGSNVRCNIWEHNE,0
G5EGU2-227,MKEVGVPLLAVMKNNCMSSFFKKYHHTPPTN,0
Q8BH86-97,IRTICPQLQKYKFGTCTGILTSLEEHSEQLK,1
Q99N43-109,WCYVAEHEDGVYWKYCEIPACQMPGNLGCYK,0
Q9BEA0-932,NECQLGMHTCGENATCTNMEGNYTCMCAGSL,0
A0A5S9MMK5-10,******MMTTTVQKNCWRLDQTMLGLEKPGS,0
Q9IZU7-87,YRWNYSHSIAVWLRECSRSHAKICNCGQFRK,0
Q9Y7U6-553,GDTSFPNGIFTLLTHCYSPTCAKDHPCYSIS,0
Q6AWG9-985,RYDADTTDSTWICVFCKRGPHKLGLGDLFGP,0
P53811-230,KQEKRIFTNLHRQLFCWIDKWIDLTMEDIRR,1
Q1L721-169,NNVHYYEEVEMVCPICATLPWGDPIQTTGNV,0
Q8BMF5-855,SVCQEMVTELRNIILCQDNIHPRRRRSGGLP,1
Q9WUI9-1465,GMDMIKQEGDGSRKYC***************,0
P32299-357,KKSREVYRVLCQKGGCMGEPVQMENSMGTLR,1
Q9V477-757,LCHCCDFQACDCKMECPDRCSCYHDQSWTSN,0
Q3TL26-148,EPLQRNMDGELQVVHCDFFKMDPRYQEVVRP,0
Q60605-32,QLFDRTGDGKILYSQCGDVMRALGQNPTNAE,1
Q5N8X6-696,CDYRGTFSPNKCRRGCGQPTQRWYHVPRSWF,0
P11352-154,TALMTDPKYIIWSPVCRNDIAWNFEKFLVGP,1
P20334-87,RFKKFCSSTHNAECECIEGFHCLGPQCTRCE,0
P25432-69,FYETKCNPMGYMKEGCRGIEKRYWNSQCRTT,0
P12970-182,VVFLPALCRKMGVPYCIIKGKARLGHLVHRK,1
P01375-30,EALPKKTGGPQGSRRCLFLSLFSFLIVAGAT,1
Q99L48-218,QHAQKMVEFLQGIVPCRYKASQRLISQDIHS,1
O88986-26,LSPGRRAHSALAQLRCILDSELEGIRGAGTW,1
Q54JL7-351,KYDPNLQMECRFQNNCTGAPDHSFKIWNIMA,0
Q6YXY2-965,NQLMGHNENENSCQLCKVEKLTFEPPPIYCS,0
Q4VBD2-143,PLRVFLALFRLLTLPCYGLRDRRLLQPAQVC,1
P40189-54,QLHSNFTAVCVLKEKCMDYFHVNANYIVWKT,0
Q5XIL0-256,DKLRILPCAHAYHSRCVDPWLTQTRKTCPIC,0
Q9WV34-310,FVKRDLELTPTSGTLCGSLSGKKKKRMMYLT,1
Q5T8D3-16,MFQFHAGSWESWCCCCLIPADRPWDRGQHWQ,0
Q61129-64,VFCQPWQRCIEGTCICKLPYQCPRAGTPVCA,0
Q9Z2A9-2-53,PGAFTRAAVAADSKICSDIGRAILQQRGSPV,1
A0A1B2JLU2-114,SVFFRNCRDCKCTLACQQFRVRDCRKLEVFL,1
Q921I1-597,LCPDGTRKPVKDFASCHLAQAPNHVVVSRKE,1
Q12879-870,DRPGLLFSISRGIYSCIHGVHIEEKKKSPDF,1
Q8NB12-276,ERKRQLKKQYYFDCTCEHCQKKLKDDLFLGV,0
Q91VD9-564,GADGGCITRQDLPKDCFIVYQGHHGDVGAPM,1
Q9DDC9-328,IYGLYTPSFREDVQLCLRGIEAAISQHVRHK,1
Q8R3N6-140,SNTFYSAGKNYLLRMCNDLLRRLSKSQNTVF,1
Q7TNC8-380,TRESRFNFSGYGMGHCLQMKDGTAVKATPAN,1
Q9ZWJ3-395,WNSTLESLCGGVPMVCWPFFAEQQTNCKFSR,0
O43897-745,DKDECSKDNGGCQHECVNTMGSYMCQCRNGF,0
Q86VF2-1133,NELGASKPSDTSQPWCIPRQRDRFTVKAPCY,0
P09382-17,ACGLVASNLNLKPGECLRVRGEVAPDAKSFV,1
P17427-396,DVSVRQRAVDLLYAMCDRSNAQQIVAEMLSY,1
Q8VCZ9-414,LGQAGYMVYKSIPYGCLEEVIPYLIRRAQEN,1
P56199-756,QERKVQRNITVRKSECTKHSFYMLDKHDFQD,0
O43506-472,KFLPSGTLCRQQVGECDLPEWCNGTSHQCPD,0
Q8TE23-520,KKPVGIHVCCFECIDCLPGTFLNHTEDEYEC,0
O70146-607,VARYRNLNCEAGSLLCHRGHHAKPPTPSLQL,1
Q9W0A0-892,NFDQRSTMSTDYGDDCNASGRVGSYSINYNH,0
P27026-173,KPNNHFHFEVFNFVPCSICSNNPTCWAICKR,0
A6BM72-249,CQNGGTCHHITGECACPPGWTGAVCAQPCPP,0
O96539-64,RRCGYYCYKLRNQETCCPCYTIKCNGLEFKL,0
Q8NHM5-1097,LCVCMRVCRTWNRWCCDKRLWTRIDLNHCKS,0
Q99LH2-329,QASHPLSWGRILFIGCITAPTVRQYYAYLTD,1
Q9FL28-831,AALLLVLLLVLILTCCKKKEKKIENSSESSL,1
Q3UPL0-457,AQLQHAVQSQGFIGYCQKKIEASQTEFEKNV,1
F2Z460-74,EQRNVYKDYRFLELACDSQEDVDSWKASLLR,1
Q9Z2I8-256,VEVNPFGETPEGQVVCFDAKINFDDNAEFRQ,1
Q4LDG0-248,NLEEVLPKLLAENIHCFYLGHSSPTPGVEAL,1
Q8NEQ6-85,NRGLVTPPMKTYIVFCGENWPHLTRVTPMGG,0
A1ZA47-2171,ALNHNYHSQCFNCTFCKQNLEGQSFYNKGGR,0
P04937-518,RGQWACIPYSQLRDQCIVDDITYNVNDTFHK,0
P07724-269,EITKLATDLTKVNKECCHGDLLECADDRAEL,1
Q80XN0-63,SQADAASGKAILITGCDSGFGFSLAKHLHSK,1
P17427-171,VAGDTMDSVKQSAALCLLRLYRTSPDLVPMG,1
Q9Z2V4-407,RPQDAEPCAHPNSRFCTPASQCPIIDPAWES,1
Q6DJG6-168,EAMWLSGFTSDPREVCSCLYDLETNVCESFN,0
P04083-263,MNKVLDLELKGDIEKCLTAIVKCATSKPAFF,1
Q6ZQ18-763,VEKFQKAPFEEIAAHCGARASLLQSKLNQIF,1
Q9D404-264,SRARALSSNPDPKLACRPFHPERDGFVMGEG,1
Q91ZE5-55,QCNENASCFNSTHCVCKEGFWTGSENRRIIE,0
P97685-213,YFSNVMLQDMQTDYSCNARFHFTHTIQQKNP,0
Q61500-261,KIRHFPNEFIVETKICQE*************,0
E9Q8I9-2983,GTYALVGSNHSLTEICTKLMELNMEIRDMIR,1
Q14667-1709,AQQAQQVQRIISRCNCRMYYISYSHDIDPEL,0
P24530-19,PPSLCGRALVALVLACGLSRIWGEERGFPPD,1
P84096-188,VRAVLNPTPIKRGRSCILL************,0
P0DOT1-43,SFIASPEYYSAEKYMCRYTILNHNCVNVRRC,0
Q04592-934,CVMNCPSWKFEFKKQCHPCHYTCQGCQGSGP,0
P0C9M6-350,LLKNYYSKNMLAYDICCIDNYL*********,0
P51579-140,VQGRCPEHPSVPLANCWADEDCPEGEMGTYS,0
Q13591-853,CPVDGVWSCWSPWTKCSATCGGGHYMRTRSC,0
Q9ERZ3-289,AEAENFVHPTGSSRSCSSYELQQQGTKRSSR,1
Q99JY0-436,WGGSLSLGHPFGATGCRLVMAAANRLRKDGG,1
P29474-26,PGPPCGLGLGLGLGLCGKQGPATPAPEPSRA,1
Q02790-342,MCHLKLQAFSAAIESCNKALELDSNNEKGLF,1
P25962-358,YCRSPDFRDAFRRLLCSYGGRGPEEPRAVTF,1
Q10NY2-1052,DATVCIFNASSLRLQCRILPASYLPQNISSN,0
Q8V4V4-66,VYNKDIHPAIKKLVYCDIQLTKHIINQNTYP,0
Q6UX41-434,SFFNINDQSLIYTLTCRFEGLLRPYIEYPSY,0
Q5FYA8-543,FSVFNTIWKPWLQPCCGTFPFCGCDKEDDIL,0
E9Q0U7-34,RAGGIETIANEFSDRCTPSVISFGSKNRTIG,1
P34508-158,FRFPSNAHYYGQMGICISYNTVSLATIAQQL,0
O35927-805,LLCGETNGKDTESSGCWGKKKKKKKSQDQWD,1
F7A4A7-793,YEETLNFCVPIYHCRCHYRGSIYQPGELIPT,0
P56716-1234,YSVMGDCTSEMVSKSCNSSCEMHMVSKTNPP,0
Q9WTU0-863,SVDLEDYEEQDHLDACFKDSDYVYPSLESDE,0
Q10N03-3,*************MSCSCGSSCGCGSNCTCG,0
Q00013-242,RVASMAQSAPSEAPSCSPFGKKKKYKDKYLA,1
Q8VCW8-467,LTNLNVPGELYIRGYCVMQGYWGEPQKTFET,1
Q8CFN2-2-157,AEKLARDLKAVKYVECSALTQKGLKNVFDEA,1
Q99LB2-89,VATLQGEGLSVTGIVCHVGKAEDREKLITTA,1
P34927-268,DCAHFTTDGRWNDDVCRRPYRWVCETKLDKA,1
Q91ZP3-877,VQEHAKTNISSYVRLCEVVDHVFPLLKRSHS,1
Q571I9-71,PAPCQDPITGENLASCLQAEAEDIAAAVEAA,1
Q30KN4-42,YIKRIYDTCWKLKGICRNTCQKEEIYHIFCG,0
P23229-1078,AGILMLALLVFILWKCGFFKRSRYDDSVPRY,1
O35516-541,GPVCQIDIDDCSSTPCLNGAKCIDHPNGYEC,0
O35516-654,GLNCEINFDDCASNPCMHGVCVDGINRYSCV,0
Q7TNG8-439,FAENLGRRALALGGTCTGEHGIGLGKRQLLQ,1
Q9JK23-170,FGFQPRKSMQVTVLTCRHITDYKTPESTCSL,1
D3Z223-145,HPYFHEIYSDRRYKVCDVPLDQLPRSESLKD,1
O55135-152,VFRQTVADQVLVGSYCVFSNQGGLVHPKTSI,1
Q18078-223,AEGPSPCNGCDKNMTCFILSEYERFKKQAHK,0
Q91XD3-2,**************MCTGGCARCLGGTLIPL,0
Q791V5-160,TLRSMVQFIGRESKYCGLCDSIVTIYREEGI,1
Q9H175-228,CGCDCRLYCDPEACACSQAGIKCQVDRMSFP,0
P58283-681,CGTGLIKSEGCNRMSCRCGAQMCYLCRVSIN,0
Q9EQR5-31,GCFSLLLWLWALCTACHRKRAQRQQTGLQDS,1
Q8VC19-265,WCSNDYLGMSRHPRVCGAVMETVKQHGAGAG,1
P78504-383,GPTCSTNIDDCSPNNCSHGGTCQDLVNGFKC,0
O60159-123,RGYCTSHWYYNEKFCCWYSETMGSSCTAWKP,0
Q9ULF5-435,LSLLGVILVPIINQGCFKFLLTFLVALAVGT,1
Q8QZY6-187,GASYSREKCGVPFSCCVPDPAQKVVNTQCGY,1
Q2KHP8-410,GGCYKHTFYGIESHRCMETTPSLACANKCVF,0
P35123-624,VPKHKLTLESLYQAVCDRISRYIKQPLPDEF,1
P97315-25,CGVCQKTVYFAEEVQCEGNSFHKSCFLCMVC,1
O00299-178,SQRKFLDGNELTLADCNLLPKLHIVQVVCKK,1
Q7TPR4-180,NIQNFHISWKDGLGFCALIHRHRPELIDYGK,1
P12004-162,ICRDLSHIGDAVVISCAKDGVKFSASGELGN,1
D4AD53-105,GQLKACTNFDDILSVCDDYDVTCNEFFFDRN,0
P06909-267,TGSGWSSQPFCEEKRCSPPYILNGIYTPHRI,1
P14824-59,LELITSRSNKQRQEICQNYKSLYGKDLIEDL,1
P78310-260,GTLLALALIGLIIFCCRKKRREEKYEKEVHH,1
Q556C6-96,NPSKECINPSNYKIMCAMMFPECIEINGTNI,0
A4D1S5-215,SSPVLMAQGPSEKTHCTC*************,0
P31040-305,LEFVQFHPTGIYGAGCLITEGCRGEGGILIN,1
Q1PA41-2622,IMTSYYRGYNQEYHGCNCPGGRRPCTRAEAV,0
Q09419-156,NGEWVKDGIVINDVECQIIT***********,0
Q6GPH4-156,GERISAPEREIYCHYCNQMIPENKYFHHMGK,0
B4QMF4-604,RPLATEQCEITIENCCNMNICETPCFDPKLV,0
P51660-175,GQANYSAAKLGILGLCNTLAIEGRKNNIHCN,1
Q3TXS7-633,AVESLGFILFRTPEQCPSVVSLLSESYNPHV,1
Q8IZT6-1162,LIHHYHPCYVPFDAICQRTTQTVECTQTGSV,0
Q9LFL7-4,************MGNCLKHFKQQLPSIAPKP,0
Q8BH95-111,AGADIKEMQNRTFQDCYSSKFLSHWDHITRV,1
Q9DC28-255,LCKGYPSEFATYLNFCRSLRFDDKPDYSYLR,1
P49015-585,HKIESTLTKHKGIFYCSVALATNKAHIKYDP,0
Q6ZWV3-80,LEAARICANKYMVKSCGKDGFHIRVRLHPFH,1
Q9WUH1-156,FLGGVLVALKQTMGDCVVLRVPQVRVSVVPM,1
Q09388-577,TPFYVLATIYGFCETCKASPSFNTLYTISYY,0
Q9IAB2-511,SCWNCGRKASETCSGCNIARYCGSFCQHKDW,0
P46735-509,SKCSRFLNDTTLPHSCFRIQHYAGKVLYQVE,1
Q9HB75-691,IDVDADRPDCVEGRICFVFYSHLKNVKEVYV,0
Q80U72-224,LSALPPELGNLRRLVCLDVSENRLEELPVEL,1
Q9EPT5-586,YGLLIDSSCIRWNYLCSGRRGACAYYDNDAL,1
Q9NR48-2628,CMGVNSDVEHYLCEQCDPRPVDREVPMIPRP,0
P12970-199,IKGKARLGHLVHRKTCTTVAFTQVNSEDKGA,1
P36143-201,GSDQGILNQFFNQNCCTDELVKDSFSREWVQ,0
P47791-80,GARAAVVESHKLGGTCVNVGCVPKKVMWNTA,1
Q5VTY9-410,GVTVENGVRRLVETPCIQDSLARYFSPQARR,1
A0A1P8B554-89,QAPASWSGRFWARTGCNFNSDTGQGTCLTGD,0
Q922Q1-274,LIGDVEMKRVLSCPRCVLTTVDPDTGIIDRK,1
Q9CQ74-66,IARRLVDDTDAMSNACKELAIFLTTGIVVSA,1
P17987-236,GSQGMPKRIVNAKIACLDFSLQKTKMKLGVQ,1
Q8BVZ1-284,FHPPKTQELWGSWSPCLENGRSHSEVELETL,1
Q8R3P0-275,VFVSLDGKVIPLGGDCTVYPVFVNEAAYYEK,1
Q54D75-57,NGLPVEVKYLMKLRDCKNIVHLIEYFYSNDD,0
D3YTQ6-517,GTAGKRVSLLEAQGSCKWWTVLASPWLVLLC,1
P51882-84,WKNANEASTVCQQLGCGNPLALGHLTLWNRP,0
Q16627-35,TKTESSSRGPYHPSECCFTYTTYKIPRQRIM,0
Q62918-329,PDCPAKSAPAYVDGKCCKECKSTCQFQGRSY,0
Q86BF9-10,******MKQLIFLLICLSCGTCSIYALKCRS,0
B9FKM7-692,AKEVIDIMTESLYDKCVDEHGVVDFARSGGM,0
Q13753-464,FYNDPHDPRSCKPCPCHNGFSCSVMPETEEV,0
Q91WG8-183,LISMCEDHDRILLAGCPSYDKLLSAKNKDYM,1
Q60991-349,GISVHFTREQLDSLVCLESTILEVLRLCSYS,1
Q8R1Q0-160,TMFLYNDTIALKQEKCKTFIVRQLEVAGKEV,0
P11716-2326,PMLLAKGYPDIGWNPCGGERYLDFLRFAVFV,1
Q9BX84-52,HRCTPVCQVCQNLIRCYCGRLIGDHAGIDYS,0
O08914-293,LSVGPMARDVDSLALCMKALLCEDLFRLDST,1
Q6PB66-207,IQPNRVTYQRLIAAYCNVGDIEGASKILGFM,1
Q99KE8-181,IHTGDKPHKCEVCGKCFSRKDKLKTHMRCHT,0
P39087-858,LYKSKKNAQLEKRSFCSAMVEELRMSLKCQR,1
P63115-497,VHRFTESMTRWGQELCFVVYPQGSLEEEENG,1
C9J841-125,NTAFRSSVPNIKLAKCLVNSAGCHLVAGLLF,1
O45380-641,TNRRSVDTYRVYQDECIDLADKINEIFKDPN,0
A2ARP8-1072,LAEEEHVSSATSITECDKLSSFATSVAEDQS,1
Q6ZRP7-122,DVRDWASAIRVAALDCMEEKNQAVCHDYDIH,0
Q8JHW2-402,NSVCINIIGSFRCGQCKTGYVGNQTAGCFPR,0
O43175-369,IQVITQGTSLKNAGNCLSPAVIVGLLKEASK,1
Q8W4H7-152,ALLAFTLGVKQMICCCNKMDATTPKYSKARY,0
Q8JZZ7-1133,KVRKEYGKCFRHWYCCGGLPTESPHSSVKAS,1
Q8VCR2-215,TAELDTLGKTGIQTSCLCPVFVNTGFTKNPS,1
P15105-209,NAEVMPAQWEFQIGPCEGIRMGDHLWIARFI,1
Q90Y54-726,CNNGGTCHDEGDTFKCRCSPGWEGATCNIAK,0
P0CB22-632,RPVRVEWKDLDKCNVCHMDEEYENNLFLQCD,0
P47740-220,TLELGGKSPCYIDRDCDLDVACRRIAWGKYM,1
Q71U36-316,QMVKCDPRHGKYMACCLLYRGDVVPKDVNAA,1
Q3L254-152,KQGYYNQEEGWKWGGCSADIRYGIEFSRRFV,0
Q9D1F5-31,HIFQAHQVKKSLKWTCKACGEKQSFVRAYGE,0
Q8W475-199,CDSPFYQHNKGIVNICEKCFKNGNYGENNTA,0
Q91V76-187,EVQAKRRTGELNFVSCMRQTLEEHYGDKPVG,1
P28908-65,MGLFPTQQCPQRPTDCRKQCEPDYYLDEADR,0
Q6PDX6-530,LICMDSYSMPLTSIQCWHVHCEECWLRTLGA,0
Q9VTT0-565,APIDGGWSTWSPWAVCQQHEQPDSNCQCRQR,0
Q17QL9-157,LIIEAKDQQKHFPPLCCCPPWTMGEVLLFRC,0
Q3TNA1-248,GMNLLQIQEKVWSQACLDVCAPHLEEKLGSP,1
Q9DCN2-284,PLILMCGPPPMIQFACLPNLERVGHPKERCF,1
O57220-125,LLKNDSFLYNVYPGACDFLVIWVARACDTSI,0
P49799-95,LKSEYSEENIDFWISCEEYKKIKSPSKLSPK,1
P25823-1724,IKESMWSHIEPFCLPCALPIRPKGTADWVDA,0
Q9CW42-303,SDRKEPLETLKSYRLCDPSEQALYGKLPIFG,1
Q5M9B3-196,DDETQEICGGHGKCYCGNCYCEAGWHGDKCE,0
Q7TMY8-4102,SPGDRVTYTINPSSHCNPNHLSYFKFVGRIV,0
Q3UHK1-603,GKKLEEIESLFDHRLCSCGAADSDEGRYIEY,1
F8W7T1-64,LMPPGKLKLENLFHMCTRLGDQFYKEAIEHC,1
Q61554-231,AWGHPCEMCPAQPHPCRRGFIPNIRTGACQD,0
Q9WVB4-1134,QTSPCDQYECQNGAQCIVVQQEPTCRCPPGF,0
Q8C088-63,CAQAFIDTIQFWKQGCSGPRWCVGYERRIRY,0
P56677-477,GRCIRKELRCDGWADCPDYSDERYCRCNATH,0
Q3TB82-178,QTRFSALTRRHHCRKCGFVVCAECSRERFLL,0
Q8J025-264,SYQPPLQNAKNHDHACIACRIIYRSDEHHPP,0
O88986-215,GAFSMDGDIAPLQDICRLAAQYGALVFVDEC,1
Q64458-372,RFIDLLPTSLPHAVTCDIKFRKYLIPKGTTV,1
Q9IBG7-492,TCLKRHTPPGQCCAKCQQGCEYEGLIYRNGD,0
Q5DTM8-943,KDAVLTKCFHVFCFECVKTRYDTRQRKCPKC,0
Q69555-380,RRNDEVPMVIMEVEYCNYEADDYMELHSVQK,0
Q8RYC8-839,AVTDQIDVSTAGTTYCPDVVGPVQQQQTFPL,0
P08290-54,RWGGQPPSRPFPQRLCSKFRLSLLALAFNIL,1
F6YL81-19,MKTSIQRGLVLRNESCSVNYTTDFIYQLYSE,1
P35613-242,KSSEHINEGETAMLVCKSESVPPVTDWAWYK,1
Q3LFN0-195,RFSVSMFFLINFFFTCAAVAAFLVLYKIGAH,0
Q13085-813,CIHYVKRPGAALDPGCVLAKMQLDNPSKVQQ,1
Q9M0G5-587,TDKQEMKRVMQIGLLCTQESPQLRPTMSKVI,0
Q8BGC4-218,TCSSDEKAAFLKSIGCDRPINYRTEPVETVL,1
Q9WU38-557,IIDFIWITIIKLVASCKGLRRRRPQAPYTGP,1
Q9FK76-676,YGCSVNITNIDPTFKCPSKIPPGYNHNYPSI,0
Q7JM44-1600,EAQNDHYWPSPDRRSCMSAPPVAMQRDFDDR,0
Q9EST5-123,PLKRLDCLKSLDLFGCEVTNRSDYRETVFRL,1
Q4V3D2-347,AKQQVKLHMVQETFACFSFTSNTDKAFPVVN,0
P08962-146,HTASILDRMQADFKCCGAANYTDWEKIPSMS,1
Q8BUY8-205,EPWFGPREEANMGSWCYPRPRAREETSNESA,0
Q5DTK1-786,SKETGFWRDYGYGITCIYKSDLLGAGGFDTS,1
Q99K82-381,DKIFLEFEEPFWGPECNSLQFVWEDEAESCT,0
Q9XEC6-212,LMQCTPDLSSSDCNHCLRENVRYNQEHNWDR,0
P12318-241,TAVAAIVAAVVALIYCRKKRISANSTDPVKA,1
Q7TNG8-369,ALALSPGSKAYSTDVCVPISRLPEILVETKE,1
Q9FNI6-367,QKQALHWMTQLEKGNCTDEAATMLHPCWEAY,0
Q6IVU5-61,DTNLITCNDHYLCLRCHQVMLRNSDLCNICW,0
P11499-564,EKKKMEESKAKFENLCKLMKEILDKKVEKVT,1
B0QY90-319,QKGDPQVYEELFSYSCPKFLSPVVPNYDNVH,1
A0A0R4IDP3-159,TCVLKMDHHCLWLNNCMGFSNYKFFMLFLLY,0
Q03350-876,NEDIDDDGHQNNQDNCPYISNSNQADHDNDG,0
Q8R164-234,LPEGNICRHLLPLVQCPTLIVHGEKDPLVPR,1
Q70VB1-565,ENHYSNETDMDHCLVCNNETHWAPVRSTMCF,0
D8V078-1634,WGQECWGYVNELDIICVADTISYPKIQVPQY,0
Q70X92-27,IKQWDHRFHMYGGQTCSPLMAGSWDDRTPLH,0
A8MQA4-58,MIRNCYCCLGKKFDYCSPNQQNCLFRCEEVN,0
Q32KJ6-509,AVMNWAPPGCEKLGKCLTPPESVPEKCFWAH,0
Q9D2P8-26,RLSKNQKFSEHFSIHCCPPFTFLNSKREIVD,1
O09173-35,RCPGSLPKGQNNPQVCPYNLYAEQLSGSAFT,1
P0C9P6-29,AGQCVSVDHYHILKCCGLWWHNGPIMLHIRR,0
P61793-328,YRDKEMSATFRQILCCQRNENPNGPTEGSDR,1
P26639-137,VNNVVWDLDRPLEEDCTLELLKFEDEEAQAV,1
Q9QXE0-134,QEAMGAFQEFPQVEACRLYTKFSARPSTIEL,1
P34932-417,ISLRWNSPAEEGSSDCEVFSKNHAAPFSKVL,1
O88307-1183,GMCIRSSWVCDGDNDCRDWSDEANCTAIYHT,0
Q8VHE0-366,EEREFRAPTLASLENCMKLSQMAVQGLQQFK,1
Q9BVA1-129,DSVLDVVRKESESCDCLQGFQLTHSLGGGTG,1
F8WJ05-541,ADVRARGEKQEFRATCLVDEEEMKKLLRERG,1
Q8WZA6-122,YGVLESFLLVVMAYHCYVAICFPLHYTTIMS,0
P0C6X8-6258,RVMFRAAMLCNRYDVCYDIGNPKGLACVKGY,0
Q9P7R5-238,NCLVSIRTCMLNAKKCFTDAFCEILRCFYRL,0
Q9UHC6-991,NGGKCLERYHGYSCDCSNTAYDGTFCNKDVG,0
Q9JMH6-496,YDNVPTTVFTPLEYGCCGLSEEKAVEKFGEE,1
Q8BH86-54,VVVLPRSLAPAFESFCQGNRGPLPLLGQSEA,1
F6NSX9-860,LVTHFQQIRATPNSTCTLCSPPMMLPNWCSV,0
Q05793-1159,YTRVPSGLYLGTCERCNCHGHSETCEPETGA,0
Q2QYL8-238,MCMLEMLTNEYPYSECDNPAQIYKKVTAGKL,0
P14326-238,NHYTNNDSERDEITCCPLKATIDQLKDFPET,0
P32241-37,ALGPAGGQAARLQEECDYVQMIEVQHKQCLE,1
A6BM72-142,PDCSSGCDSDHWGPHCSNRCQCQNGALCNPI,0
Q96S99-178,QTRFSALTRRHHCRKCGFVVCAECSRQRFLL,0
Q8BFY6-238,RSAIPAMQLDCFIKVCTQLQVLTEAFREKDT,1
P19221-182,GPWCYTTDPTVRREECSVPVCGQEGRTTVVM,1
Q9D826-299,DCPKTFSDIQDVQILCHFVRDHLPGLRAEPD,1
A6ZZK4-83,MFYRTLRMIDNGIKPCYVFDGKPPDLKSHEL,0
Q0JA82-47,MVPLRGSRQHPCFPQCVEWILQNQQDDGSWG,0
Q05683-30,DGSGDPENPGTARAWCQVAQKFTGGIGNKLC,1
P30531-325,NSFHNNVYRDSIIVCCINSCTSMFAGFVIFS,0
Q9LTF4-582,IVRDNNRFHRFEDGKCSCNDYW*********,0
Q9USL1-127,YENIYATWSPSGNYCCASSRDDMLSFIDARE,0
Q3SXG2-124,LFLSIFLITFIAMDRCICVLHPVWAQNHRTV,0
Q8JZN7-216,DHGLSDEELNAFQKSCFGHPLAPQALEDVKR,1
P56656-289,ANHIQQAEFSLENLACTINNLFAAGTETTST,1
Q923B6-156,ALQSGTLDASRQVFVCGNDSKAKQRVMDIAR,1
P53996-123,LARDCDHADEQKCYSCGEFGHIQKDCTKVKC,1
G5E814-117,TLGARTHSYGTAAMGCVYMGTAAALFKIGKL,1
Q8BWT1-179,TAENLAAKYNISREDCDRYALQSQQRWKAAN,1
P03470-274,HYEECSCYPDTGKVMCVCRDNWHGSNRPWVS,0
F7A4A7-700,SPGLYYQLCRHDACKCGSPCLCNALAHYAYL,0
Q6ZR08-1774,KTQCTFIKFFLHQQACFIFSLIWSIGGSCDT,0
P09668-327,YFLIERGKNMCGLAACASYPIPLV*******,0
P07306-36,LRKGPPPPQPLLQRLCSGPRLLLLSLGLSLL,1
P98164-3754,CDGQNDCGDNSDEENCAPRECTESEFRCVNQ,0
Q8CG65-715,TLCPVSCPGGQVYQECAPVCGHHCGEPEDCK,0
Q9Z0L0-329,WLKETEVVPDKARLTCAFPEKMRNRGLLDLN,1
P22528-10,******MSSQQQKQPCTPPPQLQQQQVKQPC,0
Q1SGF1-113,TRRCQDLLFFGALEKCMVCNGNMEFDGRRYG,0
Q5NDL9-453,DWAAVFELYNCEDERCYLDLARLRGVHYITW,0
Q8TB61-80,YLETGRGLCFPLVKACVFGNEPKASDEVPLA,1
Q9R1Q7-16,MADSERLSAPGCWLACTSFSRTKKGILLFAE,1
P23333-169,DEYNSSDDDCIDYYDCDYDDDDNNDAEDEDE,0
P13503-373,FEFWQQNCPGEHIKTCIAPFFDDASKTSEKE,0
Q9HCE9-1226,TPAPSPSPSPSPQAVCWPSGWH*********,0
Q3E7Z4-29,WRVYYIYSYVVCLYMCGSDCACICVLACVVQ,0
P0C973-691,GYGIKYGDTDSLYITCPDSLYTEVTDAYLNS,0
P55072-691,AKMTNGFSGADLTEICQRACKLAIRESIESE,1
Q8R127-218,GFGDKGSLRKLRSVSCLKPVPIVGTKLKRRW,1
O55058-39,AASPQDSEEPDSYTECTDGYEWDADSQHCRD,0
Q95216-784,ITHCAHVFCKPCICQCIQNEQPHAKCPLCRN,0
Q99PL5-1136,LHSKLQSSEVEVKSKCEELSSLHGQLKEARA,1
D3YVF0-36,ASPQKERQERKTATLCFKRRKKANKTKPKAG,1
P24549-126,GGKVFANAYLSDLGGCIKALKYCAGWADKIH,1
O95859-83,IAVCCFLIIVGMLGYCGTVKRNLLLLAWYFG,1
Q6P1J1-553,SHKSTVEYNIFEGMECHGSPLVVISQGKIVF,1
Q14623-28,CLVLLLLLVVPAAWGCGPGRVVGSRRRPPRK,1
Q9W7R3-771,GGPGCESPRASCMEQCSGHGSFLADTNTCNC,0
P31040-238,DLLMENGECRGVIALCIEDGSIHRIRAKNTV,1
Q5SZA1-223,GWPFIFYIFGSIGCVCCVLWFTVIYDDPMHH,0
Q60597-604,WPGFFTLDGQPRSMTCPSTGLEEDVLFHIGK,1
Q58DT8-5,***********MDRMCEERAAEDGSDEEDPD,0
O15230-2020,ICAPGFYGNALLPGNCTRCDCTPCGTEACDP,0
H3BQF1-83,GFLFGPSLAQELGLGCVLIRKRGKLPGPTLW,1
Q7ZWF0-68,PGNFLIGGSWANDVRCWEVQDNGQTVPKAQQ,0
P38759-260,SNSPSFCLLDIQGNTCTLYIYLYVNGEVKVD,0
P23363-198,FYETKCNPMGYTKEGCRGIDKRHWNSQCRTT,0
P80315-450,RLTEYSRTLSGMESYCVRAFADAMEVIPSTL,1
Q9D0I9-312,LQSKNPDIMKAWNLICDVSREEFKKIYDALD,1
Q9QJ26-1269,MMYKVINEYCMKSNSCLNSDSEIQYSCSEGT,0
P0DN93-109,FDTYRSDRDQGHCYSCNWSINADSACISGNF,0
P26662-581,GPPCNIGGVGNNTLVCPTDCFRKHPEATYTK,0
Q9JHW2-97,GGSIPEEDAGKLYNTCSVFGPDGSLLVKHRK,1
Q9UHC6-563,SIDMCAIIDRCVPNHCEHGGKCSQTWDSFKC,0
Q91ZX7-1887,CMCTAGYSLRSGQQACEGVGSFLLYSVHEGI,1
P0C6X8-609,FTSMMVNFSHEVTDMCMDMALLFMHDVKVAT,0
A2AQR0-546,PYIEAEVKYGIKEYACTAVDMISRRTRLAFL,1
Q9R0M8-357,RGAVKAIASASASGPCIHQQPPGQPPPPQLS,1
O41801-25,PWNHPGSQPTTPCNKCYCKVCCWHCQVCFLN,0
Q2HR67-158,VAQMFMRVSVFVACQCLEHECLYWLARDLIE,0
O54734-130,ASSDIGDPLRELGSECGIEFDEEKTAVIDHH,1
P62937-62,GYKGSCFHRIIPGFMCQGGDFTRHNGTGGKS,1
P14672-223,LTVLPALLQLVLLPFCPESPRYLYIIQNLEG,1
P41588-393,NSEVQCELKRRWRGLCLTQAGSRDYRLHSWS,1
B1ASP2-16,MQYLNIKEDCNAMAFCAKMRSFKKTEVKQVV,1
Q6KAS7-891,EEDVDSSEPMYGCDICGAAYTMETLLQNHQL,0
D3Z291-207,LLTTLLAFVVRSVRPCFTQVAFLKSKYWSHY,1
Q562R1-286,ESSGIHETTFNSIMKCDVDIRKDLYANTVLS,1
H2L008-425,PTPEKEDEENVECCHCGMMFYDNTMYLLHKS,0
Q8NG35-74,ENEKPDGNCRLNFLCCRQRI***********,0
P24527-147,LFSQCQAIHCRAILPCQDTPSVKLTYTAEVS,1
Q9D7J9-183,DKSSFATPGVNVGLFCSTPAVALGRAVPRKV,1
Q27433-140,SYLLIFFTLPISACMCIKVVQEYERAVIFRL,1
Q6UY62-65,NTNLIKCSDHYICLKCLNIMLGKSSFCDICG,0
Q9D7J4-28,KPFKLLGILDVENTPCARESILYGSLGSIVT,1
O42844-281,NDELYSKNVDMWAMGCVLHTMLCGFPPFFDE,0
Q8R164-206,KPLEALYGYDYLAKTCEDWVDGISQFKQLPE,1
Q5VVY1-22,HFAFRSRWQKTDDELCRHSMSFILHKAIRND,0
Q306W7-895,QVFTGVYPFMWGGAYCFCDTENTQMSEVYIE,0
Q61510-555,RQGPESRLGRNPNSWCVEWFNNKISAWHNNV,1
Q9NVE5-798,AIKELKLMKELADNSCLRPIDRNGKLLCPVP,1
Q717B4-147,SHMNWFLPEDQFTICCKVSIVGTVFDMPVQK,0
O88962-350,HTPVLDSVMEESLRLCATPTLLRVVQEDYVL,1
P33450-4987,HSSTSTDESGNDSFTCSEIEYDNNSLSGDGK,1
Q9EQ20-368,ADLGPLITPQAKERVCNLIDSGTKEGASILL,1
P34574-1262,RKANSTKTWKQVCFSCVENGEFRLAQMCGLH,0
P24860-389,LPVMQHLAKNVVMVNCGLTKHMTVKNKYAAS,0
P13707-162,LMGANIASEVAEEKFCETTIGCKDPAQGQLL,1
Q9JM59-45,PSKKALKQRFLKLLPCCGPQALPSVSETLAA,1
Q6NS59-643,PDTEHNLASTSSSNDCHDYQTTPSSGVRTLE,0
Q60766-356,FYTLRREDWKLRLMTCAIVNAFFRLLRFLPC,1
P68181-349,EEIRVSITEKCGKEFCEF*************,0
Q76638-213,ICYMRTCNTSVIQESCDKHYWDSLRFRYCAP,0
Q9Z2T6-21,YRISPGCGVTRNFSSCSAVAPKTGNRCCISA,1
Q13064-410,MSNKACRYFAEGRGNCPFGDTCFYKHEYPEG,0
Q6DCD7-383,VCERFVCSENKHCDICNRCTSKDGRSWKHCS,0
Q9SKC2-164,KEIARVSCGHPYCKTCWTGYITTKIEDGPGC,0
P34125-240,CMEPCEKSFSLAHYKCLWCHKYLHSSCFDKH,0
Q9UBV4-348,VVRHVERCECKFIWCCYVRCRRCESMTDVHT,0
P84091-337,VRIPTPLNTSGVQVICMKGKAKYKASENAIV,1
O35400-78,VTYPKSGTNWMIEIVCLILKDGDPSWIRSEP,0
P98089-143,PDPDGCCWHWECDCYCTGWGDPHFVTFDGLY,0
P09411-50,TNNQRIKAAVPSIKFCLDNGAKSVVLMSHLG,1
Q9Z1Q2-258,RLVEECNGRRAKLLACDGNEIDTMFVDRRGT,1
Q9Y5W5-273,YPGKCICPPGLEGEQCEISKCPQPCRNGGKC,0
Q9R0P9-90,VSPKVYFMKQTIGNSCGTIGLIHAVANNQDK,1
Q8R143-63,CLRNVSCLWCNENKACMDYPVRKILPPASLC,1
A6QLU7-732,VQISAGWMHSGYPIMCHLESVSELIDETGMR,0
Q9USZ0-183,QQIYVWKFNYNNPPSCVSIDTYLVGHEGACF,0
P51863-335,KLKEQECRNIVWIAECIAQRHRAKIDNYIPI,1
E9PZ36-915,QQTQVAVQVNDIPAYCSGSCSFQYQQESTPS,0
D3YVF0-123,GALPKKKAKSRLKFPCLRFSRGAKRSRHSKL,1
Q2QP13-79,GGGAKMPHVNHGRYKCGPWVDGHATFYGGRD,0
Q9TV36-1296,VNECDLNPNICLSGTCENTKGSFICHCDMGY,0
Q62261-1900,RENEVLEAWKSLLDACEGRRVRLVDTGDKFR,1
P09528-131,LELHKLATDKNDPHLCDFIETYYLSEQVKSI,1
C0HKD2-20,MCFLWDTECPLYVYFCFFIIVLIVWQVRQNY,0
P0CAD5-42,LCFMQMKKISNYQLLCEECGQLKDWFEPDYN,0
Q9CZD3-432,LRFRQHMENEMAHYACDCWDAESKTSYGWIE,0
P70606-300,FSISSWIVAAWTVRVCERYHDKQEVTSNFLG,0
Q9Y4X5-372,CNHMVCRNQNCKAEFCWVCLGPWEPHGSAWY,0
Q5YD48-455,KPQGIKLAPQILEEICQKNNWGQPVYQLHSA,1
Q3UV74-612,YYSCARCLKDNSAIKCRECWNLLFSNTPFSN,0
P16761-656,RDRHRRDRRDSGEYCC***************,0
Q8C6G8-318,LDNNLDSVSLLIDHVCSRRQFPCYTQQILTE,1
P30988-394,LIHFQGFFVATIYCFCNNEVQTTVKRQWAQF,0
Q90744-21,ARTPPMGWLAWERFRCNVNCREDPRQCISEM,0
Q9DC37-33,ADSAVHGAPRALSALCDPSRLAHRLVVLSLM,1
P19096-1452,TAMDCPTSGVVGLVNCLRKEPGGHRIRCILL,1
Q9LUI9-107,QVVITEVFHCDGLLLCTTNDDRLVVWNPCLG,0
P10040-911,GKNCEININECDSNPCSKHGNCNDGIGTYTC,0
Q9SCZ4-840,CGDMDMDEIKYDDGNCKGKNDKSSDVYEGNV,0
P42932-244,GDVTSVKDAKIAVYSCPFDGMITETKGTVLI,1
A1L3X4-36,CKEYKCTSCKKNCCSCCPMGCAKCAQGCT**,0
Q8BMS1-349,KESKALMGLYNGQVLCKKNKFGAPQKNVQQL,1
Q8BH00-37,NSYIDSYDPSTGEVYCKVPNSGKEEIEAAVE,1
Q00PI9-306,CFEAKVTQNLPMKEGCTEVSLLRVGWSVDFS,1
Q1RPR6-539,CHLSPYGNIYGPYCQCDDFSCVRHKGLLCGD,0
Q8QFX6-720,ARLVSPSVSGQDSDLCLSFWYHMFGSHIGTL,0
P03159-340,CWWLQFRNSKPCSEYCLSHLVNLREDWGPCD,0
A6ZRD1-210,HLDPELFHDIQVSYFCAEDVRDKVKLHQHTK,0
P19096-180,LLALQNAYQAIRSGECPAALVGGINLLLKPN,1
P35953-400,GFELIDRKTCGDIDECQNPGICSQICINLKG,0
Q60634-88,AQVKIMTEKELLAVACEQFLGKNVQDIKNVV,1
P17181-463,FALPFVIYAAKVFLRCINYVFFPSLKPSSSI,1
P0C9Y3-51,MPRQQKKCSKAEECTCNNGSCSLKTS*****,0
Q8K2C8-173,LRLTILWGLGVLIRYCFLLPLRIALAFTGIG,1
O70433-92,DKPFAAKEEQLLCTDCYSNEYSSKCQECKKT,0
Q7Z698-342,QDAPDSVRTCIRRVSCMWCADSMLYHCMSDP,0
Q8CIE6-1057,DNKQEIAEAQQLITICREYIVGLCMEIERKK,1
O89746-106,EWSYIVEKASPANDLCYPGNFNDYEELKHLL,0
Q5FWL3-120,DCEHNPKRPVTCEQGCGLEMPKDEVPNHNCI,0
Q8VDJ3-53,PTYKDAFPPLPEKAACLESAQEPAGAWSNKI,1
Q61087-531,CPDQTYGHVATGCRACDCDFRGTEGPGCDKA,0
P0C6X5-4339,YFKHWSFDYHPNCSDCYDDMCVIHCANFNTL,0
H0YN29-132,LVALAFVCWRKIKQSCEEENAGAEDQDGEGE,1
Q61205-56,EVVFIGDSLVQLMHQCEIWRELFSPLHALNF,1
O43029-329,YGEEISQRPFYKTRICYYTDTADAEFVFDYH,0
Q806Y7-751,YGACTKYEYPWHTAKCHFERDFEYENNWGCN,0
Q9ESW8-149,LDVSVTISQDAGRYLCDFTYYTSLYQGRGRS,1
Q9Y4D2-935,LFNLDSKSSSFQDLYCMVVPESPTSDYAEGP,0
Q9ERM3-396,VTYFWQNWNIPVHKWCIRHFYKPMLRLGSNK,0
P26718-46,STRWQKQRCPVVKSKCRENASPFFFCCFIAV,0
Q91YT8-303,LQAKTGRRTLINPKPCGQFCCCEVQGCERED,1
Q17RS7-853,NKLSSPKIHIKETEQCVRSYETAENEESCFP,0
Q9D819-274,AKAIVDALPPPCESACSLPTDVDKWFHQQKN,1
P45844-394,KRLKGLRKDSSSMEGCHSFSASCLTQFCILF,1
P32261-54,DICIAKPRDIPVNPLCIYRSPGKKATEEDGS,1
Q64310-32,FLRVTKQYLPHVARLCLISTFLEDGIRMWFQ,1
Q13530-295,MYLTWSAMSNEPDRSCNPNLMSFITRITAPT,1
O75581-1399,IFVSGTVYFICQRMLCPRMKGDGETMTNDYV,1
P26371-154,GCGSSCCQSSCCKPCCSQSRCCVPVCYQCKI,0
O08629-652,DLVMCNQCEFCFHLDCHLPSLQDVPGEEWSC,0
B7ZRT8-292,FHHQPQDGHQLRQRDCVNDHCKEVILKMPIT,0
Q60936-617,ETYSLHRKMGGSFLICSKLKARFPCKAMFEE,1
Q7Z7M0-2814,LGSALVTLRHRLHEYCGGGGGAGGSGHGTGA,1
Q8C4G9-326,HCAKREDVWQCWWSCCPSRGDTSTTKPGAHP,1
Q4DUK4-188,MNYCVHSIMYFYYFMCACGMRKFIRPIAPFI,0
Q9Y3S2-129,CLSTHACACPLTDAECVECERGVWDHGGRIF,1
Q9R0P3-206,YLGPDESKWKAYDATCLVKAYSGSQIDILID,1
Q91ZX7-35,ATMDAPKTCSPKQFACRDQITCISKGWRCDG,0
Q8MJS1-132,EISVGVVPEQPQNVSCMQKGERGTVACSWDR,0
P30215-307,RWNNARQSDNMTAVACQPPYCYFRNSTTNYV,0
P51046-177,NLFVGSLQYDPRVYSCTFEQSASSAYTIAVV,0
Q16827-706,LSLPPGDIYNLSVTACTERGSNTSMLRLVKL,1
Q9D662-40,PSSRLEATRMVVPLACLLTPLKERPDLPPVQ,1
Q9Z1M0-499,PSRLPEQRRALEELCCRRKPGRCITTSKLFH,1
B9VUU3-1695,THRTMMYNFPTKAGQCGGVVTSVGKVIGIHI,0
Q93454-62,VIKFSPTPQDKPMLACGSWDGTIRVWMFNDA,0
E9Q557-479,NPDYRSNKPIILRALCDYKQDQKIVHKGDEC,1
Q8GX47-298,RVSKQFDELDPFYGWCKNMAVARSSEYPELE,0
Q96RT1-16,MTTKRSLFVRLVPCRCLRGEEETVTTLDYSH,1
Q9CW42-152,LLLPITPPATNPLLQCRVHGLEIQGRDCGED,1
Q9WVF7-2167,EVICHSCNFCRDLDLCKDSSFSQDGAILPQW,0
H0YBN1-16,MKMVAPWTRFYSNSCCLCCHVRTGTILLGVW,1
P83882-88,VEPNCRSKRMLAIKRCKHFELGGDKKRKGQV,1
Q9I7T7-348,QVDDKGLRVRPNRKRCIIILREISNNTPLDD,0
Q01705-1549,QYCKDHFSDGHCDQGCNSAECEWDGLDCAEH,0
Q90923-91,PPAYLTDLNTAANMTCWRSETLHHLPHNVTL,0
Q9JLJ2-74,KAAFKLWSKKSGLERCQVLLEAARIIKERKD,1
O75369-604,PSQAKIEYNDQNDGSCDVKYWPKEPGEYAVH,1
Q90WY5-5,***********MDSPCPVAVGLPGHTNGTGG,0
Q29108-319,GYGMNILKHPKCPECCVICSPGTYNSRDGIH,0
Q8BP48-193,NCYPSPLNYYNFPKSCCTSVNEVICHGIPDR,0
Q0A2K9-693,PGTFNLGGLYEAIEECLINDPWVLLNASWFN,0
Q8NFJ5-284,TKQRNPMDYPVEDAFCKPQLVKKSYGVENRA,1
Q61554-2139,DDSAVDMDECKEPDVCRHGQCINTDGSYRCE,0
E9PIN3-571,FTRTFIAVPASNSGLCIVNDELFVRNASSEE,1
Q01453-85,ILSIIFSILSLFLFFCQLFTLTKGGRFYITG,1
B1AS29-872,SFCSTVADEIRFSLTCQRRLKHKPQPPMMVK,1
Q80ZW1-224,IRKRSGGHRVPGFTFCGRDQVCYRWSKRWLV,1
A2AQR0-84,EFDILVIGGGATGCGCALDAVTRGLKTALVE,1
Q9I8M9-56,QELCQCRPTDGNCSCCKECMLCLGTLWDECC,0
Q9EST1-37,TPLDSLIDFKRFHPFCLVLRKRKSTLFWGAR,1
P36552-293,NQEDAVHFHRTLKEACDQHGPDIYPKFKKWC,1
Q9D2N4-587,TISRPIPMPIRSASACPTPTHTPQDSLTGVG,1
Q9N337-53,DYFCNQANAFYEMNSCNQQIRMQNIVNRTVE,0
Q0GA42-360,SVCSRHGLAIASHSVCLTRLLMAAAFPVCYP,1
Q8W0A1-799,KSYDIFWKNCVGQERCGVSVVPEIFGGDPCP,0
Q8JZR0-322,LAHMFERLVQGILFSCGGKIGFFQGDIRLLP,1
Q32NR9-4,************MSFCLTELYLWSLKNNLHI,0
Q6AWT8-153,KCCNCTSCSCIGSKCCDGSCCSNICCCPRLS,0
G5E902-132,KGWAPTLIGYSMQGLCKFGFYEVFKALYSNI,1
O15126-132,KNNWPPLPSNFPVGPCFYQDFSVDIPVEFQK,1
Q8R574-31,TKGGLVLFSANSNSSCMELSKKIAERLGVEM,1
Q9V9I4-317,FVITILLQTFPFCYTCNLIMEDCESLTHAIF,0
Q8VYH0-612,RDVNRFHCFKNGSCTCRDYW***********,0
P38060-307,TGVNLQKLLEAGDFICQALNRKTSSKVAQAT,1
Q15758-467,HISLILAVDWLVDRSCTVLNVEGDALGAGLL,1
P45447-624,VYDVIMCVSQAHRLNCSYTEELTRELMRRPV,0
Q96AP0-485,PPFPRTGATRGAQEPCSVWEPPKRHRDGSAF,1
P0C9Q0-244,KDKICMDLEEMMRIACIKDHSLSTIYYCYML,0
P02088-94,LDSLKGTFASLSELHCDKLHVDPENFRLLGN,1
Q5ZK36-362,NSQVDWTYDPNEPRYCICNQVSYGEMVGCDN,0
P41485-50,MPVDDIDWCCHSQDCCYNKAEMSGCNPVTQT,0
F7C312-321,KIEKAVVSQRLTESPCALVASQYGWSGNMER,1
P98167-1474,GHCLPPARLCDGHPDCPDGADEESCLGQVDC,0
P78371-395,QQILDEAERSLHDALCVLAQTVKDSRTVYGG,1
Q9UL26-194,GFKLRRQPSEPKRSCC***************,0
O13731-1436,RGVFVSGCGHLMHLGCFKNYYVARSMYRNDV,0
Q9Y487-247,EQIGHKVKKICDCYHCHVYPYPNTAEERREI,0
P21333-1997,LLTATVVPPSGREEPCLLKRLRNGHVGISFV,1
D3YTY9-83,SPTFYSFKYLIKEGNCSAQSGLAWQDCDFKD,0
Q91XD4-57,PSTNRTVYTFVGQPECVVEGALHAARTASQL,1
Q9GZU1-565,SGKFRRGSGSACSLLCCCGRDPSEEHSLLVN,1
Q54QR7-111,QCCSDKQHCCPYQFTCGNGGNICKPQQGLRF,0
O70421-111,QYNGERGISIPDHGYCQPISIPLCTDIAYNQ,0
Q96RT1-32,LRGEEETVTTLDYSHCSLEQVPKEIFTFEKT,1
O09173-180,IYTEFGKMSLQPNEICVIQRGMRFSVDVFEE,1
Q9FJB4-96,CFLLGARPQDIPLVYCFFYVIFVPLRWIYYR,0
Q66GP9-107,KEEIIARKVVDTSVSCCYGCGAPLQTSDVDS,1
Q99497-53,LAGKDPVQCSRDVVICPDASLEDAKKEGPYD,1
Q5W7P8-389,KCEYQCQPVSQTDYRCICAEGFAPVPHDPHR,0
Q9CR57-54,DGPCTRVRRQAMPFKCMQLTDFILKFPHSAR,1
Q9WDA6-3200,WEPSRGWNDWTQVPFCSHHFHELIMKDGRTL,0
D3Z0R6-94,TYFDEKIPIPEEEYSCFSFRKLWAFTGPGFL,1
Q9QXZ6-506,GNSSAVLGLCKKGPECDNKLQYFLIKSVFSS,1
P11413-232,ANRIFGPIWNRDNIACVILTFKEPFGTEGRG,1
Q6ZQ38-264,IGEYLEKIIPLVVKFCNVDDDELREYCIQAF,1
C4PZQ3-169,ATATIMIMGDTCTRGCRFCSVKTSPNPPPLD,0
P55072-572,ANVREIFDKARQAAPCVLFFDELDSIAKARG,1
Q6R5J1-1145,CVACGFATFFFQSLCCFFGPQNNCGRITLPC,0
Q9WUU7-35,ASAARARLYFRSGQTCYHPIRGDQLALLGRR,1
Q16555-504,AELRGVPRGLYDGPVCEVSVTPKTVTPASSA,1
P24530-402,YLVSKRFKNCFKSCLCCWCQSFEEKQSLEEK,1
Q8VE09-84,LNAMMTFEEEKMQLACDDLKTTEKLCESEEA,1
Q5ZK92-217,SKPQMEVYNDSTNLACRNGHLQSESGAVPKK,0
P14209-154,AGAISSFIAYQKKKLCFKENAEQGEVDMESH,1
P63244-207,TGYLNTVTVSPDGSLCASGGKDGQAMLWDLN,1
O13161-381,VLHVIPTQNSAQERTCSMNFSMETPMKQPLR,0
P50652-524,EAVTHGPTFEITGPGCCPRIWRSTRPQHRPR,0
Q67253-116,NWFMLMPKQKVEGPLCIRMDQAIMEKNIMLK,0
Q9P2P5-224,LKMSIQPGKKSSFPTCAHHGQERRSTIISNT,1
Q9C8H3-426,TPRWNEQYTWEVFDPCTVVTVGVFDNCHLHG,0
Q55GA8-35,FICVICSHLQVDIYQCVEGHFACKNCFLKMI,0
Q8JZR0-121,ISYKQVSDRAEYLGSCLLHKGYKSSQDQFVG,1
Q9R099-330,YLLRTGRFEEASTMPCRLALSPDTHVLALAT,1
P07207-85,GGTCVTQLNGKTYCACDSHYVGDYCEHRNPC,0
P08292-195,QCNASKFHQGCLLVVCVPEAEMGCTNAENAP,0
Q9DBM2-471,SLSKRIGKIGVVVGNCYGFVGNRMLAPYYNQ,1
P59926-207,PDKRRFLQSKAKRKTCNPQFDESFIFQVSSK,0
Q62956-258,DTDCFACMNFNDSGACVTQCPQTFVYNPTTF,0
Q8CC86-463,AGQELRVWPRGTQEPCTVKPAQVEPLLRLYL,1
P21849-525,PTCNDSPIQNGVCGTCADNYFKMNGGCYETV,0
Q6PIE5-660,LNIPVSQVNPREAKACVVHGSDLKDMTSEQL,1
Q60930-104,TDNTLGTEIAIEDQICQGLKLTFDTTFSPNT,1
P19096-161,FFFDFKGPSIALDTACSSSLLALQNAYQAIR,1
P04637-176,AIYKQSQHMTEVVRRCPHHERCSDSDGLAPP,1
Q7TMF3-92,VDGSMVPPEWHRWLHCMTDDPPTTNPPTARK,1
Q9H1B5-826,WTDRELSSFWSVAGLCAIGPSPCPSLEPCRL,0
Q91X83-150,DQGLMFGYATDETEECMPLTIVLAHKLNTRI,1
G5E8R3-131,PGYGFLSERADFAQACQDAGVRFIGPSPEVV,1
P23785-245,CPMPNAICCSDHLHCCPQDTVCDLIQSKCIS,0
Q8BS40-165,NYHSWIVRQAVTVAFCALPSRKVFLEAMNME,1
P00817-84,IIQDTKKGKLRFVRNCFPHHGYIHNYGAFPQ,0
Q9LRE6-323,HSKMAPFRILSFDIECAGRKGHFPEPTHDPV,0
O35453-159,LPLAQRLLDVISVCDCPRGRFLTATCQDCGR,1
Q9VNL4-416,STYTCQTCGGYRLLPCPSCNGSKKSVHRNHF,0
O75083-507,VTDVAYSHDGAFLAVCDASKVVTVFSVADGY,1
P21926-9,*******MPVKGGTKCIKYLLFGFNFIFWLA,0
O45657-479,CQWCHPTQSCTTSARCTSPVTSQCPIVDGDP,0
P28481-52,NGQRYKDKDVWKPSSCRICVCDTGNVLCDDI,0
P15974-12,****MLCIYVCGVCLCVCFSVCMCVHVLCVY,0
Q9D2C2-157,LQCLCDSDPPTLLETCRLLLTCLSQTEVASV,1
Q58G82-22,ILVQNTVQGTIHKIKCVCDSQMSVSEMSCSE,0
Q8K3W0-34,SSVVRNGKVGLDATNCLRITDLKSGCTSLTP,1
O81123-16,MSECGCFSATTMLRICVVLIICLHMCCASSD,0
Q8GYD9-964,SDGWNNNGGKNEKEECCDGWKDGGSGEEIKN,0
Q99KI0-448,AQILRDVGGIVLANACGPCIGQWDRKDIKKG,1
Q9EPU0-369,IIWLRDMRLMQGDEICLRYKGDLAPLWKGIG,1
Q8LC69-142,FHVSCIDTWLGSHSSCPSCRQILVVTRCHKC,0
B2LW77-66,GWEGLHCERCVRMPGCQHGTCHQPWQCICHS,0
K7ER00-533,VGHKVNLQMVYDSPLCRLDAEPRPPPTQEAA,1
Q02817-860,KRGRWVCTQAVCHGTCSIYGSGHYITFDGKY,0
Q9JI18-4320,NQPYCHCQADYTGDRCQYYVCHHYCVNSESC,0
P36888-241,GTDIRCCARNELGRECTRLFTIDLNQTPQTT,0
Q3KNW1-175,PYHTLAGLARHRQLHCHLQVGRVFTCKYCDK,0
Q9DD20-96,TGANFQFYPQGCKVTCVDPNPNFEKFLTKSM,1
Q6ZWJ8-275,SHWEHGQEWTTPGDPCRICRCLEGHIQCRQR,0
Q9DBW0-406,VFPSVPLFARSLSEDCEVGGYKVTKGTEAII,1
E9QMN8-275,GNIVAQVTKCIWFAICNRFRNRSEDIPKRQH,1
Q2VLH6-591,CSRYIDIRLAGGESSCEGRVELKTLGAWGPL,1
Q9CQW3-137,CAMAKNECHLERTDGCQHFCHPGQSSYMCSC,0
Q03983-457,KNRDCNKLLIYRIIDCVIAQLP*********,0
B3N538-465,LAAICQKYWQDGRQQCEQLSLRSHPCTLPKN,0
O42044-191,QQTDEANKWISMGSSCTIKVCPLNTQTLGIG,0
Q02224-1644,QFLKMTAVNETQEKMCEIEHLKEQFETQKLN,0
Q3V5L5-387,QQMKRHMGLSFKKYRCRIRVIDTFGTEPAYN,0
P0C6X5-1162,LFWIMPYTKLFQKGECCICHKMQTYKLVSMK,0
Q94494-559,FSCNEATGCQQSAVVCPDVGSCLVGYCDSKQ,0
Q5FVR7-124,ECPFLHIDPESKIKDCPWYDRGFCKHGPLCR,0
Q8CJ19-36,QATTCKGTLRAFQELCDHLELKPKDYRSFYH,1
Q64516-299,TYGTGCFLLCNTGHKCVFSEHGLLTTVAYKL,1
P06907-182,GVVLLLLLLFYLIRYCWLRRQAALQRRLSAM,1
Q8WUA7-434,FRWMNNLLMREVPLRCTIRLWDTYQSEPDGF,0
P62631-411,SGDAAIVEMVPGKPMCVESFSQYPPLGRFAV,1
Q8VCX1-147,PRDENGRIIYDKTNLCATWEALEACKDAGLV,1
Q12424-194,LYFWECIVMVLTYCCCAVYLIKSYKYPCEIN,0
A0A0G2L7I0-165,VTQNNRDRDGHGPEFCKHMNRINQASGTNIT,0
A7MBC2-574,DLTFKMGPEYKSMKSCIYIGMASDDIDISEL,0
Q09931-622,VGPLTPSTYQSSSDNCSSKFVKDGGKLFPTF,0
P38551-143,GSGETFFMCSCSSDECNDHIIFSEEYATNNP,0
P29723-20,YALLSAGALQLLVVGCGSSHHETHYGYATLS,1
Q9QUR6-211,KSDGTETSTNLHQKLCYHVLGTDQSEDILCA,1
Q9R049-352,CAICWDSMQAARKLPCGHLFHNSCLRSWLEQ,1
Q9EQQ0-268,EATFGCSCTDCFFDKCCPAEAGVVLAYNKKQ,0
Q6IP71-203,NGKKSGKSKKGFKQRCCLL************,0
Q06216-307,FFERKTTCLLNLQFCCRYDVNGFEYRSFYDN,0
P97315-167,GLESTTLADKDGEIYCKGCYAKNFGPKGFGF,1
Q7XA86-192,HCHDCDRCVLQFDHHCVWLGTCIGQKNHSKF,1
Q99P30-72,FTVRSDKLKREPGEVCFPGGKRDPVDTDDTA,1
Q8K2B3-287,STGDGTAMVTRAGLPCQDLEFVQFHPTGIYG,1
Q8BG51-188,YYAQKAVLHPTGPLYCPEEKEMKPACIKALT,1
Q99LC3-67,KLHEYSRVITVDGNICSGKNKLAKEIAQQLG,1
A1IGU4-122,FLEFQEEFEQVYKVYCANYDQALLLVKAYQK,0
Q9Y5L0-303,DLDKVLNYCRIFTELCETFLEKIVCTPGQGL,0
P31939-287,GAAVGIPLSEDEAKVCMVYDLYKTLTPISAA,1
Q99J78-167,KCNTIIWGLIQTWYTCTGCCYRCHSKCLNLI,0
P19096-2352,VLAYTQSYRAKMTPGCEAEAEAEALCFFIKQ,1
Q9CZ42-78,KKHKGQDGRIGIVGGCQEYTGAPYFAGISAL,1
Q9BSJ8-635,ENPQRGSSVDAPPRPCHTTPDSQFGTEHVLR,1
Q8C196-761,PLPEIKNVVSGKTSACFEPSLDYMVTKIPRW,1
Q0V8T4-361,KRRKHQIYSGNVTFSCSEPQIVPITFVNSRS,0
Q700K0-2411,QVPCDVLGCVEQEQLCDGREDCLDGSDEQHC,0
Q8TAT5-264,YKRPNCGQCHCRITVCRFGDNNRMTYFCPHC,0
P60174-104,ARQKLDPKIAVAAQNCYKVTNGAFTGEISPG,1
Q14B48-775,ISLDTGFPSISATGFCHTIPAHCCVCCHHCP,0
Q4V7W2-3,*************MMCGFTSNPSPKKLLSKS,0
Q8BGA3-315,LKSLTTVGLSGNLWECSPRVCALASWLGSFQ,1
A2AMH3-116,LINRKIKSIALCVAACPRQELKTLSDVQKFA,1
A1L0T3-434,LDNVGCTGTEARLSDCFHLGWGQHNCGHHED,0
O09053-901,CLQKASLDIMGTEKCCDNCRPRLNHCLTANN,0
Q9C6H5-124,RKYGQKTIKTSLYQRCYYRCAYAKDQNCYAT,0
O76357-25,TIAVAYASADCLHCICMRESGCKPIGCNMDV,0
Q9ERZ3-310,QQQGTKRSSRRKYGGCHFWFTTKSWKPSAEQ,1
Q9UM47-271,NTYNCQCPPEWTGQFCTEDVDECQLQPNACH,0
Q8BLC3-37,QIQCYQCEEFQLNNDCSSPEFIVNCTVNVQD,0
Q99PE8-61,YSVSNRVGPWWNIKSCQQKWDRQILKDVSLY,1
O70133-440,QYILDDFIQNDRAAECNIVVTQPRRISAVAV,1
Q9JJZ5-200,SNRRCVNTFGSYYCKCHIGFELKYIGRRYDC,0
Q6NQ87-241,SCCGNNTGGYVMRPICFFRWQLFTFSKAFHN,0
P36578-96,GGGTHRSGQGAFGNMCRGGRMFAPTKTWRRW,1
Q8BHE3-319,ELERLIPMEHVQLPDCVLQYEEQRLRAKRES,1
P0C091-1386,LGMNFTQDEINRGLICYIHTGQEGIVDIIKF,0
Q8CHW4-614,FPLQQVDGLLDPNRYCALLLPLLKAWSPVLR,1
Q8VBW8-168,FARRQLVLLNPYAALCNRMLADMMGQLRAPS,1
Q90472-163,HQHWDWSNNCSSQLYCFQDQTRSPHIWKPSL,0
Q61425-211,SLVDFCKTLGKHPVSCKDTPGFIVNRLLVPY,1
B3LTC5-141,HLSSQMCSDVVSSDHCWDGCWWCR*******,0
O08999-1764,CDCFEGFQLDAPTLACVDVNECEDLNGPARL,0
Q99KK2-392,ECLKRVGLSAVPADACSGAQKAVGYICKCSG,1
Q4LDG0-152,SEGSSITNSQLDARSCQAAWVLKAKLKDAVI,1
Q8IRT0-31,VQLKKIFHDNNEQAKCLKDMIYWSGNDEHIE,0
Q8BVP5-111,LSTTEGVPQVYYFGPCGKYNAMVLELLGPSL,1
Q3UZR5-872,LSSRSQTKSVFEIGLCSNKMFCYAVLGSIMG,1
P0C6Y3-6347,WTCGYNMPELYKVQNCVMEPCNIPNYGVGIA,0
P01857-27,APSSKSTSGGTAALGCLVKDYFPEPVTVSWN,1
Q8CHR6-904,IIAASKIRQKDQNTACSPLQRKHFNSQKPIP,1
H0Y3X1-103,AFCVDVDECAWDAHLCREGQRCVNLLGSYRC,0
Q6PCW6-95,HIQGSVGHDWAALTFCLPCALCQMARELKIR,1
P70265-433,CPLHIIFKLTPVAYGCKVETITLNVDAVDTH,0
O70585-258,CSYCHCESMMGFRYRCQQCHNYQLCQNCFWR,0
Q9W0Y8-324,CGNLTGARHCPFEYVCLCVGENPNHGYTNFD,0
Q3KNM2-188,SNKLQILNSIFPGIGCPVPRIPAEANPLADH,1
Q9VZZ4-574,PSNLVAITGTTIELPCQADQPEDGLQISWRH,0
Q9PUU6-99,SSELRFFLCSMYAPVCTVLEQAIPPCRSICE,0
Q6GQT6-755,QPGGGPGRRRRGELPCDDYGYAPPETEIVPL,1
P41216-242,IMDSYGSDLVERGKKCGVEIISLKALEDLGR,1
Q9SIZ8-637,PTDDQEEEIMRWEEGCMDDEQNRVTHATEQK,0
P18094-390,PGAGSDPEVAFMWTNCRGEFLYCNMTWFLNW,0
Q8C4G9-390,HCKMTNLQAAQGHVSCLSPATPCCAKMHCEQ,1
P16546-1930,FETDFTVHKDRVNDVCTNGQDLIKKNNHHEE,1
Q00519-457,VLFKPGTTEVQELSLCFGGMADRTVSALKTT,1
P23685-770,EDDDDDECGEEKLPSCFDYVMHFLTVFWKVL,1
Q8K1T1-274,CSWSAARNSPSGDSDCYMNYRSVDQDSQPVY,0
A2T3M0-324,YILSNHETCALNVHNCKWCQITSCYKIWEDF,0
Q8C006-408,SHSCYHDTRSGFWYLCRTQGVDGDHCMTSDT,0
Q8CGC7-1148,WVQSHRDLPVRLNQWCNVVRWEFKHPQPFLR,1
E9QN92-206,ALQAGPRDGNRQVLICSDQPEAKRTISEMAR,1
Q76P24-38,RKEKIEACRTISEQICAPSLRNTADFPRFLS,0
A3KGZ2-309,NLIIWMRASRQRNKLCPMCGKRPTLVESDGF,0
Q8SQ23-148,ITYRGTWSTTESGAECVNWNTSGLASMPYNG,0
Q29RL0-515,LAFPFVKLFQNNQLICFEVVATLIINWCQHW,0
Q9Z2I0-329,ELTLDNLTRPQLVALCKLLELQSIGTNNFLR,1
A0A482AS24-156,GMWCASCLMILISLWCFYETWIKAVKVTAVF,0
Q54ZI6-525,SFTAVARNGPTVTSDCPPFNWNDWSLISHQY,0
Q9SD58-154,MFPQIKFKNYPDIFPCIMYFLGYDRIEDQYK,0
Q9UI38-306,KSQMMCAEDTHREKFCYELTGEPLVCSMEGT,0
O08917-17,FFTCGPNEAMVVSGFCRSPPVMVAGGRVFVL,1
Q07076-302,RSDTSGHFERLLVSMCQGNRDERQSVNHQMA,1
O70194-19,FMTPVIQDNPSGWGPCAVPEQFRDMPYQPFS,1
E9Q390-2000,PPNRPETSFLWFTNPCKTMRFIVWRRFKWVI,1
Q8BP47-449,PERLMTDTINEPILLCRFPVEIKSFYMQRCP,1
Q99K67-342,SLLVPVKSSVVPVEGCPELPHKLVAICDISA,1
Q9JLJ2-267,TLELGGKSPLIIFSDCNMENAVKGALMANFL,1
Q9JK38-157,TLLSKKLNCYKITLECLPQNVGFYKKFDYTV,1
Q9DCU9-296,GLKKTMDWFGYYGGPCRAPLQELSPTEEEAL,1
A0A8M2BID5-420,SRLQKDHENIRKKFGCDKTTPLENLNDMLKN,0
P07768-862,ILYTFAVSNNNLNITCTHELYSEGTTLAFQT,0
E7F3F0-1999,TDPLQSVRDISKTTACVELIICEQMRKYKAR,0
Q91WC9-202,TAAKSVWETRVQFCCCCVGQDDNTRVAFSST,1
Q9BTU6-124,EFEAVVRQAELAIERCIFPERIYQGSSGSYF,1
Q9R0A1-737,TGNMESAGIALRSLFCGSPPLEATSELEKSE,1
Q922D8-863,KAEIYTKQGFGNLPICMAKTHLSLSHNPEQK,1
P48320-418,QCSALLVREEGLMQSCNQMHASYLFQQDKHY,1
A1A4K5-130,DHACHCSEDCLARGDCCTNYQVVCKGESHWV,0
Q90703-803,VKDAPPADQTIRLETCTEGGYWASEKKIPAC,0
P21926-167,CCGLAGGVEQFISDICPKKDVLETFTVKSCP,1
F4JJL3-230,NDVPSWKSCHFHQKACPNLYASESIDLACKY,0
P80315-221,RDIKIVKKLGGTIDDCELVEGLVLTQKVANS,1
P53413-83,LMRVNESSWHEECLQCAVCQQALTTSCYFRD,0
P15460-98,EDDIENPQRRQLLQKCCSELRQEEPVCVCPT,0
Q6Z4N4-59,GCGRTLPPQPTVKVYCRANPNYAMTARNGAV,0
Q54S77-1519,QTYAQQEGRITSISICEKTHSIASASDKGSI,0
Q9LXD6-253,NQQDLADTFQPPFKSCVVDGHVASVMCSYNQ,0
P62917-115,NVLPVGTMPEGTIVCCLEEKPGDRGKLARAS,1
Q9QUJ7-595,GEYVSLGKVEAALKNCPLIDNICAFAKSDQS,1
Q9LV75-64,VMASNYDDFLKTCSLCNRSLCHHRDIYMYRG,0
J3QMI4-200,WSITLLVIVVAFLARCLRPCFDQTVFLQRRY,1
P25023-356,GKRFRKKSREVYQAICRKGGCMGESVQMENS,1
Q9CXT8-248,HYKGPRIVLAAAGGVCHNELLELAKFHFGDS,1
Q12933-163,KERHLEHECPERSLSCRHCRAPCCGADVKAH,0
Q5ZL02-114,KSIYPLSRGCAPALPCCRSADPGQRHRVPAG,1
Q7KWT9-136,YNCPLNQYCDDKTKQCKPIPNDINSIVCKAN,0
K7EJJ4-20,ENNFPPLPKFIPVKPCFYQNFSDEIPVEHQV,1
Q9CR67-232,HIIMKPSCPLFVRRLCLQSIAFISRLAPTVA,1
Q6PF96-187,RGLELHAKVTVFAEGCHGHLAKQLYKKFDLR,1
Q5DX34-563,NFLARHEHLHKGSVDCAKAGMWKCTQTLVRR,0
Q63562-101,AFANHISNTTKHFYRCRPQESGILLNMVISP,0
Q5RI75-301,LAYDRSFHSSYADEDCDSLALCDPLQKMNYE,0
Q91Y97-269,VTALHRTVPAAVPGICFLSGGMSEEDATLNL,1
Q9SUA3-466,KQHPFFEGVNWALVRCASPPEIPKPVDYESA,0
Q6DE40-339,SYGSSHQHWSSLKEFCNTNNLLFIPSVGPGY,0
Q9QXE0-415,EGANTMDIGRTMLQNCLPRHRLDAGSFGTMG,1
Q8R534-635,CKNSICEDFTPFSFPCSPSKQCNKHGVCNDL,0
P0C9W7-52,DTDCKDKGHHCVRGTCTDKSCLEAAKQDIKD,0
Q8NCQ7-68,STFSEGGDCKEPDKCCWRHKQCTGHIIYPFA,0
Q18726-152,YRFDTQEKLDLWKIGCDSDWKEGFSTCSLVN,0
Q80X90-706,PIDIQMKSRMDGTYACSYTPLKAIKHTIAVV,1
Q5M870-212,CVICFHNTANTRLMPCGHSQFCGSCAWHIFK,0
Q61425-201,TPMTSQKTFESLVDFCKTLGKHPVSCKDTPG,1
Q9FFI0-384,CQQIEDNVWMIADVSCHLPNIEFDLSFPICT,0
P98155-355,QEQDCRDWSDEPLKECHINECLVNNGGCSHI,0
Q64617-203,CREFIWGVFGKQGYQCQVCTCVVHKRCHHLI,0
P56213-181,LHNEVNRKLGKPDFDCSRVDERWRDGWKDGS,1
P16284-622,VIIGVIIALLIIAAKCYFLRKAKAKQMPVEM,1
P40763-108,RYLEKPMEIARIVARCLWEESRLLQTAATAA,1
Q94BY6-163,QIRMLPKCHHGFHVRCIDKWLQQHLTCPKCR,0
P52446-308,VFCKLADAVRFLNLKCRINHFDISPMNIFIN,0
P0C6Y5-4301,DRTYHPNCSDCTSDECIIHCANFNTLFSMTI,0
Q8IZJ0-199,RLLTRDLNCVASGDLCV**************,0
P11680-292,QRTCDHPAPRHGGPFCAGDATRNQMCNKAVP,1
Q9D3P9-61,SKASPPSWKMTLLNVCSLINNVNSPAEEAGD,1
Q8BKC5-733,GVRVAAAESMPLLLECARVRGPEYLTQMWHF,1
O48713-183,YTHDIPTTLYRSKADCPVPEEFVTVNVDGSV,0
G3V0E5-272,SRAAAEKLFGNMEGDCPSDWKTDSTCRMVTS,1
Q8BM55-653,QEHCHEACRGDVTWDCIKTQLSRAAQWTWLC,1
Q14126-637,FLLLLLVPLLLLMCHCGKGAKGFTPIPGTIE,1
P53996-159,TGHVAINCSKTSEVNCYRCGESGHLARECTI,1
Q61555-1119,RNCTDIDECRISPDLCGSGICVNTPGSFECE,0
Q99MR8-58,GSITKVLIANRGEIACRVIRTAKKMGVQSVA,1
Q92901-253,KKLPRKTHKGLRKVACIGAWHPARVGCSIAR,1
Q8QZR1-320,IRDGLVKLSQRILGPCTIVQGALKSILQRTP,1
A7MBS7-1438,DGDKQIILQESCTVPCPGECYLTDWTMWSPC,0
Q01621-20,CSSNPEDDWMENIDVCENCHYPIVPLDSKST,0
Q3TJD7-370,ALKMTWHVHCFTCAACKTPIRNRAFYMEEGA,0
Q8VCN5-171,ETPTNPTLKLADIGACAQIVHKRGDIILVVD,1
O64650-58,FNITTVFSHSQTVVMCGNCQTLLCTPTGGKA,0
P23785-478,CCQLPHAVCCEDRQHCCPAGYTCNVKARTCE,0
Q9R1T3-181,CDKFNQCGTCTEFKECHTIQNYTLWRVGDYG,0
Q93050-25,MTLAQLFLQSEAAYCCVSELGELGKVQFRDL,1
Q9DB29-166,KLNRLNSVVGEYANACLQVARDCGTDVLDLW,1
Q64281-98,FNIPSMTTSYAGIYKCYYESAAGFSEHSDAM,0
Q7XHN8-6,**********MMARWCVGWPAAARGGRDELT,0
Q9CPY7-335,AKLNLPINIIGLAPLCENMPSGKANKPGDVV,1
P70310-377,SSSFRKLFLESLSSLCGEQRSVVPLPQEAPE,1
Q6ZMV9-225,MIAETPMNQASTRSHCIFTIHLSSKEPGSAT,0
A0A023PYK2-107,LMQFLTQLVESPTLFCVCTQ***********,0
Q01954-56,CSCQSFKPGKINHRQCDQCKHGWVAHALSKL,0
Q8BH04-306,PAGKKRYVAAAFPSACGKTNLAMMRPALPGW,1
Q54LR3-337,NNNNNSNTSTSNNNNCNINNNNNNNNNNNNN,0
Q5GH76-424,WCIMTFWIVHCETEFCITKWEEIVFDMVVGI,0
Q68101-511,VAVFQETGTARRIPNCSHRLRECYHPAFRPM,0
P36328-2025,CNAMLKENFPTVASYCIIPEYDAYLDMVDGA,0
Q8VCH6-499,MFDGSLYHKLRKQLGCQDAFPEVYDKICKAA,1
Q14EB0-476,VYSDHCFSVNSDFCPCADPSVVNSCVKSKPL,0
Q8T2A1-757,RVTSCGDAKCFAPEECCEGKACMDTRNYRCV,0
Q8BHH1-130,EMGAVRLLAQLVSALCSRYCISALWSLSLTK,1
A2AS89-159,CLLIREAYQNVLAAGCIPLTLGGDQTITYPI,1
Q86WA9-25,QARSSGPGMAPSACCCSPAALQRRLPILAWL,1
Q99PL5-1198,NQQQTRLKELESQVSCLEKETSELKEAMEQQ,1
F6QYF8-844,FESHPAPSAERTIQQCCENILLNAAWLKRDA,1
Q07954-2800,HVCVPERWLCDGDKDCADGADESIAAGCLYN,0
Q80YQ1-552,TENQVCNKQDCPIDGCLSNPCFAGAKCTSYP,0
Q6DID5-319,PPTRQLGTRTVGAAPCPRSCSGEVTMLCSAG,1
Q9WUM4-39,YDDIRVSRVTWDSSFCAVNPRFVAIIIEASG,1
P41951-144,NTQCASGYTCNNGACCPNTNSNTCSSNGNNG,0
Q8NEM2-376,REIQFHSDPLSAINACFEGDTVIVCPGHYVV,0
Q9NQU5-681,CLVPLIQLYRKQTSTC***************,0
P98164-4399,MHGGNCYFDETDLPKCKCPSGYTGKYCEMAF,0
Q8R0Y6-587,PWNYPLMMLSWKTAACLAAGNTVVIKPAQVT,1
Q2V392-34,VDVEGYNVESGGSLCCNNHPKFGKCNTNNDN,0
Q91YE2-319,LGYVRHVDNPHGDGRCITCIYYLNQNWDVKV,0
P21333-1018,KVASKIVGPSGAAVPCKVEPGLGADNSVVRF,1
Q86KC7-285,PVCEDGSKPIKNPNECCYKCPAVDCSTVRCM,0
Q91XL2-458,PPSHSRPGSHKDLTRCVTCQEKHITVKKEPH,0
B2C3G8-279,NGGPPEGSLDVLQSWCEKLAEIIWQNRQQIR,1
Q6TH22-274,AFVDSGAQMTIMSQACAERCNIMRLVDRRWA,0
Q9H340-177,HWFPYCRSHVLSHAFCLHQDVIKLACADITF,0
Q29RL1-569,THSVQTDHSHMRRENCSQVYPSKDVGTQSMR,0
Q5M8N0-147,DHCQWGSPFSVIEYECKPNETRSLMWVNKES,1
Q15326-585,AMYHCCWNTSYCSIKCQQEHWHAEHKRTCRR,0
O43657-177,WTDTNYYSEKGFPKSCCKLEDCTPQRDADKV,1
P62280-131,CFRDVQIGDIVTVGECRPLSKTVRFNVLKVT,1
P28843-466,YAVSFSKEAKYYQLGCWGPGLPLYTLHRSTD,1
Q6NKW7-282,RHLNAAVLSLFIRKYCSDGYFDKGWELLMGM,0
Q18823-909,AAGTRRPNNDYTLLECNQQDGQCDCLPNVIG,0
Q9SFD5-80,RFKCAVCMDFDLCVECFSVGVELNRHKNSHP,0
Q91VI7-137,DAGLKLLCEGLQDPQCRLEKLQLEYCNLTAT,1
Q8QZR5-254,VINPGNPTGQVQTRECIEAVIRFAFEEGLFL,1
Q7TPR4-480,DYYDSPSVNARCQKICDQWDNLGALTQKRRE,1
Q6DNS6-610,GPNLYNIRNLHIPEVCLKWELMDEDYQGRLC,0
P38085-619,SSRSRKFFKRMTNFWC***************,0
P63244-240,KHLYTLDGGDIINALCFSPNRYWLCAATGPS,1
O60443-407,ALAEMPDSAAALLGTCCKLQIIPTLCHLLRA,1
Q61425-99,ENPKAGDEFVEKTLSCLSTSTDAASVVHSTD,1
Q8VDS4-220,DKESGERLSKMVEDACMLLADYNGRLAAEID,1
P28665-923,EPEGIKQEHTFSSLFCASDAEISEKMSLVLP,1
Q9H0B8-175,THYTQIVWATTNKIGCAVNTCRKMTVWGEVW,0
O01514-302,VWNCNAQMSPVALLVCSYNKSYENTITMMAP,0
Q9BUH6-9,*******MDPLSPPLCTLPPGPEPPRFVCYC,0
Q6NYY4-30,PSPFGNPFQFEITFECMEDLPEDLEWKIIYV,0
Q8K410-636,ESRFLRDQSKTCSSKCHGNGVCNSHGVCHCN,0
Q8K370-922,FEIAQGRLGPGRIHHCMRLIGYSERALALMK,1
A8MSA6-54,PPCFRDSCDHVLKKDCYCCGSKPDLCWEDQH,0
P48643-302,EMIQQIKETGANLAICQWGFDDEANHLLLQN,1
P43297-387,PTQCDSYYTCPESNTCCCLFEYGKYCFAWGC,0
A2A8L5-298,NVLELSNVMRSANYTCVAISSLGMIEATAQV,1
P97784-402,DADWSINAGSWMWLSCSSFFQQFFHCYCPVG,0
Q9DBA8-155,QRLQCMMRAGTTLVECKSGYGLNLETELKML,1
B2RX12-614,KRIQDFLNQNELDPQCVERKTISPGYAITIH,1
Q9CZV8-101,SKRCGGFLRKLSLRGCLGVGDNALRTFAQNC,1
P70404-148,NILRTSLDLYANVIHCKSLPGVVTRHKDIDI,1
Q0VF59-16,MSALRKVLPGILQKHCCILPDRNTESQCTLC,1
O35633-421,EKSLFQEGSRAFFPACYGGDGRLKSWGLTLR,1
Q6NRE7-424,CLTSWQESDGQGCPFCRCEIKGTEPIIVDPF,0
P30999-394,LDAVKSNAAAYLQHLCYRNDKVKTDVRKLKG,1
Q21241-28,GIFIGGQTLGCMKKVCGNNAKNDFRRCPDTD,0
P00533-1049,LLSSLSATSNNSTVACIDRNGLQSCPIKEDS,1
P38241-13,***MNDEINEPPPNICEQCLGDEANIRMTKI,0
P17987-147,INENLIVNTDELGRDCLINAAKTSMSSKIIG,1
Q9CRD0-42,PTEEEWRLFAECHEECFWFRSVPLAATSMLI,1
P23492-142,GDIMLIRDHINLPGFCGQNPLRGPNDERFGV,1
Q69606-222,DSWWTSLNFLGGLPRCPGQNSQSPTSNHLPT,0
Q5PQS4-125,IFTFICKDSESNKHLCFVFDSEKCAEEITLT,0
Q9QXE0-264,PTPMGKGVVPDNHPNCVGAARSRALQSADVI,1
Q91VD9-367,VALKDLLNKVDSDNLCTEEIFPTEGAGTDLR,1
Q19791-1865,LFPKPNESQTCELNPCDSEFKWSFGPWGECS,0
Q7TNG8-295,DDVMMDACNRHSKLNCPVAPTLFLEFHGSQQ,1
Q8BWF0-260,IPCSRNKAKEVGEVLCTDPLVSKISFTGSTA,1
P70404-81,GPELMLHVKSVFRHACVPVDFEEVHVSSNAD,1
Q54K33-79,CTVAWGICNHAFHFHCISRWLKSRQVCPLDN,0
X6R8D5-2,**************MCKDSQKPSVPSHGPKT,0
Q9SKC4-161,CWTGYITTKIEDGPGCLRVKCPEPSCYAVVG,0
Q16658-260,ATKVGKDELFALEQSCAQVVLQAANERNVST,1
P0DJX7-45,PCQQSYGISFYGFARCQRGRPKSNEDYKDIK,0
Q9LVM9-196,ASKMFYKQAKKTNSCCTLL************,0
Q80T91-717,GSACFHTCSCHNGASCSAEDGACHCTPGWTG,0
Q02257-341,KLLWTTSRVLKVLSVCPSNKPAIVEAGGMQA,1
Q61035-379,DGLVGMFDPKGRKVPCVGLSIGVERIFSIVE,1
Q91ZA3-359,LEMNTRLQVEHPVTECITGLDLVQEMILVAK,1
Q922B1-244,AVGQPTASQAAELRSCYLSSLDLLLEHRLRS,1
O00299-223,RYLSNAYAREEFASTCPDDEEIELAYEQVAK,1
Q8QZS1-44,SMHTEAAEVLLERRGCGGVITLNRPKFLNAL,1
Q91X72-199,VGNCTAALRWLERYYCFQGNKFLRFNPVTGE,1
Q5RKR3-533,GARRPGRRPLRLLYLCPAGGGTAVQWSRVEE,1
O08914-400,GCSFLQNFKGDFVDPCLGDLVLVLKLPRWFK,1
Q9D1M0-234,AWAPSIGLPTSTIASCSQDGRVFIWTCDDAS,1
Q5T3F8-126,SVSSSVDFDQRDNGFCSWLTAIFRIKDDEIR,1
Q8C7D2-326,LRCELDIMNKCTSLCCKQCQETEITTKNEIF,0
P70168-345,LTKQDENDDDDDWNPCKAAGVCLMLLSTCCE,0
O15818-1133,DHLMCSTTYHKMAIVCARATNFDDSIIHQKK,0
O09173-416,ESSLSLAVTKWGLKTCSCLDENYYKCWEPLR,1
Q9QYA2-76,AASGAAAASEDGSCGCLPNPGTFEECHRKCK,1
Q14766-594,EDCCGTVGTSWGFNKCQKCPKKPSYHGYNQM,0
P08249-212,IGGHAGKTIIPLISQCTPKVDFPQDQLATLT,1
Q9NV58-135,TSISKQIGDFIECPLCLLRHSKDRFPDIMTC,0
Q7T0P6-149,EHRFYKEKSKSVKHLCDKCSTFIWGLIQTWY,0
Q69TF4-565,SLKYWSKGQVQTTFLCHEGFLGTLGAFWSYE,0
P82756-47,SNSWICEGDEKCKEKCMADYKGNGTCYYPSP,0
O08961-721,QHLTVHYMTTSTHYVCESCDKQFSSVDDLQK,0
Q3UTY6-991,KDKYYNCNVVVQARLCVYNYYKTACCASCTR,0
Q91ZA3-394,RHKQEDIPISGWAVECRVYAEDPYKSFGLPS,1
Q7XCL0-6,**********MAVRCCSSMASASVVLFFVVV,0
Q1RPR6-565,LLCGDNGDCECGECVCRSGWTGEYCNCTTST,0
P35355-32,AANPCCSNPCQNRGECMSIGFDQYKCDCTRT,0
Q08754-203,VVVHIPGSIQNFIVDCNGESQNIEMCADYDL,0
Q9NY47-871,KVLASNRTHQDQPQKCGPNSHCEMDCEVNNE,0
P08255-323,KSLLTPGATMIPACTCKLVACIDPFVYAISH,0
P52825-512,GRTETIRPASIFTKRCSEAFVREPSKHSVGE,1
Q7X8C5-317,CVDVDECKLDIGRNQCKDQSCVNLPGWFDCQ,0
Q6PG29-174,TVKMNNTLRKDAKRDCCFEVSAPDKRVYQFC,0
Q9UTT2-1162,GRDHLAYRSYYAPVKCVIDGDLCEMYYSLPH,0
B3SRV2-72,CTMYHVCQWCSQYGRCFLDNEPHLLRMRTFK,0
O43390-214,DPLSGQNRGYAFITFCGKEAAQEAVKLCDSY,1
Q8TCJ0-320,KHYPAKEQYGDTLHFCRHCSILFWKDYHLAL,0
O00151-45,ISRVTPGSKAALANLCIGDVITAIDGENTSN,1
P41951-531,YNTVSIGFQCQFAQQCLGNSQCLNSICQCPS,0
Q8BLI0-1703,EHLCSWGPRPANWQRCNVTPCENTECRDTTR,0
Q00839-497,EDRVRGPKGPEEKKDCEVVMMIGLPGAGKTT,1
O95498-361,FNFTELFENAGNLTVCQKELCCHLSYRMLQK,1
Q9DCJ5-66,KDPRRCLKEGKLVNGCALNFFRQIKSHCAEP,1
Q9Z2G0-465,LVCISTKTQCSEEDQCRINKQIYNLIHLDPR,0
Q8SQ23-78,GNRVEHCWCNDGQTQCHSVPVKSCSEPRCFN,0
O15230-2090,AAEGSECHPQSGQCHCRPGTMGPQCRECAPG,0
P0DOL1-608,SDFRDYQSYRQYRNYCPRYFYAGSPEGEETI,0
Q91641-179,TTGYCIECDFEENHLCGYMNSWNPNVNWFVG,0
Q80XL6-650,CMRTVGLAERILQIMCDRAVQREAFKKKLYE,1
P23125-16,MTFCLLPAFTQAFCGCIFINPLTMSATLSRM,0
Q80Y17-298,GPFPCKAINKILWRSCESGDHFIIFSGGMPR,0
Q6P689-319,QGIFYAMLLSFWIIFCGEHMMDQHERNHIAG,0
P68467-50,TWRNHVIVFNKDITSCGRLYKELMKFDDVAI,0
Q8C196-1015,IRTLRQLGKKTVVVNCNPETVSTDFDECDKL,1
P0DTD1-6186,QWGFTGNLQSNHDLYCQVHGNAHVASCDAIM,0
Q8VCZ9-205,RLAEAMDSGRNLQLSCLSTEQNQHLQASLSR,1
Q9SJ11-210,HDSVTDIIDPDQSRGCAC*************,0
Q22516-280,QENCEVCNQDGELMLCDTCTRAYHVACIDEN,0
A0A1L8HJK9-190,RPAFQFLEQKYGFFHCKNCQTRWESAYVWCV,0
Q03468-1212,EKHLRPKQKPKNSKHCRDAKFEGTRIPHLVK,0
O90368-282,KGKLSFTCRCDTIVSCEGYVVKRVTMSPGIY,0
Q9FG68-6,**********MGRAPCCDKTKVKRGPWSPEE,0
Q7M732-991,IVHFILKDILGLFVICHGREVLVYSMSQEEH,0
Q9WVL0-154,FNALEKILQSTAGKYCVGDEVSMADVCLVPQ,1
Q8BZI0-438,GYLNVLVNQGWKERWCRLRCNTLYFHKDRTD,0
Q4PJX1-274,LLLNSDHRSTATVQICSGSVNLRGNVKCRAY,1
Q8WZ75-625,QLAQLSSPCSSSDSLCSRRGLSSPRLSLAPA,1
Q922B1-197,DGCIHRAAGSLLTDECRTLQNCETGKAKITC,1
Q75N73-116,LSERSQIGASEFQEFCPTILQQLDSQACTSE,1
P82785-65,SCKRVCISEGFPDGRCKGFFNNKCVCRKPCA,0
P37238-193,LNCRIHKKSRNKCQYCRFQKCLAVGMSHNAI,0
Q07065-100,ASAAAAAAAASSSASCSRRLGRALNFLFYLA,1
P24270-393,PYRARVANYQRDGPMCMHDNQGGAPNYYPNS,1
O08914-121,EVNKGTNCVTSYLTDCETQLSQAPRQGLLYG,1
Q15697-45,KRGPPLQKNCPDPELCRQSFRRFCYQEVSGP,0
Q9UBG0-496,CVTIWGPEGRWNDSPCNQSLPSICKKAGQLS,1
P08069-1237,LRFVMEGGLLDKPDNCPDMLFELMRMCWQYN,0
Q8BG16-642,VLAILPVPVVFIIRRCNLIDDSSGNLASVTY,1
A3KMP2-124,VSAVEMFAKGNFPRACDLWEQILRDHPTDML,1
O35604-334,GEASCCDPLGAAFDDCLRRMFTKWGAFCVRN,1
Q9CAY1-332,IMPVKSLVSWTAMIGCYGMHGMGEIGLMLFD,0
P35447-568,CIVTEWAEWEECSATCRMGMKKRHRMIKMTP,0
O80560-919,DACMDVTESDHKPVRCKFHVKIEHVDRSVRR,0
Q62452-181,FARGVFCDYLEEGAQCPSLPSYVPRLFSKYT,1
Q5BK82-85,KMQAKETFCPECKMLCQYSNCTFNLVLEKLV,0
Q2V2W8-49,CGWNDPAVHCKTKEDCFEKCGGRPAKKVFCV,0
Q9VXE0-49,FDPFMNVVLDDTVEECKDNTKNNIGMVVIRG,0
P26150-279,SYDDLNYTLSKEWGFCLNSRWYLPVPILYWL,1
Q6U736-152,YLSYGVWLKRKHAYICLAAIWAYASFWTTMP,0
P34550-335,EQNVEMTDDRKCAICCQPVQNPIDYGGQCFD,0
P35569-970,ELGRIGPAPPGSATVCRPTRSVPNSRGDYMT,1
M0R230-531,QKPYKCSECGKSFAECSSLIKHRRIHTGERP,1
Q9HCF6-74,KAQKSWIERAFYKRECVHIIPSTKDPHRCCC,0
P25101-383,ALYFVSKKFKNCFQSCLCCCCYQSKSLMTSV,1
Q5VTY9-242,KQMQQQEHDSLKASLCVLALGLGRLLCWWWL,1
A0A024R9R8-83,ETEKTLTELNKCCGLCVCPCNSITNDAREDE,1
F8WHM5-389,NLPRSREARLSYLLMCLESAVHRGRQVSSEC,1
P0CA79-61,VFTTVSKWVTHSSFKCWTCHLYFKTVPKFVP,0
F8WIG8-291,PKFQPHSGQEDLFSCCQRKNFRGAPCSFFAI,1
Q61009-470,LLLVPIICQLRSQEKCFLFWSGSKKGSQDKE,1
Q8N806-137,SGNKYNDNFFGLYCICKRPYPDPEDEIPDEM,0
Q54ED7-626,QPSTCMVQISLFELYCHWGIKPSIIVGHSLG,0
Q60872-51,AQVIKMLGNGRLEAMCFDGVRRLCHIRGKLR,1
P13639-651,AEKYEWDVAEARKIWCFGPDGTGPNILTDIT,1
A2APX8-1180,EQPVIEPEETLEPEACFTEGCVQRFKCCQIS,1
P38435-311,IGMFSYVMLASSPLFCSPEWPRKLVSYCPRR,0
E9Q4Z2-86,GPRDASQQRNSLPSSCQRPPRNPLSSNDTWP,1
Q9D2P8-47,FLNSKREIVDRKYSICKSGCFYQKKEEDWIC,1
O49325-70,DTHRCNHSDHSNGVWCDNSTGVVTKLQLNAC,0
A6ZRQ0-7,*********MEKKVICQDIFWSCDGTSFVSV,0
P58397-678,NSRNVCINGICKMVGCDYEIDSNATEDRCGV,0
B4HND9-83,SMEHHNDWVNDIVLCCNGRNLISASCDTTVK,0
B2RX12-1431,AEGGDNLSVGQRQLVCLARALLRKSRVLVLD,1
Q6T3U4-981,SCCRIYTRGPHKDEFCPSTDTSFNCLKNCMN,0
E5RK87-264,SPACPKDQFRVNGFPCKNSEGYCFMGKCPTR,0
Q91W98-271,DGSAFTDMFRILTYSCCSQRGGQRRSGEGLG,1
Q9JJY3-425,RYPVMDVAYHCYPNGCSFDALASKGALFLKV,1
Q93045-24,KEKMKELSMLSLICSCFYPEPRNINIYTYDD,1
Q14524-1176,VKDPEDCFTEGCVRRCPCCAVDTTQAPGKVW,1
P00329-83,HEGAGIVESVGEGVTCVKPGDKVIPLFSPQC,1
Q9H6Y7-248,CLDEYEDGDKLRVLPCAHAYHSRCVDPWLTQ,1
P05388-27,NYFLKIIQLLDDYPKCFIVGADNVGSKQMQQ,1
Q2QMT2-108,ELQENDLLFFTCNGRCNGSFSFDVLIFDASG,0
Q91Y97-158,VDFGKWRAVLRIADQCPSSLAIQENANALAR,1
Q9H5I5-1127,KYFINYFFYKFGLETCFLMSVNVIGQRMDFY,0
P56657-372,RYIDLGPNGVVHEVTCDTKFRNYFIPKGTQV,1
Q8TD26-1936,NQTPGLQRAFPAPAACQCHCKHMERWMHGLE,0
P21554-415,RSKDLRHAFRSMFPSCEGTAQPLDNSMGDSD,1
Q5IBC5-1569,SYHFISNLSQKHKSQCLSDKECTEATCSSCM,0
Q65153-110,TTMCNGLVLDANTWTCLAIPPPAPFQQATRQ,0
Q9CXF0-45,ALRLDEEDKLSHFRNCFYIPKMRDLPSIDLS,1
Q759K4-259,EEKPTDEFYYEIKKWCPSSFLTALFASFPPI,0
Q9DBG3-2-123,RTMGCIRVDKITEYLCEPLRKCLKDEDPYVR,1
P53712-401,NSKLPEGVTINYKSYCKNGVNGTGENGRKCS,0
Q6K9F6-565,TPAMRIPEEMKNIHSCENWLPRRVMSAWHIA,0
Q9EPU5-368,MIVLFLLLVLVLIVVCSIRKSSRTLKKGPRQ,1
Q8BU14-82,GEDALFTTRESVVDYCNRLLKKQFFHRALKV,1
P18084-585,HCGECKCHAGYIGDNCNCSTDISTCRGRDGQ,0
Q54BK0-756,VHKCQQLCHSGKCYNCYINSYDDLACPCGKT,0
Q8BYK4-195,IGKIRFHDLQGQKRYCSAFAYGHSKLANLLF,1
Q9CZ42-104,GISALKVGADLTHVFCAREAAPVIKSYSPEL,1
P47053-139,DWSHYMGPSTVKHTGCTNRPKWRFPWQQSRT,0
Q9QXX4-504,ACFLRDIPFSAIYFPCYAHVKASFANEDGQV,1
Q80VL1-109,GDERVLLISGFPVQVCKAKAAIHQILTENTP,1
P37264-74,HMAIPLSTCLFCLCLCICIKYDITQTQANNQ,0
Q8BSE0-313,LLPEEPLLYYLKGRYCYTVSRLSWIEKKMAA,1
F4IIS6-79,DHNSNSSLMFPRDRPCSCLHHVFEWILQRCC,0
P35740-172,QEHLNFIPAPTTGSGCTRIPSFDMSTTHYCY,0
Q9UIG8-331,NGVLRHPLEPDSSASCFQQLRVIPKVTKHLL,1
Q8CIF6-430,DIDSDKNVIRTKQYLCVADLARKDKRVLRKK,1
P22892-160,LLKTSNSYLRKKAALCAVHVIRKVPELMEMF,1
P21839-382,FPHIFEPFYIPDKWKCYDALRKMINY*****,0
Q3ED93-295,ANPIWNLWKVPCTMQCVIDDMLYTIDPQCTL,0
Q02053-179,LTNSPLEAQLRVGEFCHSRGIKLVVADTRGL,1
P0DTC3-153,PLLYDANYFLCWHTNCYDYCIPYNSVTSSIV,0
Q96BI3-245,ITAGGSLRSIQRSLLCRRQEDSRVMVYSALR,1
Q9CPW0-743,CACGIERNCTDPKYYCNCDADYKQWRKDAGF,0
Q9PY95-280,SWNERSNLKIVSVNDCHAICIFKFENNWWCF,0
Q8BGJ9-163,TDFRESCCRQYEMGECTRGGFCNFMHLRPIS,1
P70697-35,LRAAWGEETDYTPVWCMRQAGRYLPEFRETR,1
Q3SYZ2-122,ENMHHSKRCLLIIMECMEGGELFSRIQERGD,0
P11716-120,HAILLRHAHSRMYLSCLTTSRSMTDKLAFDV,1
P48960-802,CLLNKKVREEYRKWACLVAGGSKYSEFTSTT,1
P04275-1942,CPNSQSPVKVEETCGCRWTCPCVCTGSSTRH,0
P08122-1653,PGSCLEDFRATPFIECNGGRGTCHYFANKYS,1
O95971-113,TISQVTPLHSGTYQCCARSQKSGIRLQGHFF,0
Q4LDG0-134,LERQALAWPDRVALVCTGSEGSSITNSQLDA,1
Q9VKA0-116,LMRTGSYNIFMEFCTCNSKDGCNSAGIHRLG,0
Q68DH5-552,VVILCIATYFSLGTRCLNLLGFQQFMGDDDM,1
G5EDW1-7,*********MSFASGCTPVSFDKLFEVSSGD,0
Q8NGW6-22,GNQHSNYRSLLFPFLCSQMTQLTASGNQTMV,0
P24270-377,HRHRLGPNYLQIPVNCPYRARVANYQRDGPM,1
Q99LB7-236,LTRAAVARGAQVIENCAVTGIRVRTDDFGVR,1
Q9ESG8-310,LQAKGRVFRNPYNYGCLDNWKVFLGVDTGRH,1
Q940P8-131,IHPMTIIAGYRMASECARNALLKRVIDNKDN,0
D3YUM1-246,TTVANVETVAVSPTICRRGGTWFAGFGRERN,1
Q9QXT0-164,IEFFSREADNVKDKLCSKRTDLCDHALHRSH,1
Q9D1Q6-318,KFRHPLLHIQKTPADCPVIAIDSFRHMYVFG,1
Q96SU4-546,GMSIGVHNIGQGCVSCLDYDEHYILTFPNGY,0
O89020-499,GVNTNRTINPAVDHCCKTDFAFRRHCFEHLK,0
P43119-311,RKAVFQRLKLWVCCLCLGPAHGDSQTPLSQL,1
P40550-1330,DEFGGKLHINNTYTVCAYCMYTVGDDFLAQE,0
Q3T0S3-187,PYCCYDSVNNSFMEPCNNFTAHNMSVQGCFK,0
Q9NVS2-108,IRPHGGMLPRKITGLCQEEHRKIEECVKMAH,1
Q9EQ20-317,LNQLVGAAFGAAGQRCMALSTAILVGEAKKW,1
Q8NC54-237,KIFLLVQSRKWRDGLCSKTVEYHRLDQNVNE,1
Q8C419-408,LPCREGCPFCADDRPCFVQEDKYLRLAIISF,1
Q8BWT1-287,NFTPLARVVGYFVSGCDPTIMGIGPVPAING,1
Q6ZQI3-205,LYIEFVKGYYDNPKVCALYILAGTVDDVPKL,1
O94925-203,TTSDGVMLDKDLFKKCVQSNIVLLTQAFRRK,1
P09482-170,SCSIDVTFFPFDQQNCKMKFGSWTYDKAKID,0
P59509-1073,GVRHRTVRCTNPRKKCVLSTRPREAEDCEDY,0
Q8CFG8-147,VNECTDFTDVPCSHFCNNFIGGYFCSCPPEY,0
P98160-3859,HCPTCRDRPCQNGGQCHDSESSSYVCVCPAG,0
O35486-27,EDRNFQGRRYDCDCDCADFRSYLSRCNSIRV,0
Q4LDG0-483,FDIETAEPLRDKQGFCIPVEPGKPGLLLTKV,1
P51116-270,RKVPGVTAIELGEETCTFRIYGETPEACRQA,1
P68961-29,NCLCVQHGQSCNNTRCFVKEGLRANWFYNPV,0
Q96LT4-8,********MAGPNQLCIRRWTTKHVAVWLKD,0
Q96EP0-722,PHNRMQALTSCECTICPDCFRQHFTIALKEK,1
P49011-218,QKCAWITIQYPVISECKCSC***********,0
Q8C1R0-21,WRKSDQRVFIEQVRECMNNGYLLSSKKIGSG,1
Q9UKJ5-93,NLPVNVRWLLCGCLCCCCTLGCSMWPVICLS,1
O88427-456,LSNDSTLASFSEPGSCYEELLKYVGHIFRKV,1
Q16549-646,SAMSGKYLHDDFALPCPPGLKIPEEDGYTIT,1
Q96CC6-555,HKRQFGSVCHQDPRVCDEPSSEDPHEWPEDI,0
Q4V8G5-225,QQNLKNHCIDVYPQQCFDEDINDRLLNSKIR,0
O35488-133,VWIWLGLLKLGCPMACLNYNIRAKSLLHCFQ,1
Q9D0T1-30,DAHLTKKLLDLVQQSCNYKQLRKGANEATKT,1
Q9WUR2-279,TFHTPFSQLGQSPEACSSYTFPKMMGSAKAA,1
O88451-171,GRVVNISSSMGRVSLCGGGYCISKYGVEAFS,1
P51648-425,YHGKHSFDTFSHQRPCLLKSLKREGANKLRY,1
F1NQJ3-567,IQVLGTEHKLNRVNDCNNQTNLPQEATNSLP,0
Q54C31-630,TCSAIGDQCVSTDKDCEDGNHCTINSCQNNN,0
P60710-272,CPEALFQPSFLGMESCGIHETTFNSIMKCDV,1
Q9GZU7-44,ASQKPRSRGILHSLFCCVCRDDGEALPAHSG,1
Q8K370-396,PSRREAIYTAMNQVLCRIHSVDLQATSLDSF,1
P47026-363,STWDYWTSVTPLSGLCIWSTIFLVISQLVFQ,0
Q9UIL8-197,KPLSGNHVQPPETMKCNTFIRQVKEEHGRHT,0
O94856-5-1221,LMCAIALLVLILLIVCFIKRSRGGKYPVREK,1
E7F240-109,RTQPLYHDYHSSGDECVEDTDEDDAAEAVGC,0
P53855-469,DGIAHFFKIFQFVSKCMSFYQNKSKGMMPQI,0
P54071-402,GNQDLIRFAQTLEKVCVQTVESGAMTKDLAG,1
Q91VS7-50,AFQRITNKVFANPEDCAGFGKGENAKKFVRT,1
E9Q390-1118,HSATTVFGANTPIVSCNFDRVYIYHLRCYIY,1
P49368-455,VAQALEVIPRTLIQNCGASTIRLLTSLRAKH,1
Q8CH72-579,GRQISHFFSENEDFRCIAGMCVDARGDLIVA,0
Q99KK2-430,FAEHIFLLIEKVNNSCQK*************,0
O73932-267,KPITIHSTPEGCSAACKIIMEIMQKEAQDTK,0
P22725-104,HMQYIGEGAKTGIKECQYQFRHRRWNCSTVD,1
Q8CBC8-405,NRVKEMFGSGTACVVCPVSDILYKGQMLHIP,1
Q29053-2,**************MCPLRNLLLVATLVLLN,0
Q2VLH6-486,CSGHREPRLVGGEIPCSGRVEVKHGDVWGSV,1
Q7XR52-408,QQCDRYSKCPAGTTCCCNYGIRNHCIVWGCC,0
Q9DCL9-63,NHLEGKAAISNKITSCIFQLLQEAGIKTAFT,1
A6H5Z3-753,QWDWSTYLADYGQPNCKYLRVNPVTALTLLE,0
Q75N90-69,LQGPNVCGSRFHAYCCPGWRTFPGRSQCVVP,0
P01023-1321,PELPGEYSMKVTGEGCVYLQTSLKYNILPEK,1
Q5ZDJ6-120,RPGEKDCAFYMMTRTCKFGGSCKFDHPQWVP,0
Q91ZX7-3626,TPRCDMDQFQCKSGHCIPLRWRCDADADCMD,1
Q9Z1B3-17,AGAQPGVHALQLKPVCVSDSLKKGTKFVKWD,1
Q8TE59-1105,DYSKCYVWRMGDWSKCSITCGKGMQSRVIQC,0
O35516-1443,QYCADKARDGICDEACNSHACQWDGGDCSLT,0
Q86484-269,YDDGDMAFVHPGWKACIGQLCGGTTFEVAKT,0
P21333-205,RDWQSGRALGALVDSCAPGLCPDWDSWDASK,1
P56213-164,NQPDTSTRVSFSQWLCRLHNEVNRKLGKPDF,1
Q6PIC6-346,TVCLTLTAKRMARKNCLVKNLEAVETLGSTS,1
P41233-1281,LPARRNRRAFGDKQSCLHPFTEDDAVDPNDS,1
Q91W86-460,RQSLANADHTTLLLNCYTKLKDSSKLEEFIK,1
Q32ZE1-203,DCWCNTTSTWVVYGTCHHKKGEARRSRRAVT,0
P57764-191,HKREGSGRFSLPGATCLQGEGQGHLSQKKTV,1
P53701-35,SPPSGCPMHEGKMKGCPVNTEPSGPTCEKKT,1
Q8RXD6-849,KEVVITKCYHLFCNPCVQKLTGTRQKKCPTC,0
Q5Y5T1-278,PMFSYGIDGNGFSLGCSKNWRQVFGDEKKYW,1
P46531-730,SEVNECNSNPCVHGACRDSLNGYKCDCDPGW,0
P43577-128,KLLIDQLVTIGFDYGCYKIILDCDEKNVKFY,0
P28843-545,KSKKYPLLLDVYAGPCSQKADASFRLNWATY,1
Q9D7J9-31,SWLRRNPWAPLSAGFCSPGSAGPAGSESEPR,1
A8DYP0-2677,SIKNDGDHHMLIVNNCEKGDQGVYKCIASNR,0
Q92785-345,CNICGTSENDDQLLFCDDCDRGYHMYCLTPS,0
Q96MT1-401,CLFLLVFPAYMAYMICQFFHMDFWLLIIISS,0
P97742-32,DGIDLRLSHEALKQICLSGLHSWKKKFIRFK,1
E9PIM6-28,VLQVSRGQKVTSLTACLVDQSLRLDCRHENT,1
P80315-295,RAYILNLVKQIKKTGCNVLLIQKSILRDALS,1
Q2MJR0-396,CCYAPLRACHWVAARCGCAGCGGRHEEAAR*,1
P34011-133,SDEIFALLSRFFNMICDIHKKYGCGNMFVGI,0
Q9HB63-295,VKAPGTFHMVHGKCMCKHNTAGSHCQHCAPL,0
F4K128-238,AVREFQLQIQASHRRCKQRNDGVQAWHGKQR,0
Q8JSD9-290,HYEECSCYPDTSKVMCVCRDNWHGSNRPWVS,0
O60674-961,ERIDHIKLLQYTSQICKGMEYLGTKRYIHRD,0
Q91YP2-272,VPETRRKMEMAFHTRCKEENTIILQQLLPLR,1
P36578-125,RWHRRVNTTQKRYAICSALAASALPALVMSK,1
P08572-1665,FRATPFIECNGGRGTCHYYANKYSFWLTTIP,0
Q9LNE4-340,DQKKRQTNLKFSKWCCTASPC**********,0
Q01102-474,MTCVQPLGNSTYKSTCQFMCDEGFYLSGPER,0
P93025-197,EVAKIRDCVKNGKSYCGRLLNYKKDGTPFWN,0
P51830-54,SNTHPKHCKYSISSSCSSSGDSGGLPRRVGG,1
Q8C196-600,MIRSAYALGGLGSGICPNKETLIDLGTKAFA,1
P15170-381,LKGIEEEEILPGFILCDPNNLCHSGRTFDAQ,1
Q9P2D8-311,LQYTAWNPIHCQHIECHNAINKPAVKMCIDP,0
Q9R099-243,NSHAVISPCSRFVGSCGFTPDVKVWEVCFGK,1
Q6ZN84-326,TSPACQDHNKAGQEMCYVCLQRAQRNSLLYY,1
Q8BWT1-116,SGCQEICSKDAEVVLCGGTESMSQSPYCVRN,1
Q9VUK8-474,LRFRQHMSNEMAHYACDCWDAEILTSYGWVE,0
O88703-104,CSPEGPARGPKVSFSCRGAASGPSAAEEAGS,1
Q6NS52-766,SLPMQIDGEPWMQTPCTIKITHKNQAPMLMG,1
O17581-72,FFYTDNFELAKNHLQCAYDKMSAMGTFYTRD,0
Q5ZKI0-116,DIVAREYYSEADASHCIQQILESVNHCHLNG,0
D3ZB94-317,EPLCMAFQHMLHSKSCFNYPTPNVKDISSYE,0
Q55BM0-95,AKSKSGQDHESILNDCFDDDFNYIGSTPTVK,0
P40222-523,PGAQAPSSPRVTEAPCYPGAPSTEASGQTGP,1
Q96PJ5-410,GLLSALLLAVALLFHCWRRRKSGVGFLGDET,1
P22695-192,LHAAAYRNALANPLYCPDYRIGKVTSEELHY,1
Q9UKF2-661,NRKNCHCMYGWAPPFCEEVGYGGSIDSGPPG,0
P27024-173,KPNNDFHFEVFNFVPCSICSNNPTCWAICKR,0
Q8BSN3-6,**********MTSPLCWAAATTTVTSPEQAP,0
P01730-422,GLLLFIGLGIFFCVRCRHRRRQAERMSQIKR,1
P30050-17,PPKFDPNEIKVVYLRCTGGEVGATSALAPKI,1
Q6SW94-222,VTSNATSMNCRLNCTCNHTQIYNGPCAGAES,0
P07724-538,PKEFKAETFTFHSDICTLPEKEKQIKKQTAL,1
Q68EH9-313,LRCELDIMDRCTSLCCKQCQDTEITSKNEIF,0
Q9VGL8-74,WSIYMSKNYKKIRDRCRKGIPKSVRPKAWFY,0
Q68CP9-382,DRFLKMRGMEILGNLCKAEDNGVLICEYVDQ,0
Q8K182-497,NLRRALDQYLMEFNACRCGPCFNNGEPILDG,1
Q9PY94-61,ECKVCPCDYCGIRHKCENCLNSDCFMNTNNE,0
Q9CQA3-70,GDKPRMQTYEVDLNKCGPMVLDALIKIKNEV,1
P21783-298,PPDWTGQYCTEDVDECQLMPNACQNGGTCHN,0
P68137-2,**************MCDEDETTALVCDNGSG,0
Q6GPB6-36,RYKCLICYDYDLCASCYESGATTTRHTTDHP,0
Q63722-345,GPNCEIAEHACLSDPCHNRGSCKETSSGFEC,0
Q9FNI7-331,PSTFRAFRFQQHRWSCGPANLFRKMVMEIVR,0
Q62178-718,ASPLGALRARGKVQGCGMLPPREKAPLSRDQ,1
Q4KWH8-704,RMMQLNRAKFKANGNCGYVLKPQQMCKGTFN,0
G3V928-3354,QFVCKNDKCIPFWWKCDTEDDCGDHSDEPPD,0
Q64435-176,EYLNLPSVYLFRGFPCSLEHMLGQSPSPVSY,1
P41149-173,RSGVIIACIWTFCISCGIVFIIYYESKYVII,0
D3Z106-92,GDEIKWSFRKLRDLTCRTANVFEQICGLQQG,1
G3XAL1-249,FRCRMFSCFKESDRLCLQDLLFKHYCYPERD,1
O60281-261,EEISEVDCKDALEMICNLESEGDEKSALVLC,1
P99028-51,EQLEKCVKARERLELCDNRVSSRSQTEEDCT,1
Q5SUV2-931,DELSSTKNVEESLRFCS**************,0
F7A4A7-2049,KENVSGQCCPNWRCECNCETLVMPTCDVGEF,0
Q803X1-5,***********MPVQCSNCEQKRAVLKRPKT,0
P50427-178,GFDRFLGVPTTNLRDCRPGAGTVFGPALRVF,1
Q7Y214-18,PAVFATLNEPSYQEQCGAVFMRKFTNQSVTE,0
P19157-48,VVTIDTWMQGLLKPTCLYGQLPKFEDGDLTL,1
Q5WRS0-57,EVIFNITTEAKLMHTCRTYSRILPCFDQKMV,0
Q09272-193,YPDRKQCYNCQGNVTCFLEKQYERFVQHSSD,0
P97526-2197,SLETVTEALLEIMEACMRDIPTCKWLDQWTE,0
Q3SWT0-142,VDKKEVTEGGIVTVNCSMQEEKPPIYFKIEK,0
Q922H4-181,HYVEKPSTFISDIINCGIYLFSPEALKPLRD,0
Q922B2-349,CEPFKFLEPTLRLEYCEALAMLREAGVEMDD,1
Q8BMS1-470,KHKVLKEVESVTPEHCIFASNTSALPINQIA,1
Q5RJI2-427,TCDPEIFPYTNIPKDCPGASCNFAFYGGRSM,0
P21856-400,DLYEPIDDGSESQVFCSCSYDATTHFETTCN,0
Q8TE60-943,AFSCPAYWMPGEWSTCSKACAGGQQSRKIQC,0
A2ASZ8-225,LKVLMQVHASRSNNMCIVGGFTQMIREGGAK,1
Q61694-68,KAKVRVLKGDILDAQCLKRACQGMSAVIHTA,1
A2AAX3-603,CNLHFPDYVLDEVRRCN**************,0
Q9JHU4-2464,RLRCLGSLFSMLHQACRNVAQYNANHPDFPM,1
P33267-267,HQDSLDPNSPRDFIDCFLTKMAQEKQDPLSH,1
Q99MN9-271,SGVAHRAFDNDVDALCNLREFFNFLPLSSQD,1
P17563-31,LEAMKGPREEIVYLPCIYRNTGTEAPDYLAT,1
Q9C0C2-631,EPVLGQEQPAAPDQPCVLFADAPEPGQALPV,1
Q54UI0-260,IYQVTQKQCEDFIEVCDVVSHVELYPCSIYG,0
P34972-313,IYALRSGEIRSSAHHCLAHWKKCVRGLGSEA,1
Q6X2U3-507,DGWTCRGVPAHPGTRCPELVSPMGHATCSPA,0
O08576-420,PSMLGLCGSLASIPSCKSLASFKSNECLVSD,1
A0JMY5-220,PLTDDDFEKKDYPWPCPKCRYEYKRSETPCR,0
O88277-3992,PPPFSGRNCELGRENCTSAPCQEGGTCVSSP,0
Q8CAY6-65,EEVSEVIFGHVLTAGCGQNPTRQASVGAGIP,1
Q6DFW0-252,VGSSAEKVNKIVRTLCLFLTPAERKCSRLCE,1
P14426-125,NQSEGGSHTIQRLSGCDVGSDWRLLRGYEQF,1
Q1ZXI5-740,NYVIPSPSPGTQLSECTNQQMKYNPPVSIVD,0
Q8SQB8-481,KCNNGNGSFQCGVCACHPGHMGHHCECGEDT,0
Q9LNU1-171,NDKDMGPIPSRWKGTCMEAKDFKSSNCNRKI,0
A2APR8-628,ENVVATQYTHMALDSCKENIVDLSKGRKLGP,1
P28665-86,KNLFDELVLDKDLFQCVSFIIPRLSSSDEED,1
A4D7S0-326,RGYDTSHITRKTKCECKFHWCCAVRCQDCVE,0
Q6PIC6-364,KNLEAVETLGSTSTICSDKTGTLTQNRMTVA,1
Q9UNK0-214,NETRRVNMVDRKSASCGMIMVILLLLVAIVV,1
Q641P0-34,LGYAGNTEPQFIIPSCIAIRESAKVVDQAQR,1
P46782-155,DVSPLRRVNQAIWLLCTGAREAAFRNIKTIA,1
P10605-211,PPCTGEGDTPRCNKSCEAGYSPSYKEDKHFG,1
Q9H6Y7-256,DKLRVLPCAHAYHSRCVDPWLTQTRKTCPIC,0
O88441-189,WGNKTLDQVLEDVDQCCQALSQRLGTQPYFF,1
Q8BYW9-453,DWAAVFELYNCEDERCYLDLARLRGIHYITW,0
Q6ZTR5-1683,STNTMPVSSCTPKKKCSIVIEMSKFEAWSKR,0
Q9JIM1-351,NFNVFDWLGRSLTAVCMWPGQDSRWLPVLVA,1
A4UGR9-3197,KGETNHNIQQESRTFCKEEFGLTSLGNTSFT,0
P52376-8,********MQMRGCVCHLGVYCVHNDWKNKQ,0
P36578-250,LNILKLAPGGHVGRFCIWTESAFRKLDELYG,1
O62640-136,HSDDVKCFCCDGGLRCWESGDDPWVEHAKWF,0
P62913-150,GRPGFSIADKKRRTGCIGAKHRISKEEAMRW,1
P48643-253,QMPKKVEDAKIAILTCPFEPPKPKTKHKLDV,1
Q91ZX7-1076,GGCHSDEFQCRLDGLCIPLRWRCDGDTDCMD,1
Q8CIE6-41,TSLHNGVIQLWDYRMCTLIDKFDEHDGPVRG,1
Q08705-504,HKNEKRFKCDQCDYACRQERHMVMHKRTHTG,0
P0C6V8-3207,KPTHLSVELSCRSYWCTWKEPNVLSWKFEGE,0
P11716-537,LYELLASLIRGNRANCALFSTNLDWVVSKLD,1
O35375-883,TIIAMSSLGVLLGATCAGLLLYCTCSYSGLS,1
E9QN92-178,HRQSNAEYLASLFPACTVVKAFNVISAWALQ,1
Q91ZX7-2606,DCGDGSDEIPCNKTACGVGEFRCRDGSCIGN,1
Q5QGU6-413,IVPISSSWRLPENTICQVERNSHIHPQSQSS,1
P43007-35,AGPGAPGTAAGRARRCAGFLRRQALVLLTVS,1
Q84VX0-70,HRVFSLGKLEDLRFMCVFRFKLWWMTQRMGT,0
P52503-79,IAQQPVNEVEHRIIACDGGGGALGHPKVYIN,1
Q8R2H2-487,RCNNGNGTFECGVCRCDQGWLGSMCECSEED,0
Q70Z35-487,RNEMQDVISKGVRLYCRLHSLFTPVIRDKDY,0
Q8H1G0-226,IESSEAQHQEISCRHCGIGEKSTPMMRRGPA,0
P0CU04-212,YAVYDYTISSSMNEFCYPKNGQTDVFAFNEP,0
P05388-119,ANKVPAAARAGAIAPCEVTVPAQNTGLGPEK,1
P97501-397,TDLQARWAAQVIKGTCTLPSVNDMMDDIDEK,1
Q921I1-506,NRINHCKFDEFFSQGCAPGYEKNSTLCDLCI,1
P62137-172,NCLPIAAIVDEKIFCCHGGLSPDLQSMEQIR,1
Q76NQ1-294,MQSQYANMPYNYRSKCCHSEASHGSLSRTSQ,0
Q8R0W0-2748,VTEMDSVKRYLGGSSCIAGVLVPVQGEPGRQ,1
P21855-332,RIKTYYQKWERTISKCAELHPCICESEAFRF,0
Q29RZ2-386,GTMLGIKVINVETNRCVRILGKQENIRVMQL,0
Q62850-135,SCLAKFKHKPSHHISCAILSLSVLYMFISSH,0
Q9P7T1-2352,LRTKFQTTKHKRSPFCQVTYSKVDIPWSMEL,0
Q8R1G2-198,PLEQVSTLTQKLKEHCIVNYQVKTFSGQTHG,1
Q9LVC3-440,AAITHCVELATDRHGCCVLQKCLGYSEGEQK,0
Q08999-619,PLWEKIRDNENRVPTCEEVMPPQNLERADEI,0
P06909-85,KWVASNPSRICRKKPCGHPGDTPFGSFRLAV,1
Q91ZA3-107,VDASSVHVKMADEAVCVGPAPTSKSYLNMDA,1
P25445-178,TKCKEEGSRSNLGWLCLLLLPIPLIVWVKRK,1
Q9UKG9-166,NTPLDMNQFRMLFSTCKVPGITRDSIMNYFR,1
Q3UHK1-303,IEEEEKEATAAGPIICRMLSYPPTRRALVVG,1
P43883-84,IQKLEPQIAVANTYACKGLDRMEERLPILNQ,1
P26121-692,TSQRGILEDQQMYQKCCNLFEKFFPSSSYRR,0
P11710-379,TAQQTLETNFNDHHDCNKSTEKHELIIPTPS,0
P16144-551,CEYDNFQCPRTSGFLCNDRGRCSMGQCVCEP,1
Q9UQ80-296,RAFEDEKKARMGVVECAKHELLQPFNVLYEK,1
Q8K348-491,LRVKKTISQLCVKEDCKA*************,0
Q9R111-24,LALVFRGTFVHSTWTCPMEVLRDHLLGVSDS,1
G5E8H9-276,DLSLVTDCMEHALTACHPRTRYSAGWDAKLF,1
Q99AU3-13,***MDSNTVSSFQVDCFLWHVRKRFADQELG,0
Q93091-46,AHWFEIQHIQPSPLQCNRAMSGINNYTQHCK,0
Q8VDM4-459,ALLACGIVNSGVRNECDPALALLSDYVLHNS,1
Q9R112-361,AAAVAAQSGILDRTMCLIMKNQRPIKKYDGY,1
P51809-183,SVTFKTTSRNLARAMCMKNLKLTIIIIIVSI,1
Q04906-438,IIAPKGYAANYCDGECSFPLNAHMNATNHAI,0
Q8JV21-812,HSDEMDFAGGKFLNQCGDVETNPGPDIELVY,0
O13713-264,TIPIPCKYKPCLNPACRFIHPTKSRNMTWRP,0
Q9JMA1-203,EKGEQGQYLQQDANECWIQMMRVLQQKLEAI,1
Q8AWF5-136,TKDFLKIFAFIYTFICPNYENPESKFEEEIP,0
B3LTF3-219,KMPITSSPDLFYLNDCDVVYWYDLTRLVCHY,0
P51863-39,KAGVLSQADYLNLVQCETLEDLKLHLQSTDY,1
O43189-110,SETVVPGNRLVSCEKCRHAYHQDCHVPRAPA,0
Q80U19-16,MALRKRSPHGLGFLCCFGGSDLPEIDLRDSH,1
Q8R4H7-106,GRSLVQRDIQAFLNQCGASPGEARHWLTQFQ,1
Q91X83-35,MFTSESVGEGHPDKICDQISDAVLDAHLKQD,1
Q01484-406,PNARALNGFTPLHIACKKNRIKVMELLVKYG,1
Q6NTR6-254,PTTKQKTPAPTSDKACFKKIGNSPIKRKPTV,0
Q5ZLN8-389,PMEESYINFLSINQKCPMQEMQPQRNVLDLL,0
O91936-229,YEAEDLILHAPGCVPCVRQGNVSRCWVQITP,0
P53026-164,DEVKSTIKFQMKKVLCLAVAVGHVKMTDDEL,1
P35555-845,CECSSESTLDPTKTICIETIKGTCWQTVIDG,0
Q8VE47-248,VASNIDEKTLKREGVCAASLPTTMGVVAGIL,1
Q8BHI7-96,YELVTGVWEGKYNFFCQGTRSAGESDMKIIR,1
Q9SU94-314,YIHALVAYFDVSFTMCHKLLGFSTGPKSRAT,0
Q54IL5-1677,KCPIKKYRINTPVRVCDKCFNDLQSNPSSNS,0
P07724-58,FKGLVLIAFSQYLQKCSYDEHAKLVQEVTDF,1
G5EDW2-497,FYHKESSVRHLSNPTCVWWNHHELKWKPSGC,0
Q64458-216,INENVKILSSPWLQVCNSFPSLIDYCPGSHH,1
O60477-276,QNSQCRCQCAEEFPQCNCPITDIQIMEYTLA,0
Q921F2-244,FAFVTFADDKVAQSLCGEDLIIKGISVHISN,1
Q2TAP0-90,LEGCLACATAYFIFLCMETHYEKVLKKISRY,1
Q9NRY6-158,DPGDREVLRLLRPLHCGCSCCPCGLQEMEVQ,1
Q9EQ20-86,VPQSTKAEMDAAVESCKRAFPAWADTSILSR,1
Q6P6M5-59,EVGRRLLVVSAQFNHCRTVLRLFDDLAMFVY,1
Q5N8X6-681,YWPRISPVSDRCTSSCDYRGTFSPNKCRRGC,0
Q64337-2-131,EAPRNMVHPNVICDGCNGPVVGTRYKCSVCP,1
A2AS89-256,RYSRSQGFRVVLAEDCWMKSLVPLMAEVRQQ,1
P05201-391,NEKHIYLLPSGRINMCGLTTKNLDYVATSIH,1
P0C6W7-6346,EHLKPMPFFYYSDTPCVYMDGMDAKQVDYVP,0
P35221-720,WDDSGNDIIVLAKQMCMIMMEMTDFTRGKGP,1
Q9UK96-430,QKDKEAMALANSVQGCLIRKCLFRDGKGGVF,1
Q8JZR0-93,YENFQRGLAVSDNGPCLGYRKPNQPYKWISY,1
Q01083-29,LVLIGCLAHPWHVEACSSRTVPKPRSSISSS,1
P56706-331,HQYTKVWQCNCKFHWCCFVKCNTCSERTEVF,0
A2ASI5-1125,EPEEDLKPEACFTEGCIKKFPFCQVSTEEGK,1
Q9UL62-181,VTIPRPHQIRCNCVECVSSSEVDSLRHSRSR,1
P04388-147,EAQNTSRNLMIPYIECSAKLRVNVDQAFHEL,1
Q64442-120,YCKIGRYNLTPTIFFCATPPDDGNLCRFYKH,1
Q9P0L9-38,PAYSGPPSPHGTLRVCTISSTGPLQPQPKKP,1
P07310-146,VRTGRSIKGYTLPPHCSRGERRAVEKLSVEA,1
Q8R3F5-104,YEAAHRVLGYDLLELCLRGPQEDLDRTVHCQ,1
P10605-93,IDLPETFDAREQWSNCPTIGQIRDQGSCGSC,1
A8DYP0-3791,HSTVLCYSLQYKLSNCDAWTTVADNIDHEFY,0
Q5VVP1-1240,ASKVNQHKQKFQAPVCGFPCNHRHLFYSEHG,0
Q6ZWV3-49,FDLGRKKAKVDEFPLCGHMVSDEYEQLSSEA,1
Q9BQI4-163,QENRRMFSSLFQFSNCSQGQQLATFSSDWEI,0
Q91VD9-75,IPRFCYHERLSVAGNCRMCLVEIEKAPKVVA,1
Q86YW5-196,FAVMAKRKQGNRLGVCGRFLSSRVSGMNPSS,1
Q96N64-233,MPLQSNTFQEGTEVKCEANGAVPDDPSPVPH,0
Q704Y3-363,GVLAYILQREIHEPECRHLSRKFTEWAYGPV,1
Q9D051-263,HCLEAAAVLSKEGIECEVINLRTIRPMDIEA,1
P05067-187,LPCGIDKFRGVEFVCCPLAEESDNVDSADAE,1
Q80YE7-1284,TNTMGGYKESFSSITCFGCHDVYSQASLGMD,0
Q8VCY8-191,PDRPGPDRFVTDQSACAGSPSLVAAARRAFP,1
Q67875-302,CTTPAQGNSMFPSCCCTKTSDGNCTCIPIPS,0
P22723-427,GYECLDGKDCASFFCCFEDCRTGAWRHGRIH,1
O88427-1277,CFRLHKVLEPYAPQWCSSRESWALYLFPPQN,1
D3YVP5-170,IAYDVLERNQVFEAKCLDAFPNLKDFIARFE,1
Q00960-849,ITFICEHLFYWQFRHCFMGVCSGKPGMVFSI,1
Q9SZ28-93,GGGGSNSTMTCCNNKCIDVSSDDNNCGACKN,0
O94341-38,YISRSISILNKIFHPCMYIYSRGITNDTYSS,0
Q8VCN5-136,RRVASEFGLKISFVDCSKTKLLEAAITPQTK,1
P53610-180,PEGSENDMRFVYCASCICYMLNNWSGMDMKK,0
P52429-138,MPHHWIRGNVPLCSYCMVCKQQCGCQPKLCD,0
Q91W43-230,CHRHNKRKKFFVDPRCHPQTIAVVQTRAKYR,1
Q8BX65-233,DMDCGIMDACCESSDCLEICMECCGICFPS*,0
Q8VY81-178,FRQRKWVSLSEAIELCQNSWMREALEAFINR,0
Q2IBD4-431,QNHSQAPPVHSLHSPCANTHPGLNPRIQAAR,0
O08749-484,LALEYGASCEDIARVCHAHPTLSEAFREANL,1
Q8R0Y6-86,AKYQALGAELNVLPFCSQFIPMEVINAPRHG,1
Q9Y3Q4-93,EGPARGAGKSSTNGDCRRFRGSLASLGSRGG,1
O09173-120,ASEKKVDFVSGLYTLCGAGDIKSNNGLAVHI,1
K3W4M8-905,SYSKRTMTGYWSTQGCRLLTTNKTHTTCSCN,1
Q91Z53-57,RKDLEQGVVGAHGLLCRLSDRVDKKLLDAAG,1
P35917-653,LNIPRVAPEDEGDYVCEVQDRRSQDKHCHKK,0
P25205-360,GDPSVAKSQLLRYVLCTAPRAIPTTGRGSSG,1
P58710-354,VEVRFTRGDDILLSPCFQRDSCYMNIIMYRP,1
O35927-761,SALGSSEIDSKTVENCVCILRNLSYRLAAET,1
Q8R4D5-1033,FAYFYMVVKKCFKCCCKEKNMESNACCFRNE,0
Q99KE8-304,TATLGERTFNCRYPGCHFKTVHGMKDLDRHL,0
P47976-263,CINWSKLGYCPYGKRCCFKHGDDKDVEIYQN,0
P11716-305,YLALTEDQGLVVVDACKAHTKATSFCFRVSK,1
Q00987-449,AIEPCVICQGRPKNGCIVHGKTGHLMACFTC,0
P48745-244,TNRNRQCEMLKQTRLCMVRPCEQEPEQPTDK,1
P52430-284,DNISVDPVTGDLWVGCHPNGMRIFFYDAENP,1
Q8R086-300,RTGAISTARWAGARLCDVLAQAGHRLCDSEA,1
Q9QJ27-292,YFVVCDVSADNRMATCIYKN***********,0
Q1HE58-219,HTSTDHLNEAKEKGICGC*************,0
B4NYV0-741,YNHCEYPYEDEMPNRCGIIHARGPAPVRVTN,0
Q6PB66-626,QEMNVKVPENIYKGICNLLNTYHVPELIKDI,1
Q8IWY4-173,HRSNEGMNCMNKDHGCAHICRETPKGGVACD,0
Q93538-166,NTVMGNIKTILHSSRCEVPVFCYIKDQSLDM,0
Q8BMJ2-783,RLYTWVEWVKEMLASCSSLRSGPADSFNDRV,1
P62079-80,FLVVGGVMFILGFAGCIGALRENTFLLKFFS,1
P07901-482,YTSASGDEMVSLKDYCTRMKENQKHIYFITG,1
Q8VDV0-89,CICHVTEPGTYFGPLCECHEWICETYDGKTC,0
Q9VUV9-336,DFIKQLKLNRQMVLYCTMLASAQTDSERQRI,0
P33328-94,RVRKQMWWKDLKMRMCLFLVVIILLVVIIVP,1
Q91VD9-64,VLQACEKVGMQIPRFCYHERLSVAGNCRMCL,1
P11976-890,DNNPCTVDSCSNSTGCCHTPINVDDNNPCTE,0
Q9WV68-53,SGIGFRIAEIFMRHGCHTVIVGRSLQKVTTA,1
Q5MAI5-266,KFSDVHPVALNFMKGCLKMNPDDRLTCSQLL,0
P47962-100,KYGVKVGLTNYAAAYCTGLLLARRLLNRFGM,1
P50464-111,AMNASWHPGCFCCEICNKQLADVGFLRNAGR,0
Q9JJZ2-347,IAAIKTKRTIQFVDWCPTGFKVGINYQPPTV,1
Q63366-231,KTCYQEQTQSHVSWLCSKPFKVICIYISFYS,0
A0A0R4IBK5-6,**********MKCPKCSHEALEKAPKFCSEC,0
Q8BJ64-244,WMDMTVHQGKRWSTACAYLHPVLSRPNLRAE,1
O70503-166,DNTIKKLININVLSVCKVTRLVLPGMVERSK,1
Q6DE06-144,WQLPPSDYVCNLSSSCKTISCPRQRYNTTCT,0
Q62381-745,DKDECSKDNGGCQHECVNTMGSYTCQCRNGF,0
P35980-101,VTDDVRILEVPKLKVCALRVSSRARSRILKA,1
Q9JKA9-351,AVMRICNLISMMLLLCHWDGCLQFLVPMLQD,0
Q8NBI5-226,GHIPYPLPPNYSYGLCPGNGTTKEEKETAEH,1
K7EMM6-92,LFVKADVLSGENAYMCAKCKKKVPASKRFTI,1
Q15788-1352,QMQMSSLQMPGMNTVCPEQINDPALRHTGLY,0
Q769J6-729,SCQDQAQDKWVKNAQCQGSPQPPAWQEPCVS,0
P47801-136,AHSEGNFNSSSHQGYCFILTWICFCFSFIIG,0
P23188-198,QPRYTQMNDNRHGTRCAGEVAAVANNGVCGV,0
Q9D1X8-170,QVQPTCPKELPGHKNCIDKIETVISAKLQLI,1
Q924X2-86,GSNYCKVDISMGLVDCIQRCLPERYGHFGTP,0
Q9EQU3-258,LTSLRVLDVGGNCRRCDHAPNPCIECGQKSL,1
P29825-96,SCRGRCTGHLSESQSCDKTRDRVCDCSAGNY,0
P62079-252,AGIFIGIALLQIFGICLAQNLVSDIEAVRAS,1
Q99PP9-122,SHQLTEPAKDQDLRTCPAHHSPLVSFCHTHQ,0
Q64374-262,SCCFGGKDYSEMYVTCARDGLNAEGLLRQPD,1
Q9D172-175,VLKEFHGAKKPIGLCCIAPVLAAKVIKGVEV,1
Q3TJZ6-46,QAVSAGAASPEFTKLCAWLVSELRVLCKLEE,1
B1AYL1-781,MCTERSVPTEATDQICDPSVKENISGHTLSE,1
Q9U3K5-259,FKVRNLGQQHQHTVSCIMILNMIIEKLYICF,0
Q8VFV4-313,IKDALQRCKNKCFSQCHC*************,0
Q3ULD5-431,EGIAKDGAKMVAAVACAKVPKITVIIGGSYG,1
P82628-33,HAHLSHEEPMKEPEYCRWTNAFNGTCSDRGN,0
A0A7H0DN66-135,DVHDTGKCDVDLFDWCQGDTFDMNICHQWIG,0
D3YUM1-416,DSLWEISKQIEGHTICALGDGAAWPVQGLIR,1
P62829-28,KFRISLGLPVGAVINCADNTGAKNLYIISVK,1
Q8LPK0-179,SAFISDLPIYNIQHECSPNSSFSILIHQSPL,0
Q99L04-177,PYGVGKAACDRLAADCAHELRRHGVSYVSLW,1
P31872-604,DQQLLGIWGCSGKLICTTTVPWNASWSNKSM,0
Q7XSJ6-170,VEELYKFYRENEEMSCVQPDYMSSQGDINEK,0
S4R197-18,DGPSNNASCFRRLTECFLSPSLTDEKVKAYL,1
Q0WPS0-108,RPDFSFEGYRWQPEGCNMPQFDRFTFLTRMQ,0
P40936-231,YLEKEVVEKAIQDAGCQVLKCNCVSLSYSEA,1
D3YZC1-31,LSVLNCGLGITTRGLCSQPVSVKERIDNKRH,1
P06151-293,KGLYGINEDVFLSVPCILGQNGISDVVKVTL,1
Q91V76-140,VNGSYFAHKNPADGACLLEKYSQKYHDFGCA,1
O88703-63,SHPESADEPGPRARLCSRDSACTPGAAKGGA,1
Q8N4T8-115,MVSQLHTNLLGSMLTCKAAMRTMIQQQGGSI,0
Q15149-3336,PSTGEPATYGELQQRCRPDQLTGLSLLPLSE,1
Q9JIA7-124,EENRAEAQRWATALTCLLRGVPLSGDQEITP,1
Q12368-82,ESLSSFKRGKKFGFYCDICNLTFKDTLQYID,0
P62242-100,ASNNELVRTKTLVKNCIVLIDSTPYRQWYES,1
P98157-4281,CDQQVCTNYCHNNGSCTVNQGNQPNCRCPPT,0
P06814-23,NPWGEVEWTGRWNDNCPNWNTVDPEVRERLA,0
Q0D252-52,EMSPTRQLRRCPGSHCLTITDVPITVYAAMR,0
Q3B8N0-456,WKGPEFWDATAYYNLCLPQRPTAI*******,0
P0C6U1-1341,TTDMVKSKGVCATGDCYVSTGGKLCKTVLNV,0
Q8TB22-770,RLEDQATAYVCENQACSVPITDPCELRKLLH,0
P54318-119,LLDMCKKMFQVEKVNCICVDWRRGSRTEYTQ,0
Q62167-223,KHAIPIIKEKRDLMACAQTGSGKTAAFLLPI,1
P14824-358,WELSAVSRVELKGTVCAANDFNPDADAKALR,1
Q9NZW5-298,RKAFVRRDWDNSGPFCGTISSKKKKKMMYLT,1
Q6DPI6-275,HYEECSCYPDAGEITCVCRDNWHGSNRPWVS,0
Q69ZU6-620,CRDAIFPIPVACDAPCPKDCVLSAWSSWSSC,0
O60524-1000,GQPHPEDVLLFAIPICAPYTTMTNYKYKVKL,0
O35913-442,QLYVENKVLADCNTRCNCSTNTWDPVCGDNG,0
Q9V498-434,NIFSPAEWRWKIPEVCDNEWHHYVLNVEDSS,0
Q54UA9-28,YNGYSNNDYGYYNNNCSNVNYNNDIHYKNNN,0
Q5XIL2-170,NPKWTKYVHKVCCPCCFGRGCLLPNQGYLSE,1
Q9M202-6,**********MESYKCRVCFKSFVNGKALGG,0
Q75D04-541,QTTWNFAITFPKTIDCETERTYQFQTSNMTM,0
Q9D2N4-267,MGFRYRCQQCHNYQLCQDCFWRGHAGGSHSN,1
P04275-867,QDRKWNCTDHVCDATCSTIGMAHYLTFDGLK,0
P21453-328,LTNKEMRRAFIRIMSCCKCPSGDSAGKFKRP,1
Q3TMH2-40,KNSDRLFDEVQEVIYCPAAVHNDLEKRLKCT,1
P63017-17,SKGPAVGIDLGTTYSCVGVFQHGKVEIIAND,1
Q21339-82,MLNWEGPEWKCAYCVCIIAVYWMSEVMPLAV,0
Q921I1-156,LGRSAGWVIPIGLLFCKLSEPRSPLEKAVSS,1
Q9NJB5-211,VHVDDMDEISSDGVGCDDEGVTLSHQHLLEQ,0
Q9ET30-64,YHNRQETYKYFSLPFCVGSKKSISHYHETLG,1
P29401-468,ATEKAVELAANTKGICFIRTSRPENAIIYNN,1
Q9H5I5-503,AMVSVFQFIMKQSYICALIAMMAWSITYHSW,0
Q8VC12-265,GGMSGAQAKAAAIVGCIGVIAEVDKAALVKR,1
Q8JZQ2-524,ASLTPGFSGADVANVCNEAALIAARHLSDAI,1
Q9R0I6-473,AIVFVPCGHLVTCKQCAEAVDKCPMCCTVIT,0
P41950-329,DTCDQECSNGEWGPDCAYCCHCSEGTCHPIS,0
Q9D826-227,PLGIELPLQTLRINVCYWREKVPGSYGVSQA,1
P08032-473,ALLELWDKCQHQYRQCLDFHLFYRDSEQVDS,1
P82348-283,PDGKLYLSMAGEVTTCEEHSHVCL*******,0
P28465-312,CQRTGHGPQSCDLLCCGRGHNTQHIRRTTQC,0
Q9JJY3-132,GTGAGKSFCFATANVCLLPDSLARLNNVFNT,1
O00548-45,QEFVNKKGLLGNRNCCRGGAGPPPCACRTFF,0
Q9UK96-49,YELILSLDSTRWRQLCLGCTECRHPNWPNQP,1
Q9Y3L5-140,EVMSSEGRALAQEWGCPFMETSAKSKSMVDE,1
Q9QXX0-779,DSFTCVCKEGWEGPICTQNTNDCSPHPCYNS,0
Q6PD19-105,GEEHPIRVVNALQTLCALIRGVHQKNKSTSG,1
O70497-258,LFSTKDQDNDGSTSSCAMGYHGAWWYSQCHT,0
Q9Y210-255,RKGARIERPHDYFCKCNDCNQKQKHDSFSHS,0
Q86SE9-42,KPTTVTECLHTFCKTCIVQHFEDSNDCPRCG,0
O14793-138,TESDFLMQVDGKPKCCFFKFSSKIQYNKVVK,0
P12268-468,IHKFVPYLIAGIQHSCQDIGAKSLTQVRAMM,1
P46531-323,NGGTCHNTHGGYNCVCVNGWTGEDCSENIDD,0
P62080-187,DSNASRERCGVPFSCCTKDPAEDVINTQCGY,1
P52825-639,NVSSYSGRNAREFLHCVQKCLEDMFDALEGK,1
P62249-25,VQVFGRKKTATAVAHCKRGNGLIKVNGRPLE,1
Q02645-828,NRKLLNVVTSTHPTQCQSQSQSFISEKHIQL,0
Q9BZ95-1349,VMCDKKDCPKAYHLLCLNLTQPPYGKWECPW,0
Q9UHX3-512,TTGCSTIGTRDTSTICRCTHLSSFAVLMAHY,0
E9PBS1-295,HCEKIKKACGNFGIPCELRVTSAHKGPDETL,1
Q62452-151,KQRFFDAVFLDPFDVCGLIVAKYFSLPSVIF,1
P62908-119,SLRYKLLGGLAVRRACYGVLRFIMESGAKGC,1
P53668-28,ERMGEEGSELPVCASCGQRIYDGQYLQALNA,1
Q9EQ06-94,KCRKLGAQAHPFVVDCSQREEIYSAAKKVKE,1
P60202-139,RGSRGQHQAHSLERVCHCLGKWLGHPDKFVG,1
P53669-53,LQALNADWHADCFRCCECSTSLSHQYYEKDG,0
Q9Y4K3-242,MPNHYDLDCPTAPIPCTFSTFGCHEKMQRNH,0
Q571I4-978,NENYWSLFKLTCNKPCCDSGDAIYYCATCSE,0
B0V3H4-182,QPILIPYDEDFNHEPCLRNGHKAHWAVASGI,0
Q9VWR8-408,SELWQLVKTMIVKPYCMYGVVMLAMFFRRWR,0
Q5HZN7-81,FGIVFIMGVIAGIAICICMCMKSSRGTRVGV,0
Q9QZA2-818,AQGPPYPTYPGYPGYCQMPMPMGYNPYTYGQ,0
Q92673-1125,RNCPTTICDLDTQFRCQESGTCIPLSYKCDL,0
Q91VI7-357,QMSSNPLGDEGVQELCKALSQPDTVLRELWL,1
Q86IA3-175,SKNVLVEFYAPWCGHCKKLMPDYEILGNTYA,0
O14672-632,RHFSGRTITLQPGSPCNDFRGYCDVFMRCRL,1
P52196-248,FQDKKVDLSQPLIATCRKGVTACHVALAAYL,1
P97607-227,VPGECRCSYGWQGKFCDECVPYPGCVHGSCV,0
A2IBY7-25,FYEDKHFQGRHYDCDCDCADFHMYLSRCNSI,0
Q5TEA3-574,EGNVHFFSSGLLFSHCRHRSIIISKDHMNSI,0
Q9CXF4-184,DSKLLIESLEKYVVLCESPQDSRTLLVNCQN,1
P07522-933,DECQQGSHGCSENATCTNTEGGYNCTCAGCP,0
O43561-26,LGLLLLPILAMLMALCVHCHRLPGSYDSTSS,1
Q8CJ69-676,AGCHCPANLVLHKGRCIKPVLCPQR******,0
P54868-166,DSGNTDIEGIDTTNACYGGTASLFNAANWME,1
P63058-56,GYIPSYLDKDEQCVVCGDKATGYHYRCITCE,0
Q6R0H7-913,VRACYERSNEYQLIDCAQYFLDKIDVIKQAD,1
Q6B9Z1-108,PGMKPDCKSSPITRICAQEYHPKSPVSRSDL,0
Q61211-446,LEKNEQHLVTKLPWDCLLTRCLKNMQPAYQV,1
Q9Z0W3-868,QYVQLQDYIQLLHPWCQVNVGSCRFMLGRCY,0
P42702-341,VIFAGYPPDTPQQLNCETHDLKEIICSWNPG,0
Q05144-157,GLALAKDIDSVKYLECSALTQRGLKTVFDEA,1
D3Z291-100,AGRRAKDPAVLRYMFCSMAQRALIAPVVWVA,1
Q63886-282,PRPIMPNMVFIGGINCLQKKPLSQEFEAYVN,1
Q9Z2W0-445,LGSPQLAMHSIRETACTTGVLQTLTLFKGFF,1
Q8VE18-566,LHEDCYKFWSNGHQLCEERSLTDQHCVHKFH,0
Q02248-520,PLIKATVGLIRNLALCPANHAPLREQGAIPR,1
Q91XD4-419,QLTSLVDADARAFAACLEAIKLPKNTPEERD,1
P46782-66,HSAGRYAAKRFRKAQCPIVERLTNSMMMHGR,1
Q8JHW2-377,EYAKSHRQECSDIDECVDLANACTPNSVCIN,0
Q9DCS3-332,KNHSPDEFKELILTLCNLIRQGRLTAPSCSE,1
Q5VV63-1031,CNGHSTCINNNVCEQCKNLTTGKQCQDCMPG,0
Q56XW8-482,FLRANVLTLPRVSAKCNVHFI**********,0
D3YUM1-178,AIREAYEAGLIGKNACGSDYDFDVFVVRGAG,1
P15105-183,DKAYGRDIVEAHYRACLYAGVKITGTNAEVM,1
Q09470-243,CIIWFSFELVVRFFACPSKTDFFKNIMNFID,1
O15072-605,CPGVNFEYQLCNTEECQKHFEDFRAQQCQQR,0
O00339-428,CEHECVNMEESYYCRCHRGYTLDPNGKTCSR,0
E9Q933-64,TRIGDETARWITVGNCLHKTAVLAGTACLFT,1
O88441-51,SDNAASLAVQAFLQMCNLPVKVVCRANAEYM,1
Q922B1-264,LDLLLEHRLRSVAFPCISTGVFGYPNEEAAE,1
P16460-132,GATGKGNDQVRFELTCYSLAPQIKVIAPWRM,1
P25911-203,LDNGGYYISPRITFPCISDMIKHYQKQSDGL,1
Q9Z0E0-469,PSWPGDALRLLLPGWCHLTVEDGPREILIKE,1
P25444-182,RGYWGNKIGKPHTVPCKVTGRCGSVLVRLIP,1
B9QMJ0-590,MLQYRDGAFQDFDAVCHNYGNPANKDPTTKL,0
P41091-105,KLDDPSCPRPECYRSCGSSTPDEFPTDIPGT,1
P87154-2081,QIPCKQCGVHQDFDLCLHEHLWPTRDDMGTL,0
Q9SN68-198,MVLPDRAMDRAVSSSCCA*************,0
Q16719-327,TRFKMDNKLQLIPGVCGFRISNPPILLVCSL,1
D3ZTE0-60,LCHFPFQYHRRLYHKCIHKGQPGSRPWCATT,0
Q01484-347,GLSPLHMAAQGDHVECVKHLLQHKAPVDDVT,1
G3X973-1282,EALREKCINCTRKFRCTQGFQLQDTPRKSCV,1
Q8VZF1-254,AVYLWTLPMFHCNGWCFPWSLAVLSGTSICL,0
Q9S746-520,LRPKQLNDTKSMAQFCKDTVVTIWHYHGGCL,0
Q66802-2169,LIGVCHRFNHTRNCTCSERFLVQTLYLHRMS,0
Q4U925-163,DIKYYIYQLLKAMNYCHSQGIMHRDIKPHNV,0
P53892-264,RRHDFYDESRDHKSCCPHHHYENLSKLRNYY,0
Q6PDJ1-852,DLLPVCNQDGGNKIRCFIMEDRGYLVAHPTL,0
P33433-137,NCSSHHFPRHHIFGFCRADLFYDVEASDLET,0
P11716-24,DEVQFLRTDDEVVLQCSATVLKEQLKLCLAA,1
P32970-133,TTASRHHPTTLAVGICSPASRSISLLRLSFH,1
Q4U9I8-880,QRHLCVICGFFANYKCRNCATRRIEAINSYY,0
Q9QYY9-45,SPPKACEVRIQVIATCVCPTDINATDPKKKA,1
Q5ZKD1-185,CIAVQLGTNPDWMFFCCFAGTFMFYCAHWQT,0
E9Q1J7-330,RTVGIVGNQPNVASGCLDINSSVKGARFVRF,1
P38720-365,WKLNNPAIALMWRGGCIIRSVFLGQITKAYR,0
O15533-115,PASAKWASGLTPAQNCPRALDGAWLMVSISS,1
Q91WG8-520,SDTLHLPVWVDNDGNCAAMAERKFGQGKGQE,1
Q9FIY7-1063,DDPVLTPCAHRMCRECLLTSWRSPSCGLCPI,0
Q60803-238,ECVNAPSTCSFKRYGCVFQGTNQQIKAHEAS,0
Q91X05-126,SLIFIIMTFPFSIWFCIKVVQEYERVIIFRL,1
Q61092-462,IGFYNDPHDPRSCKPCPCHNGFSCSVMPETE,0
Q5RHY1-774,KHDYHWHDAVKRFFKCPCGQRKICLARMPHG,0
Q3ULJ0-104,DLLVFVIPHQFIHKICDEITGRVPEKALGIT,1
P42082-264,SVTVALLLVMLLIIVCHKKPNQPSRPSNTAS,1
Q3BDI7-698,CREGGLNMNFMESYFCQKAYAYADEDEGRPS,0
P19096-1128,PTLEKFVFTPHMEAECLSESTALQKELQLCK,1
B4IIC7-265,AIEVLNGHGYDHLILCVEWSKPQP*******,0
Q9BLY8-199,SCPMNLQYFPMDRQLCHIEIESFGYTMRDIR,0
Q12882-959,VVAMIDEEMCINCGKCYMTCNDSGYQAIQFD,0
O35516-772,DKNECLSNPCQNGGTCNNLVNGYRCTCKKGF,0
Q5YD48-56,GGPPPGWDSTPPERGCEIFIGKLPRDLFEDE,1
Q32LB3-276,CAPCRRRINCEQCSSCRNRKTGHQICKFRKC,0
P55264-159,TGGNRSLVANLAAANCYKKEKHLDLERNWVL,1
P34914-521,MEKWIPFLKRGHIEDCGHWTQIEKPTEVNQI,1
Q8VHK5-350,KVSARLQAASWDPQSCPQERPAGEVVRGPLK,1
P47914-119,LGKRARARIAKGLRLCRPKAKAKAKAKDQTK,1
A2AN08-1594,LNANVMHGKHVMVLECTCHIMSYLADVTNAL,0
Q9H8W5-524,HCCTFCSSGGQKTARCACGGTMPGGYLGCGH,0
Q9H3Z4-131,LTCCYCCCCLCCCFNCCCGKCKPKAPEGEET,1
Q9LZM0-259,IMNLFEQNHKEKIVKCVDGMKNRDIDHQSSR,0
Q5DTT3-1746,EEPSASFVPEFVDAICGVYKEHTFNESPNMV,0
O14258-450,CGPEADGKYVCLYNGCNKRIARKYNVESHIQ,0
P55212-277,DFCKDPSAIGKKQVPCFASMLTKKLHFFPKS,1
P30999-533,PRHIEWESVLTNTAGCLRNVSSERSEARRKL,1
Q9FGE7-185,SNIVEKLLSVGESGICGV*************,0
Q9D8W7-130,DQLRGAGFGPEHNRHCLLTCEDCKTRRGLSE,1
P13639-567,LHLEICLKDLEEDHACIPIKKSDPVVSYRET,1
D3YUL4-39,LSDPLNKSSYKYEGWCGRQCRRKGQSQRKGS,1
P47735-755,TLGTIRHKSIVRLWCCCSSGDCKLLVYEYMP,0
P08559-181,IVGAQVPLGAGIALACKYNGKDEVCLTLYGD,1
Q6Z4F1-363,YSTMFGRQDIGDGLECWKGYYQSLRPTQMGL,0
P26006-1016,AGLLLLGLIILLLWKCGFFKRARTRALYEAK,1
Q7Z5M8-6,**********MDAQDCQAAASPEPPGPPARS,0
Q94CD1-70,SNLDQNIAVIVRTIYCFKSEERGNEEAVQVI,0
Q5JN07-229,NPATLDMCSVCYRQHCLLNGATMATGPSSSV,0
O65312-473,QQCPCLTHENCCEKYCGCSKDCNNRFGGCNC,0
Q09195-368,RHINYFGDWIMAWAWCLPAGFGSPIPYFYVA,0
P42261-829,IGGLGLAMLVALIEFCYKSRSESKRMKGFCL,1
Q80TZ3-455,DHPRNLGQGGFFASLCWQDQKSEKSRCEEDH,1
P62137-155,CKRRYNIKLWKTFTDCFNCLPIAAIVDEKIF,1
Q8VIH3-503,FGSMFDYPQLSFELICSYIFMPFSFMMGVDW,0
Q290N5-188,LLVRQPSPSDDGLYRCTASNAAGRVMSKQGY,0
Q9UPN3-3809,GYMGVNQAPEKLDKQCEMMKARHQELLSQQQ,0
Q69IM9-573,RRYSKANFSSLSRKLCKGNS***********,0
Q92953-115,LNFYRTGKLHMMEEMCALSFGQELDYWGIDE,0
Q28894-97,QVNTDFPQLGLCQDQCQVDSHCPGLLKCCYN,0
Q1ZXL6-110,FGNISSWLNNSIPYKCEDCNGNNEPPHQKLK,0
Q4A3R3-726,STLWQCRNRGWFSHNCGHSEDAGVICSVPAF,0
Q8BFT9-464,PEVYPTATRALGLGTCSGMARVGALITPFIA,1
O43597-265,CTRWSAMGVMSLFLPCLWCYLPAKGCLKLCQ,1
P83103-231,EHKFENKYEEDVLKYCHQCTPLPFNTAYEQH,0
Q3UNX5-2-109,LGLLSRKFANILTEACSLQRGDRVMVILPKI,1
Q54XH9-857,NGCVCPYGQYFHSKLCIFTDKEEYDIPLSFR,0
P10649-115,VENQVMDTRMQLIMLCYNPDFEKQKPEFLKT,1
Q53LU4-551,AVRFLADNPGMWYLHCHFEFHIIMGMATAFI,0
P26363-277,ITSQIIENIQSVKAYCWENAMEKIIETIRET,0
Q80943-389,RQEMKDMSISEWIWKCCDDCNQEGNWKLIAQ,0
P05556-568,CECDNFNCDRSNGLICGGNGVCKCRVCECNP,1
P24721-198,WFSRDGLTWAEADQYCQLENAHLLVINSREE,1
Q9R0M0-1828,DSYSCSCVLGYYGDNCTNVCDLNPCEHQSVC,0
Q8IYC8-485,MLPLCLMVCQWRCLRCLRQQHDDFADDISLL,1
P62318-20,VPIKVLHEAEGHIVTCETNTGEVYRGKLIEA,1
P51797-283,GSSFWNQGLTWKVLFCSMSATFTLNFFRSGI,0
Q9QYY9-245,NGEKFPKAKALGATDCLNPRELDKPVQDVIT,1
P05817-174,KILKYCQEGELPTGCCPCTPQPTKKPDCSRV,0
Q91V76-154,ACLLEKYSQKYHDFGCALLANLFASEGQPGK,1
P54763-256,CNGDGEWLVPIGRCMCKAGFEAVENGTVCRG,0
A0JNQ7-44,DEGELCLNSAQCTSKCCHREDGLSLARCAPK,0
Q05D44-849,LVELTQTMLSKRLAHCEELRAQVMEVKALPG,1
P0C6X5-4271,FGDFVVSLPNMGVPCCTSYYSYMMPIMGLTN,0
Q9C5P0-750,VIYKGKKICLCGSVKCRGSFG**********,0
Q9UBU7-561,QAKAPFHTPPEEPNECDFKNMDSLPSGKIHR,0
Q99036-419,LYGQCGGSGYTGPTCCAQGTCIYSNYWYSQC,0
P14448-55,NMHESSCKYEKNWPICVDDDWGTKCPSCCRM,0
Q8VYA1-196,FPYMRHCTKQENKIKCLIHYFGRICRWMPTG,0
Q8BGH2-65,VHFDGLGRTKDDIIICEIGEVFKAKNLIEVM,1
P42892-58,NGLQVNFHSPRSGQRCWAARTQVEKRLVVLV,1
P32870-791,TVILIYSVGQVNVFTCVSDHPCSGNGTTSFQ,0
P17427-532,SPLIQFNLLHSKFHLCSVPTRALLLSTYIKF,1
P62274-39,CSNRHGLIRKYGLNMCRQCFRQYAKDIGFIK,1
P61922-269,PLEEFTTDNQQEEARCLEEVEDLIVKYRKKK,1
A2AF47-409,EPFFINLALFDVKNNCKISADFHVDLNPPSV,0
P61922-2-384,QYPQFISRVRGRGTFCSFDTPDEAIRNKLIL,1
Q5NAV3-107,TTHSAEYPERPGQPVCEYYMKNGTCKFGSNC,0
Q9CZX7-61,ASPGTSGIPVINCRVCQSLINLDGKLHQHVV,1
B1AR13-81,TYRWCVCGRSKNQPFCDGSHFFQRTGLSPLK,1
O83270-545,GVIGWQDQIQVRYHKCDGQLVVTTAGRLVLN,0
P19564-46,CKGPRRDCPHCCCPICSWHCQLCFLQKNLGI,0
H9BW96-83,ERFQSLGVAFYRGADCCVLVFDVTAPNTFKT,1
Q8IXK2-458,PGFFGMLQNKGLTDYCFDYNPPDENQIVGHQ,0
Q2V2Y0-92,GGNGGYCNYDIGGCFCQ**************,0
Q8JZR0-259,FKKPVPPKPEDLSVICFTSGTTGDPKGAMLT,1
P53935-140,VIRNYQDDHSCSCSVCGRRHLAMDQEMERIY,0
P18555-136,FEQKMFPPIVRIFPYCSWVKYIGRTCMKCNQ,0
Q8VE09-94,KMQLACDDLKTTEKLCESEEAGVIETIKNKI,1
Q8TEQ6-1122,ALQLHESLQGQRLVFCLLELLSRHLEEKQLS,1
O43854-158,CECPGEFMGRNCQYKCSGPLGIEGGIISNQQ,1
Q8JLI4-447,LYMYFNHVGKMFVCSCGDYILIIADAKYEYY,0
Q91VR5-571,QNLERFKKGDVRFLICTDVAARGIDIHGVPY,1
O14014-50,FGGHMWHKDCFCCTKCDKGLEHSDQMLVQTS,0
O14672-435,RATSGDKLNNNKFSLCSIRNISQVLEKKRNN,1
Q24488-280,MKEISDFPELIGQNYCRNPGSVENSPWCFVD,0
O08807-151,DRIEEFKSINTEVVACSVDSQFTHLAWINTP,1
Q8N6F7-43,KQRTSRCWDHHIAEGCFCLPWKKILIFEKRQ,1
G3XAC1-62,WGSAPRTHQWRTWLQCSRARAYALLLQHLPV,1
Q3UN70-824,FSLEINTTEPLIVFQCKYTLGNICFRSQRER,0
P22314-906,IPAIATTTAAVVGLVCLELYKVVQGHRQLDS,1
A1Z877-725,GRCTCHEGFDGDGYTCTNICGHGEVWENGRC,0
Q8N7C4-140,RIMRWFGLVSRTVMHCFWMFFVINYAHITYK,0
P13639-751,AQPRLMEPIYLVEIQCPEQVVGGIYGVLNRK,1
O88587-234,TPDFLAYVRGSSSFECTHYSSYLEYMKVVDG,1
D3YW54-49,CPRASFETLPNISDLCLKDVPPVPTLADIAW,1
A5PJS2-225,ASWSIQGWAFAVFTFCVLFTRAQQHHKWYHE,0
O09172-35,LQTGNLLNWGRLRKKCPSTHSEELRDCIQKT,1
P23945-644,FTKNFRRDFFILLSKCGCYEMQAQIYRTETS,1
Q9GZX9-175,SSDKEHMCTVVYFDDCMSIHQCKISCESMGA,0
Q64702-422,PRRSLDENQHSSNHHCLGKTPFPFADQTPQM,0
P40095-509,EIYVNDTWSAADYCRCDNTFLNNFFKGKSQD,0
Q10283-680,CPVYHYDYSRVLNACCENVIGYMPLPLGVAG,0
P61313-110,ARSLQSVAEERAGRHCGALRVLNSYWVGEDS,1
Q9FMS4-57,GGGEAKSMVVVGCPNCIMYIITSLENDPRCP,0
D3Z6Q9-205,ELLEELPILYNSRIGCYVTVFQNISNLRDVF,1
C9JZR9-155,TSWLQEHVADLSRSLCGIIPGLSSIFLPRMN,1
A2AMH3-68,AAARLVSGYDSYGNICGQRNAKLEAIPNSGL,1
P21796-232,TRFGIAAKYQIDPDACFSAKVNNSSLIGLGY,1
P03120-5,***********METLCQRLNVCQDKILTHYE,0
Q7TPR4-154,ISVEETSAKEGLLLWCQRKTAPYKNVNIQNF,1
Q02817-1243,ILNQTQDGAFCYWEICGPNGTVEKHFNICSI,0
Q8N6C5-392,FFLNNVTYSDTGIYSCHYLLTWKTSIRMPSH,0
Q15910-571,RFPGCRCKAQCNTKQCPCYLAVRECDPDLCL,1
P70404-235,HKANIMKLGDGLFLQCCREVAAHYPQITFDS,1
Q86TJ2-123,EHYVSMYIHGNLGKACIPDTIPNRVTDHTCP,0
Q3UVU3-167,PSQQPSQGDPRGALGCPQEAATATAPGSGTA,1
Q03602-148,DNVASNCLRNKDDEACTMHPIAFALEDTTPE,0
P07643-22,VYSGVALACAAMLGSCASGAKEEAEKKAAEQ,1
Q4V339-338,KDKSQQVIVQGVHELCDLEETPVSWKDDTER,0
Q9CZS1-181,DGEHFCFTRHEPVGVCGQIIPWNFPLVMQGW,1
P30873-339,GFLSDNFKRSFQRILCLSWMDNAAEEPVDYY,1
G3V4H1-24,SSCGCRGNDEKKMLKCVVVGDGAVGKTCLLM,1
Q75EN3-490,LDDYDAVAACVPPDICHDCYNWNYVRWRDGT,0
P55017-436,CSYGWNFTECTQQHSCHYGLINYYQTMSMVS,0
Q9DBG1-430,EINGFLFPKNTQFVLCHYVVSRDPSVFPEPN,1
P12392-152,NGSIQWLPPAIYKSACKIEVKHFPFDQQNCT,0
Q9NWQ8-37,AAVAIFFVITFLIFLCSSCDREKKPRQHSGD,1
P0C9J0-206,PMQMRRPPKEDLKFWCTYAKHCDFCWTCKDG,0
Q91WN4-341,VFDELMDKFNNNLSMCLPEFSRFRIPDDHAI,1
P99999-18,DVEKGKKIFIMKCSQCHTVEKGGKHKTGPNL,1
P23284-202,TDSRDKPLKDVIIADCGKIEVEKPFAIAKE*,1
O46419-310,EIKVFIDVKNGRIEVCNIEAPDHWLPLEICD,0
O35914-26,CSCQCFKPGKINHRQCEQCRHGWVAHALSKL,0
Q6DGQ1-5,***********MGKGCKVVVCGMASVGKTAI,0
P04075-73,FYRQLLLTADDRVNPCIGGVILFHETLYQKA,1
P52438-802,HANTTYQDVLNSIDECHFSNMQLIQSFKNIV,0
Q8JZM8-3396,CVSPCSEGYCHNGGQCKHLPDGPQCSCASFT,0
Q9Y4K0-625,DFRPKNGRHAWIWHDCHRHYHSMEVFTHYDL,0
Q8K010-1053,CLRCLVGRDIPLNQGCLAPVQVIIPKGSILD,1
Q9DBM0-110,KVRSGQMLAIIGSSGCGRASLLDVITGRGHG,1
B1AS29-859,IYKLRKTAEREQRSFCSTVADEIRFSLTCQR,1
P35858-566,ALQNPSAVPRFVQAICEGDDCQPPAYTYNNI,0
O88986-103,TLEEFGAGLSSTRFICGTQSIHKNLEAKIAH,1
Q3YBR2-314,PAIHNLIQSCPGARKCINYQWVKFDVCKPGD,0
O16262-272,YSTPIIAYMPPEILCCAERIPPHRPENDVWM,0
O08688-495,TGEFLLRVFTDVPSNCRELRLDEPPRTCWSS,1
A6ZVD0-406,FTWGISITIGISFGCCVTYFVTAAYEHQTVK,0
Q02817-4581,CSNGLQPVRVEDPDGCCWHWECDCYCTGWGD,0
Q5SW28-8,********MQPAATTCTEDRIQHALERCLHG,0
P09528-40,INLELYASYVYLSMSCYFDRDDVALKNFAKY,1
Q1G1A4-324,DLYYPHPKIQDVLWSCLNKFGEPLLERWPLN,0
Q61292-928,FHGDPRLPYGGQCRPCPCPEGPGSQRHFATS,0
Q14289-463,KGEKINVAVKTCKKDCTLDNKEKFMSEAVIM,1
Q869R1-317,AFARVNMVYTGAIQTCINIYLVFTLYWVFHV,0
Q9Z0Y8-1071,RMPNIAKDVFTKMDDCRDRGEDEEEIDYTLC,0
P12856-6,**********MVPGSCSSFGLLVILSFQNVP,0
Q32TG3-650,FEQLSTILVYNDREKCGALPYETCRTICKSF,0
P51654-262,KFSKDCGRMLTRMWYCSYCQGLMMVKPCGGY,0
Q92824-995,TEGNTCLPCPDNCELCHSVHVCTRCMKGYFI,0
Q91VD9-554,KNPPKMLFLLGADGGCITRQDLPKDCFIVYQ,1
Q9UQB3-795,SQGQHMGTDELDGLLCGEANGKDAESSGCWG,1
P16615-875,GGPRVSFYQLSHFLQCKEDNPDFEGVDCAIF,1
P48318-513,EFEMVFDGEPEHTNVCFWYIPQSLRGVPDSP,0
E9PYF7-185,LSSDATVLTPNTESSCDLMTKTKSTSGNDDS,1
Q9WUM5-60,ASRKHIYIDKNTKIICQGFTGKQGTFHSQQA,1
Q99JP7-102,ETRKDPFSAAAAECSCRQDGLTVIVTACLTF,1
Q9R112-379,MKNQRPIKKYDGYTSCPLVTGYNRVILAEFD,1
Q9DBM2-561,RKRGNTRYSPIADMLCEAGRFGQKTGKGWYQ,1
Q9LJU0-451,SFSAFYNNSAVPCNTCACGCNDIDTDTCNAN,0
Q80XN0-86,LAKHLHSKGFLVFAGCLMKDKGDAGVKELDS,1
Q676U5-153,ISDLETECLDLRTKLCDLERANQTLKDEYDA,1
Q9QXX4-438,KDGSVPLLAEIFAGGCAGGSQVIFTNPLEIV,1
H3BLL4-63,PTATSQLPLESDAVECLNYQHYKGSDFDCEL,1
Q9LXT9-345,LLIWGEAANLRFMPECLCYIYHHMAFELYGM,0
C7GLG0-69,ETTCTCEKSKCNCEKC***************,0
Q90ZC7-310,PWRNFENSQDLSYWECMYLLMVTMSTVGYGD,0
Q9JJL3-609,TCMKWSVTSCGARGACRLYNSRLFGMIYVGL,1
Q3MHH9-153,HPQMCPQTIIPEGECCPVCSNTEQREPTNLP,0
Q8VIK5-146,SECAPGMWGPQCDKFCHCGNNSSCDPKSGTC,0
Q6SWN0-108,HQDSWRDMLHDLFCGCHYPEKCRRHHERQRR,0
P41951-101,FGTICQYASTYNNYICCYSTNTQCGSNSSPQ,0
Q09630-498,IENHWISRYSKQPEICHAMQNIDGSDFYQNY,0
Q60649-617,NQLAAAYEQDLLPGGCTLRITVEDSDKHLLK,1
Q91X83-105,HIGYDDSAKGFDFKTCNVLVALEQQSPDIAQ,1
P00533-291,QMDVNPEGKYSFGATCVKKCPRNYVVTDHGS,1
P61922-2-224,SILSFMGAFHGRTMGCLATTHSKAIHKIDIP,1
P34985-182,IRLSFCDSNIINHYMCDIFPLLPLSCSSTYV,0
P40483-235,YGGPFTNNEKPVQAACMFLDTHWDGKLIRGH,0
P11976-753,DKCTQNGGVTHTPIACDDKNACTVDSCSNST,0
P97952-181,LIVVLTIWLVAEMVYCYKKIAAATEAAAQEN,1
Q8LE43-78,YNNYSLSQPRYFCKSCRRYWTKGGTLRNVPV,0
O13959-74,TDSAAAQECTVAWGTCNHAFHFHCISRWLNT,0
Q64374-248,KRLQTVKLPVDKTTSCCFGGKDYSEMYVTCA,1
Q5XG50-9,*******MATKSCPQCDQQVPVACKSCPCGY,0
Q9Y5Y6-486,CDGWADCTDHSDELNCSCDAGHQFTCKNKFC,0
Q8VDP2-93,YLRRPEGIERQYRKKCAKCGLPLFYQSQPKN,0
P01023-299,QAFCEKFSGQLNSHGCFYQQVKTKVFQLKRK,1
Q9HCE0-339,RLWQFKEEQMSVQGICADQVKVFSYHRYQRV,0
Q9DBJ6-3,*************MSCVPWKGDKAKAESSDL,0
Q8K441-1587,AVKHGFDLEDYSLSQCTLDRVILELSKEQEL,1
Q5XF04-94,IHNLPSRFNLEIIKDCKSITRPKDKISMCKY,0
Q96EK9-103,RYELYCLARAARTPLCLVYCVRPGGPIAGPQ,1
Q9FL16-324,LHGVLTGRRGEIRRRCDAIN***********,0
Q30KQ8-82,DSEFRISYCARPTTHCCVTECDPTDPNNWIP,0
Q8IZJ3-1144,PTLNHLNNLLRLPFGCGEQNMIHFAPNVFVL,1
Q9H6X2-521,PPPAPIYTPPPPAPHCPPPPPSAPTPPIPSP,1
Q07076-338,RLYQAGEGRLGTDESCFNMILATRSFPQLKA,1
P13611-3296,CNYHLTYTCKKGTVACGQPPVVENAKTFGKM,0
P21183-152,VSSHTHLRPYQVSLRCTWLVGKDAPEDTQYF,0
O76262-157,SFPGVPYSAQDFHPSCEITDWNDRFQVQQCE,0
P97428-97,LKTEFSEENLEFWLACEEFKKIRSATKLASR,1
Q925N2-205,VNIPMMRQQELIQGICVKDRNQNELGHSQRA,1
P29466-331,DAIKKAHIEKDFIAFCSSTPDNVSWRHPTMG,0
P41820-1439,KSHEMLTINPPSGQTCGEYMSAFLTNNTAAG,0
O16374-142,FSENHKMKWQMFILNCKLPDGIDFNNVSSVK,0
P18762-265,QDGRSGHGLRRSSKFCLKEHKALKTLGIIMG,1
Q6PGH0-122,ECYDELGNRYQLPVYCLAPPINMIEEKSDIE,1
Q5JRV8-188,REFCTPRIRGNTCFCCDLYNCGNRVEITGGY,0
Q91WG8-172,HVCCTRSAEQHLISMCEDHDRILLAGCPSYD,1
Q99JW4-74,CEHDFQMLFAPCCHQCGEFIIGRVIKAMNNS,0
P32770-361,PFPQSKNKPRPGDWNCPSCGFSNFQRRTACF,0
Q913D4-306,FTLSPRRHWTTQDCNCSIYPGHVTGHRMAWD,0
Q99KI0-385,KEGWPLDIRVGLIGSCTNSSYEDMGRSAAVA,1
O88491-1494,FICNECHTGIHTCFVCKQSGEDVKRCLLPLC,0
Q8VCW8-254,EQNLAQLRYNQRFLSCYDPINIQFTSGTTGN,1
P26710-212,PPERDLKFWCTYAKHCDFCWTCKDGMCKNKV,0
F4IUJ7-160,SKEETAAIKIQNAYRCYTARRTLRALRGMAR,0
F1QW93-96,IRKRLENNYYWKAMECVEDFNTMFTNCYVYN,0
Q9H1P3-238,LLKHNEAYTWTNPTCCVHNVIIGKLWIEQYG,0
Q8C8N3-210,HPRCIHVDNSQCCPQCKEKKNYCEFRGKTYQ,0
Q96B33-53,NQPVDVELYQGLWDMCREQSSRERECGQTDQ,1
P06795-1225,KVVQEALDKAREGRTCIVIAHRLSTIQNADL,1
P47967-117,CEGHCFKVAVDGQHICEYSHRLMNLPDINTL,0
Q8CIP5-326,TTQADTDRTLALLRFCATFYHRGVLVPACVG,1
Q3ZK61-322,YISSNHWQPASTISQCKWCNVKYAFRNMDWK,0
Q9D4F2-44,GGSGGGRFEFQSLLNCRAGADPACARLRASD,1
P05556-486,IPESPKCHEGNGTFECGACRCNEGRVGRHCE,0
P11680-332,WGKWSDCSRLRMSINCEGTPGQQSRSRSCGG,1
P09733-201,YNTVLTTHTTLEHADCTFMVDNEAIYDMCKR,0
P08238-521,RGFEVVYMTEPIDEYCVQQLKEFDGKSLVSV,1
Q9CQ26-264,PTIEGLRHIVVPRNLCSEFLQLASANTAKGI,1
P16563-196,TPYQQGTPCASCPNNCENGLCTNSCDFEDLL,0
A6NGN4-184,LLLWVKQRKDLLHLCCKKLKILGMPFRNIRS,1
Q9JLJ2-355,LGFVKLAKEQGATVLCGGEVYVPEDPKLKHG,1
Q08273-81,CIECQPKAMTDTDNECVAAWGVCNHAFHLHC,0
E9PVZ8-3192,GSQEQALLIDLPGHSCRRTRSGAGWKRVLRS,1
Q0WN60-340,KELVLNNALMDMYSKCGCITNAQMIFKMNNN,0
Q6NLF4-71,ITSRCKGPNYPANVCCSAFKDFACPFAEVLN,0
A2AIR7-1122,LRRGPRPIVPYSSMFCLSPTNLLRRFCHYIV,1
Q63184-128,FELCDPDSQLPHRFICKCKIGQTTYGTGFGA,0
P19096-779,HALLQAVLKRGVKSSCTIIPLMKRDHKDNLE,1
Q91VI7-308,DEGARLLCESLLEPGCQLESLWIKTCSLTAA,1
Q9DBM2-231,AKVRKQYPGRLAPETCVRSVQASVKHPYEVA,1
Q3ULD5-167,KHVRAQEIALQNRLPCIYLVDSGGANLPRQA,1
Q8BU14-55,MGHRVDYFIASKAVECLLDSKWAKAKKGEDA,1
Q8NGG0-162,LTYLYGFSTAIVVSPCIFSVSYCSSNIINHF,0
O08756-58,PDSEGESQAKKLGESCIFAPANVTSEKEIQA,1
P32020-224,VMKSKPVFDFLTILQCCPTSDGAAAAILSSE,1
B4N1W9-528,EPNVTLITEGNADDVCIWFVMTGTLAVYQGV,0
G5ECE3-1083,EKCADGYFNITSGDGCEDCGCDPTGSEDVSC,0
Q3TXS7-571,MYGRMEEADALIESLCRDKDPILRRSGMYTV,1
C6KRL6-31,DGFFISSCFHIFCTKCAKADLAVCLICKKNV,0
Q9Z2J6-10,******MANVTLKPLCPLLEEMVQLPNHSNS,0
P50247-266,QAAMEGYEVTTMDEACKEGNIFVTTTGCVDI,1
P56528-86,LIYTQILRPEMRDQNCQEILSTFKGAFVSKN,1
F6T1Y2-184,PSASKLKKLKAALDCCVVDVQEYSADPHAIA,1
Q9R1V7-717,VGYVEDGTPCGPSMMCLDRKCLQIQALNMSS,1
Q5U458-494,KNEKVKVIDVTVPLQCLVKDSKLILTEASKA,1
P27037-60,TGVEPCYGDKDKRRHCFATWKNISGSIEIVK,0
Q8VBV2-42,NTVCFMQRGHCRLFMCRSGERKGDICSDPWN,0
Q5DQR4-1031,VNYLPLTDMRIARTFCFTNEGQALYLVSPTE,1
B0QZP3-145,SRNDFLIQMFHYIKTCMAPLPCSVYLIEHPS,1
Q8B912-8,********MSGILDRCTCTPNARVFVAEGQV,0
A6BM72-394,CTCQPGWSGHHCNESCPVGYYGDGCQLPCTC,0
Q9JII6-46,AAIKHALSAGYRHIDCASVYGNETEIGEALK,1
P16973-65,KSTDYGIFQINSRYWCNDGKTPRAVNACHIP,0
Q9D8W5-255,YLSICKHYRAIYDTPCIQAESDKWQQALKSV,1
Q710U6-279,VKSVELNAPNYHYEECSCYPDAGEIMCVCRD,0
Q6ZNX1-215,CNATIQRHLGQIWVFCDIMYCEYVGSLLKGR,0
Q924H5-366,SSLNFRKRSREPEEEC***************,0
Q06636-183,WKKYFIFIVVGGWISCVVIPLDWDRDWQNWP,0
O13969-151,SNATYGLKPMNCPGHCIVYASTERSYKELPL,0
Q6NS60-679,HCPNILTDRSLWLASCYCRALQAVTYRSATD,1
P03306-2111,RNVWDVDYSAFDANHCSDAMNIMFEEVFRTD,0
P80315-252,GITRVEKAKIGLIQFCLSAPKTDMDNQIVVS,1
Q80Z19-163,DALMVELDSRFQNHTCGLCGDFNGMQTNYEF,1
E9Q0U7-269,KDVSGKMNRSQFEELCAELLQKIEVPLHSLM,1
O70252-264,EDGLPVHDGKGDIRKCPFYAAQPDKGTLGGS,1
Q9D819-242,WKALVTKKTDGKGISCMNTTVSESPFKCDPD,1
E9QAQ1-170,IFTLCTMSVDRYIAVCHPVKALDFRTPRNAK,1
Q9T0G7-436,PGLFVQQSGNASGCDCVNGCGSGCLCEAKNS,0
Q9NR16-789,WKQTACHLNMEASLICSAHRQPRLVGADMPC,0
Q9EQE1-552,EIPQQLNGSDCGMFTCKYADYISRDKPITFT,0
Q9BXT5-2550,LQDNDIVNSSIKNSSCMTSPEPICIQNKIPT,0
P56101-124,LFVFCGVITGCYFCCCLCCCCNCCCGKCKPK,1
Q75QN2-888,PDVYTDQVIKRMIKCCSLLNCHTQVAILCQF,0
Q8BGY2-73,LVGIDIFTGKKYEDICPSTHNMDVPNIKRND,1
Q06407-98,ILPSSNEAYCSNCFRCCRCSNRIKNLKYAKT,0
P56841-40,EDEHHRLWMVAKLETCSHSPYCNKIETCVTV,0
Q9CQN1-503,YASRMQAGTRNIYYLCAPNRHLAEHSPYYEA,1
Q99LB7-218,TLYVPQDGTMDPAGTCTTLTRAAVARGAQVI,1
P85107-2,**************MCCEKWSHVAEMLLFIE,0
P01871-351,PAREQLNLRESATITCLVTGFSPADVFVQWM,1
P02760-287,VTEKECLQTCRTVAACNLPIVRGPCRAFIQL,1
P0CX14-1561,TQYGLCKGCQKMFELCVCWAGQKVSYRRMAW,0
Q22271-409,EEKLWFPIGAYVSCICIYCSIGSAMFITWER,0
Q80T85-669,ESVERKIYKAYKWLRCSYISYSNNKDGETSL,1
Q8VE88-421,ALERSQTLSQMTVMLCKDLASLSKEFTTCLT,1
Q96A29-97,LVTTLLCKGLSALAACCPGAVDFPSLRLDLR,1
Q99836-274,AMKKEFPSILRFITVCDYTNPCTKSWFWTRL,1
P60412-120,CKTVCCKPVCCVPVCCGAASSCCRQSSCQPA,0
E9Q484-382,FVVGPESAGAHPGPACYRKGGPVTVTDANLV,1
Q9QXZ6-28,GRFFSKMKVFLMSLTCAYLAKSLSGVYMNSM,1
Q5SXR6-1261,DGARKANSTRTWKEVCFACVDGKEFRLAQMC,1
P97943-251,KWNGLSEVNYWHSEQCNMINGTAGQMWAPFM,0
P70168-765,SDFDMVDYLNELRESCLEAYTGIVQGLKGDQ,1
Q3E756-31,SYDTVPGHQNLYCPNCHNYSVGPIKRKEFFT,0
Q8VCW8-503,WYRTGDIALMDEQGFCKIVGRSKDMIIRGGE,1
Q5TYX0-458,RDLRHPKRILFCTDCCPDCGNRSFYDLEADQ,0
Q92667-64,RADPAIKEPLPVEDVCPKVVSTPPSVTEPPE,1
Q96QT4-1143,LPPPLIILSHIVSLFCCICKRRKKDKTSDGP,1
F5H5A3-520,NELHETSMEQLFPRRCTWLYVMNNCLLSISG,1
A8WGB1-61,TTKYPCVKSTGEVTTCYRKKCCEGFKFVLGQ,0
P62910-91,KFLVHNVKELEVLLMCNKSYCAEIAHNVSSK,1
Q6PDG5-635,WNKVSEHVGSRTQDECILHFLRLPIEDPYLE,1
O74356-240,RPPYIGITTFPNLQHCIKKNQPILKQFTSQL,0
Q07846-324,SRMVQWAYDNNYVDECDIAYHYAMYAEEDAN,0
Q94K98-364,HVWPWIKTQEAGFSHCAVRAKEECNWVGFFD,0
Q8K4G1-604,SSMCQRNPQVCGPGRCVPRPSGYTCACDPGF,0
E9QKC6-762,LTSDGHVVVADSGNHCFKVYRYLQ*******,0
Q54V61-48,SFRDYCAHLLIPLNDCRVSTYYAPWKCMDEK,0
Q29RU9-321,DHLPDLQPEPAVMEHCMYTNTPDGHFVLDRH,0
Q22851-305,DSSDYYKDFIYTLETCFNGCKQRDTIAKCQC,0
Q3MII6-354,SPILAVMDHEGHAFVCFCGIMKRLAANFHPD,0
Q5XIJ1-2,**************MCGRTSCHLPRDALTRA,0
Q5VV63-899,RPCKKPCSLRTSCSNCTSNGMECMWCSSTKR,0
D3ZB94-192,QNMPFNTAQMLAFCDCAQSDIPCQQSKETLH,0
A6NLI5-446,GFPPSSFSSPLRPFFCFGCT***********,0
Q12280-1005,YTRKVHTIPVEIRYLCTKIFCYAADKNIEEI,0
Q8BW75-26,GGGISGMAAAKLLHDCGLSVVVLEARDRVGG,1
Q6ZNB6-589,SCPPCHQPCQKVLEKCGHLCPAPCHDQALIK,1
P22314-481,LGKQKYFLVGAGAIGCELLKNFAMIGLGCGE,1
P53214-4,************MASCNPTRKKSSASSLSMW,0
O70133-1031,TTEGRNALIHKSSVNCPFSSQDMKYPSPFFV,1
P49698-188,NGDIRAKKIANITDVCESMKEQLLVLVEWAK,1
Q61616-347,AFNADFQKAFSTLLGCYRLCPTTNNAIETVS,1
A4IFB4-263,LVTDLSAQGLTVDHQCIGVCDKHLINHYYCK,0
P90754-293,KRKTGKKANCLFWVGCAYNNSGYAPDVAPAY,0
P08559-145,SVREILAELTGRKGGCAKGKGGSMHMYAKNF,1
P97711-561,PPKKGLLQRLFSRQDCCGNCSDSEEELPTRL,1
Q9NZW4-8,********MKIITYFCIWAVAWAIPVPQSKP,0
Q16518-329,HINTYEDNGFLIVDLCCWKGFEFVYNYLYLA,1
Q059Y8-691,QAMETPDSYVCPTPDCKALYCRSCWDDMQRL,0
H0YN29-19,EPNKDLRPGDTVTITCSSYRGYPEAEVFWQD,1
Q9XTN2-744,STSKSHDVHSANQIDCEKVCAQSSDKLNNHL,0
P21555-337,LNKNFQRDLQFFFNFCDFRSRDDDYETIAMS,1
Q6PF96-500,VNRNLSIYDGPEQRFCPAGVYEFVPLEQGDG,1
Q5T4K2-44,VKLGALVLLLVLTLLCSLVPICVLRRPGANH,1
Q80X90-2115,TRTSRAPAVATVGSICDLNLKIPEINSSDMS,1
Q9CZR8-70,KTGYSFVNCKKALETCGGDLKQAEDWLHKQA,1
Q8BLN6-1536,NYHRNMSWLHVMILLCNQQSFICTHVDYCHP,0
Q5BL07-734,LHPSLVSAQGIHTFQCVQHLQPPNPEQRCEI,0
Q54HT1-359,QSSKGLSCMITEDNRCYIWGNIKSNQKVEQL,0
P62880-250,FPNGYAFTTGSDDATCRLFDLRADQELLMYS,1
Q91XD4-286,GLVPLKALLDAAAFYCDKEKLFVLEEEHRIR,1
Q8BVR6-352,GLEARCDASSFESVRCTFCVDTGVWYYEVTV,0
O95477-23,RLLLWKNLTFRRRQTCQLLLEVAWPLFIFLI,1
Q9VSR3-669,FAPFFCANVTCLQYYCEHCWAVIHSRPGREY,0
P53798-374,TKQVISKIRTQNLPNCQLISRSHYSPIYLSF,1
P49207-83,SKTKKHVSRAYGGSMCAKCVRDRIKRAFLIE,1
Q9Y4E5-474,VACVQKEKSVVKTWFCECNQRFPSEDAVEKH,0
Q6GUG4-302,ATTNICMDPLIYIILCKKFTRKVPCMRWRTK,0
F4JBM4-96,VITMYVNNCPKKSGDCFADFLGRFSFQNTRE,0
A8MZH6-31,LIWTCAGDWSAIQVHCTQFWFFARIKPTIFY,0
Q99KI0-410,RSAAVAKQALAHGLKCKSQFTITPGSEQIRA,1
O55111-585,RSEIPFLISDSQGFSCPERQVLQLTVCECLK,1
Q67ZU1-63,AGGICASSVHIFGYKCEEHDVVTQDGYILNM,0
Q925I1-471,EQFDWAINDRIDEMVCFALPQREERERLVRM,1
Q8R448-4,************MQACVLWWLALGMLLGIPA,0
Q9UKL3-919,DLNKENQKPIYKSDKCTEADTCKNSPLDELE,0
Q8BFU8-69,PVQTSRAHRPVCDCSCCGIPKRYICDCSCCG,1
P13797-167,NTDDLFKAVGDGIVLCKMINLSVPDTIDERA,1
Q0J3D9-127,SDDQTIRIWNWQSRTCVAVLTGHNHYVMCAS,0
Q60930-48,GFGFGLVKLDVKTKSCSGVEFSTSGSSNTDT,1
A2ANU3-192,PPRDHLGLSVFSMLCCFWPLGIAAFYLSHET,1
Q60766-371,CAIVNAFFRLLRFLPCVCCCLRRLRHKRMLF,1
O57329-47,AHHEDKAISVPDHGFCQPISIPLCTDIAYNQ,0
A1L1J6-417,HMSIHIGHKQFMCQWCGKDFNMKQYFDEHMK,0
P30408-121,YCVIVAALGLAEGPLCLDSLGQWNYTFASTE,1
Q8JZ13-57,CLDCCQYTNLTYCRGCALYHVCQWCSQYNRC,0
Q9SHI2-6,**********MRGRICFLAIVILCSFSFILV,0
Q8CIE6-254,AWEVDTCRGHYNNVSCAVFHPRQELILSNSE,1
Q9H5I5-1184,YCCFLACIITFQYFICIGIPPAPCRDYPWRF,0
Q8LAS7-18,QCVDGIKHLCTSVLGCFDLDLYKQSGGLGDP,1
P49283-341,AHGMYGKTNNDVVEVCKDKSMYEDAKMSFVD,0
Q6ZR08-2570,NCHLAVSWMPMLEKICEDFTSETCNSSFRLW,0
Q91Y97-202,VEPEVLPDGDHDLEHCQYVSEKVLAAVYKAL,1
Q91W43-608,AQGYQQLFQGLEKDLCEITGYDRVSFQPNSG,1
Q9P6M0-70,SKCDFESTQQLVHHNCTGHKVHEHNLNAVDE,0
P81019-142,YQGNWKFCTERDEPECVFPFIYRKKSYESCT,0
P19096-1441,LATSSSQPVWLTAMDCPTSGVVGLVNCLRKE,1
O42237-541,YGTACADCCLARDPYCAWDGISCSRYYPTGM,0
Q9DBG3-2-380,VDVDFVRKAVRAIGRCAIKVEQSAERCVSTL,1
Q3TF84-48,KELAALPKATVLDLSCNKLSTLPSDFCGLTH,1
O73590-85,AATQVTSAKEIPCNECATSFPSLQKYMEHHC,0
Q01279-311,PRNYVVTDHGSCVRACGPDYYEVEEDGIRKC,1
P98157-3476,KRCIPRVWVCDRDNDCVDGSDEPANCTQMTC,0
P24549-50,GKKFPVLNPATEEVICHVEEGDKADVDKAVK,1
D3YY91-413,GRTEAPVVSYFCSLTCFVKSSDMLN******,0
P06944-113,SNIAPIGQNPIYLSPCIPNFDGNVWEATMYH,0
P03949-544,GPQGCPPSVYRLMLQCWNWSPSDRPRFRDIH,0
F8VV56-76,WEKIPSMSKNRVPDSCCINVTVGCGINFNEK,1
P00558-379,SRGCITIIGGGDTATCCAKWNTEDKVSHVST,1
P52482-131,RTRIYHCNINSQGVICLDILKDNWSPALTIS,1
O15394-723,GVAALLLILVVTDVSCFFIRQCGLLMCITRR,1
F4IDS7-839,TQRYAVIDRDEECGVCKRKILMMSGDFRMAQ,0
Q7M759-120,GQMSSFYIGLGSRINCNIFSYDYSGYGASSG,1
O14202-131,YKKINNYRSTRCVLVCQCKY***********,0
P61247-139,HVDVKTTDGYLLRLFCVGFTKKRNNQIRKTS,1
P19334-472,IVDYISNMFYVTWILCRATAWVIVHRDLWFR,0
Q2TGJ1-209,TCKMFRPPRTSHCSVCDNCVERFDHHCPWVG,0
P31648-493,NRFYDNIQEMVGSRPCIWWKLCWSFFTPIIV,1
Q61694-183,ATNGRLLKNGGTLHTCALRLPFIYGEECQVT,1
O35633-47,GFQAATDEEAVGFAHCDDLDFEHRQGLQMDI,1
E9PUM4-1355,AARAVTESINQLIMLCTQQAPGQKECDNALR,1
Q9GK68-450,GSIAYKEYEDMIATKCTCR************,0
P48758-227,LNEQRRGDKILLNACCPGWVRTDMAGPKATK,1
Q7TSQ8-515,FYKPDWFDIVESEVKCCKEAVCVIDMSSFTK,0
Q8NF37-216,PQIMIFPEGTCTNRTCLITFKPGAFIPGAPV,1
Q6ZRI0-970,YFPGDQVMSPCHTCVCQRGSFQCTLHPCAST,0
Q54WH7-401,HPYSLNNKVTNLIDNCNNSNNNNNNNCTESN,0
Q0PGA1-277,KYSDYFKAFSAGKRVCVGEGLARMELFLLLS,1
E9Q7S6-152,IFAKEDSQSDGFWWACDRAGYRCNIARTPES,1
P98158-3644,TSHCASRTCRPGQFKCNNGRCIPQSWKCDVD,0
Q9ULU4-1046,CKKEAIFYCCWNTSYCDYPCQQAHWPEHMKS,0
Q4VPQ3-225,VKVDQTALILAHHWLCDPGQAAAYICSQCCA,0
Q9QUI0-159,GRDMANRIGAFGYMECSAKTKDGVREVFEMA,1
Q8CIE6-453,KNLKNEITKKIQVPNCDEIFYAGTGNLLLRD,1
P11456-147,NHCGREQRRAVVMISCNRHTLADNFNPVSEE,1
Q8C7H1-97,FVDRLYTGLVKGQRACLAEAITLVESTHTRK,1
P62137-245,EVVAKFLHKHDLDLICRAHQVVEDGYEFFAK,1
Q9H8X9-144,LCKVTVNKKTKHCISCNKCVSGFDHHCKWIN,0
Q3SZD4-232,GILAVTMDLAEHYMFCGGSDGSIFQVDLCTW,0
Q9JMA7-469,KLALTKVMQNFSFQPCQETQIPLKLSRQGLL,1
F8VPN4-1055,LSLGSVQMCGVGKCPCLPLLSPSLLDVPCRL,1
A2AJL4-193,GLGVIGADVRGHGLTCEGQPVTSRLAVICGT,1
P16581-304,SGNWDNEKPTCKAVTCRAVRQPQNGSVRCSH,0
P05689-215,REKMMAEIYTNGPISCGIMATEKMSNYTGGI,0
P63017-574,QGKINDEDKQKILDKCNEIISWLDKNQTAEK,1
Q80UU9-153,GIFAGRDASRGLATFCLDKDALRDEYDDLSD,1
Q9QWS8-295,YVSKSGQVIFEARSICIHYVTTWFIIDLIAA,0
O95170-504,RIFGGHQGTITCMDLCKNRLVSGGRDCQVKV,0
Q54TW0-1738,EYIQINQKLLSNNLKCKHVLITLNSDNMNYL,0
Q32PJ3-712,TKQKTDHVARLTWGGC***************,0
Q8C0E3-471,LCPINYPESPTRFTHCEQVLGEGALDRGTYY,0
Q22127-81,TCQFSGDCVVGKSVRCVCRSCRLKKCFDMGM,0
Q8R050-590,EKSKTRPRFVKQDQVCIARLRTAGTICLETF,1
P23977-580,TSSMAMVPIYATYKFCSLPGSFREKLAYAIT,1
P35700-173,RLVQAFQFTDKHGEVCPAGWKPGSDTIKPDV,1
Q8BJ64-165,NRWHREGAEGWDYAHCLPYFRKAQRHELGAN,1
Q99PP0-62,EFCKWPCECPQAPPRCPLGVSLITDGCECCK,0
Q01097-1215,NLTNVDWEDRSGGNFCRSCPSKLHNYSSTVA,1
A2AVA0-1671,FCDPGFQMVGNPVQYCLNQGQWTQPLPHCER,0
Q6RZT5-80,DGMYCRCSHGYTGIRCQHVVLVDYQRSEKPN,0
P32970-151,ASRSISLLRLSFHQGCTIASQRLTPLARGDT,1
Q64442-130,PTIFFCATPPDDGNLCRFYKHNADFCYKLPD,1
Q9DBL1-234,VFANVDPSSGYRGITCFLVDRDTEGFQIGKR,1
Q700E3-257,ITSTNYKILNASREYCTCLVLV*********,0
Q61316-167,ERRSVMDATQIAGLNCLRLMNETTAVALAYG,1
Q50L42-304,NFRLCCCGTHRNDPVCQPLNCLSDGQVTTLP,1
Q9D5T0-137,LLQPPKGVLLYGPPGCGKTLIAKATAKEAGC,1
P97772-578,RACDLGWWPNAELTGCEPITIRYLEWSDIES,1
O88986-346,MEAAGFTVSGADHPICPVMLGDARLSSQMAD,1
Q5TA79-16,MSCQQNQQQCQPPPKCPPKCPPKCPPKCRPQ,0
P0C6B8-3539,CHTATCQSPCLNGGKCVRPNRCHCLSSWTGH,0
Q8K482-84,SFIQAQYNCPWNQMPCPSALVYRVNFRPRFV,0
O54874-271,KGRYGPECDWWSLGVCMYEMLYGETPFYAES,0
P19236-234,EGHDSCQMDSGGPLVCRWKCTWIQVGVVSWG,0
P17427-902,FVGAGIIHTKTTQIGCLLRLEPNLQAQMYRL,1
F6TWM7-112,IIILTSGKCRQLSQFCLNRHRAYRVINMKES,1
Q9WTP7-85,VMTRLALHELKTLTQCSWLLDGFPRTLPQAE,1
Q67XC4-66,KWVYDSSYPLYSAFSCPFIDSEFNCQKAGRP,0
O08914-437,LKPLFPRLAAFLNSMCPRSAEKLWELQHEIE,1
O94466-688,EISSFSRTIEILIDYCFTIFDYD********,0
Q99JY9-189,VTHVIPVAEGYVIGSCIKHIPIAGRDITYFI,1
E9QN92-491,LPCVIILAKGLFLLPCLNRRLTKIRRGWEKD,1
P59215-287,KDLFGEKIKKSPLTICFPEYPGSNTYEDAAA,1
P48448-219,IINQKQFQRLRALLGCSRVAIGGQSNESDRY,0
Q869W0-741,YINNNNYNNNNNRQHCDDEEEDEQYFNNNNN,0
A2ATU0-430,EYQRQFRKDVIVDLLCYRQWGHNELDEPFFT,1
Q8K0E3-624,VSPRHSKVVRAILWLCGMEKNKEEPPSKAEP,1
Q9SAF0-546,RFFSEKVSHHPMIVACHCEGQGWNFWGDSNI,0
P27708-1636,ILLIKAAKARGLPVTCEVAPHHLFLSHDDLE,1
Q60821-789,EGQPTLAESPPTAPDCLPPAE**********,0
P51636-145,QTIWKSVTDVIIAPLCTSVGRCFSSVSLQLS,1
B4I9X1-125,DPLLDPTKNIAKCRICNGEHWSVNCPYKGTA,0
Q9DBN5-372,LAVRQLKNNLKGPILCFVGPPGVGKTSVGRS,1
A1Z713-1197,QDYNSDDMKITVDIGCMKIIFLNWFVAGVMN,0
Q791V5-49,PLPPTIGRNIFGRQVCQLPGLFCYAQHIASI,1
Q03340-267,NPTCSKVTVGTVRAKCICGECPRVCEQCITD,0
P26554-30,LCEALNVSMHNIQVVCVYCKKELCRADVYNV,0
O22056-25,KCPPDSFSIHFRTSFCAPKHNKGSVFFQPQC,0
P08556-80,SAMRDQYMRTGEGFLCVFAINNSKSFADINL,1
Q8CGC7-1377,GVPVRLEVGPRDMKSCQFVAVRRDTGEKLTI,1
Q8QZT1-193,KDGLTDVYNKIHMGNCAENTAKKMNISRQEQ,1
P22423-61,DRVVFKVIAPCGCSCCEVKLRIFVNATNRGI,0
P68368-54,DKTIGGGDDSFTTFFCETGAGKHVPRAVFVD,1
Q99884-483,TTCLAVTRVYGIQRFCRDIHMMLGFKPGLYF,0
Q8QZR4-216,FEALPKALEQAELPRCGRVGDRGKPCTCHYS,1
Q96NR3-140,IQVPRPGFNYTFAHICILNNDKTCIVDDIVH,0
Q8TF62-242,EKIILRGCILRNTSWCFGMVIFAGPDTKLMQ,0
Q9DBA8-136,FTVEHTRQASEEELFCSFQQRLQCMMRAGTT,1
Q9Y4L1-240,AQNIMFYDMGSGSTVCTIVTYQMVKTKEAGM,0
O95428-538,QHSKPVDVEPCNTQPCHLPQEVPSMQDVHTP,0
P17887-1269,MMYKVISEYCMKSNSCLNSDSEIQYSCSEGT,0
P23092-262,SGLEAMALKSTIDLTCNDYISVFEFDIFTRL,0
P13639-369,ITIHLPSPVTAQKYRCELLYEGPPDDEAAMG,1
Q9NX07-271,EFMEQSEELYDALMDCHWQPLDTVSSEIPAM,0
Q94900-406,RLQCEVHMQAPKRPNCCKTWLSKFPTRQCSR,0
P10649-174,LAYDILDQYRMFEPKCLDAFPNLRDFLARFE,1
Q757E3-584,CEFMSFFHRYVPMGICERYPVLLNERPPNWR,0
P14326-221,RFSEKFYLTKEGMKWCWNHYTNNDSERDEIT,0
Q99805-120,IEPSPYKFTFNKKETCKLVCTKTYHTEKAED,1
Q60864-26,GNKALSAGNIDDALQCYSEAIKLDPQNHVLY,1
P35363-397,LFNKTYRSAFSRYIQCQYKENRKPLQLILVN,1
Q5M9B3-126,CDVGWSGEACQYPTTCDLTRKKSNEMCKNSQ,0
O74360-82,QDDQKQIFCKLCVDICNGCSTPICEFNAVSN,0
P53804-422,NQNLKVADEALKVDDCDCHPEFSPPSSQPPK,1
Q9QXS1-4261,LQLMERCITDPQTGLCLLPLKEKKRERKTSS,1
P84244-111,ASEAYLVGLFEDTNLCAIHAKRVTIMPKDIQ,1
P40507-89,PKCNNCSQRGHLKRNCPHVICTYCGFMDDHY,0
Q02257-90,QMSTTARAKRVREAMCPGVSGEDSSLLLATQ,1
Q6ZWZ6-92,IKVDDNKKLGEWVGLCKIDREGKPRKVVGCS,1
A6QPM3-327,PSKSSWMRYIRCARHCGEQNLTVVQYRSNIF,0
Q5GN48-1745,TRDQAANLMANRGDHCRKVIEPKISELNHRF,0
Q9BVA1-303,ELTQQMFDSKNMMAACDPRHGRYLTVAAIFR,1
Q00554-832,GLEISEEINEEDLKECFIDDVDSIPTVTTWN,0
Q8VHG5-332,NSLDQMAIFSKIDQVCEIYQKNTRSKKQRKE,0
Q62826-636,PFDFTWKMLKDKFNECGHVLYADIKMENGKS,0
A2RT62-47,AASITKGTPAAKNRPCQPPPPPTLPPPSLAT,1
Q8C196-1027,VVNCNPETVSTDFDECDKLYFEELSLERILD,1
O88799-2437,SCTCMKGSMRCWDFQCPPGTYCKNSNDGSSN,0
Q8BFR2-133,ACLKKQKITIVHNEDCFFEGDNCMAIEYSKM,0
O70133-244,FAREHGSNKKLAAQSCALSLVRQLYHLGVIE,1
I7HJQ8-143,IGAVSSYISYQQKKFCFSIQQGLNADYVKGE,1
Q7Z699-352,YCQERFNHEENVRGKCQDAPDPIKRCIYQVS,0
Q557G4-256,DTSICKNCDSCIDNQCATKFDDMRCDEGVGC,0
Q9QJ43-36,NLNSSSCIIKTNAEHCSKRLFSFCYLGVGVI,0
P28799-544,DNQTCCRDNRQGWACCPYRQGVCCADRRHCC,0
Q8JZU2-262,RMQGLEAHKYRNTLDCGLKILKNEGPKAFYK,1
Q8C9W3-527,PCKQLWCSHPDNPYFCKTKKGPPLDGTMCAP,0
O55131-279,RQYPWGVAEVENGEHCDFTILRNMLIRTHMQ,1
P60866-36,RITLTSRNVKSLEKVCADLIRGAKEKNLKVK,1
Q3EA00-194,FFTKKGDDTWRFAPACHIRMKDQIIYNHKDH,0
O70133-610,KKDKEDDGGEDDDANCNLICGDEYGPETKLS,1
F7AI27-507,VEDLTEVERLEDLDTCMTLCCTSMTPKSKRK,1
Q8R5C8-566,KQLISQTKKKQWCYNCEEEAMYHCCWNTSYC,0
A2AN08-260,ASLQELGGSEKLLRVCLNLPYFLRYINRFQD,1
Q9VS24-748,FACQIRGPHCLYSKTCFTMRTRNPKTWIHMM,0
Q91WC7-259,TYAIFYIMLVIMIASCVFQVKFLNQATELYT,0
P11166-207,IIFIPALLQCIVLPFCPESPRFLLINRNEEN,1
Q9Z2G9-172,LKFDRLSVFRPGVLLCDRQESRPGEWLARKF,1
O95644-383,PEDYSSFQHIRKGGFCDQYLAVPQHPYQWAK,0
Q96KG7-550,GLNCAERCDCSHADGCHPTTGHCRCLPGWSG,0
Q64332-391,VHGKDGKDYIFEVMDCSMPLIGEHQVEDRQL,1
P34927-181,WFSSSVRPWTEADKYCQLENAHLVVVTSRDE,1
Q6Q6R5-29,FAEKVSSLGKNWHRFCLKCERCHSILSPGGH,1
P59268-161,IFRPPRASHCSICDNCVERFDHHCPWVGNCV,1
Q2V4A6-63,TPCTIRYGTFECFHDCILEHYRDGNCINGRC,0
Q9D8N0-194,SFRQAFPNTNRWFLTCINQPQFRAILGEVKL,1
Q8R4U0-1673,KQGLMSQILRYHVVACQQLLLENLKVITSAT,1
P18688-551,NKMIVEMLRTDLSYLCSRWRMTGQPTITFPI,1
O94527-248,RDDWTMNTSPEKDCRCVRKFSPDGSCNSQGI,0
P07901-375,NNIKLYVRRVFIMDNCEELIPEYLNFIRGVV,1
Q6PFD6-322,DSKLTRLLKDSIGGNCRTVMIAAISPSSLTY,1
P11456-246,WQDLGNLVADGCDFVCRSKPRNVPAAYRGVG,1
Q5U110-317,RLPTCPAARDCIYMCCNPLHWFRILHQPETE,0
Q62918-555,AANVCACPQGFTGPSCETDIDECSEGFVQCD,0
P21333-483,SPYTVTVGQACNPSACRAVGRGLQPKGVRVK,1
P24549-186,FPMLMFIWKIGPALSCGNTVVVKPAEQTPLT,1
Q19294-341,RGMTGLPMIITKIAACSNARHDHDQAISNFE,0
Q8H1S7-23,PDEFRCNRSDGKQWRCKRRALEGKKMCESHH,0
F7BWT7-155,DFKNIMDFVQKKFKCCGGEDYRDWSKNQYHD,1
Q12879-853,EHLFYWKLRFCFTGVCSDRPGLLFSISRGIY,1
Q9Y5X0-49,ICIHTNSMCFTMKTSCVRRRYREFVWLRQRL,0
Q9M364-591,ECYGVSKSQDLTSWVCRACETPDIERDCCLC,0
P32970-17,PEEGSGCSVRRRPYGCVLRAALVPLVAGLVI,1
Q61656-354,EKENKTIVFVETKRRCDELTRKMRRDGWPAM,0
B3MCF3-86,WDYHVFFMHNPSPNRCLVFDLDTTLPFPTYF,0
Q9SLN5-29,SCARCEKPAHLQCPKCIDLKLPREQASFCTQ,0
Q80XL6-292,ENTGIPLMEELISIYCHRRGIDPNLPNWNFF,1
Q74ZB0-144,GEENKPMGNPICALSCAFTEHLGYEDSGKEV,0
P20827-92,YQLCQPQSKDQVRWQCNRPSAKHGPEKLSEK,0
Q9BYF1-141,IYSTGKVCNPDNPQECLLLEPGLNEIMANSL,1
Q65XG6-142,FGVFDGHGCSHVARMCQDRMHELVVDAYKKA,0
Q93052-416,LYDMENPPADEYFGRCARCGENVVGEGTGCT,1
Q5DU28-1045,SRQSSDPSVLLSFIQCKLLPKCLHQNLEESA,1
P07901-421,QSKILKVIRKNLVKKCLELFTELAEDKENYK,1
Q9TV36-1706,RRSLCYRNYYADNQTCDGELLFNMTKKMCCC,0
Q925I8-840,LTPESAKTDLMFLKPCSPSRSTDAEHNPCGA,1
Q9CWW7-591,VFELTGDFCRLPKRQCNRHYCWEKLRRAEVD,1
Q9CR55-30,SCPECDQQIPVACKSCPCGYIFISRKLLNAK,0
P56537-110,RRVEERLSALGNVTTCNDYVALVHPDLDRET,1
Q7Z7M1-793,VTLAMLPHDYVAPGHCWLNVHTNAIWAFVGP,0
F8WGB3-36,QLCIRKWSLPMALSVCHRGSGIALSGGVSLF,1
P35505-396,RTFLLDGDEVIITGHCQGDGYRVGFGQCAGK,1
Q9ESX2-6,**********MLTAVCGSLGSQHTDAPHASP,0
Q8BFZ2-114,RESLIAEEKMILTGDCCYLSPLLRRIIRFIG,1
Q6ZNB6-365,AERSCASPLWHCDQVCGKTLPCGNHTCEQVC,1
P31040-536,NHAAVFRVGSVLQEGCGKISKLYGDLKHLKT,1
P0C6U1-2983,SYCRVGLCEEADEGICFNFNGSWVLNNDYYR,0
P58397-668,IDGTPCFEGGNSRNVCINGICKMVGCDYEID,0
P19096-2017,ACPELDYFVAFSSVSCGRGNAGQTNYGFANS,1
P68368-295,KAYHEQLSVAEITNACFEPANQMVKCDPRHG,1
P01732-206,GTCGVLLLSLVITLYCNHRNRRRVCKCPRPV,1
Q9WU38-43,WYCNNTNTHGPKRIICEGPKKKAMWFLLTLL,1
P35700-83,KLNCQVIGASVDSHFCHLAWINTPKKQGGLG,1
Q6ZNB6-698,TKTDGCTGKNKAGPECLHCEEGCSKSRPLGC,1
A6NGW2-412,YAVSWAPGAQGWLQACHDQFPDEFLDAICSN,0
P58735-180,SATTLIIGLQDCRRDCYAIRVATALTLMAGL,1
Q64464-468,KVALVRVLQNFTVQPCKETEIPLKLSKQGLL,1
P21333-444,TVEPQLEARGDSTYRCSYQPTMEGVHTVHVT,1
Q9D5E4-480,IDNREDELVTGINSWCAHLVDKIHKDEIMRN,0
Q6PIC6-83,NALTPPPTTPEWVKFCRQLFGGFSILLWIGA,1
F1Q4S1-836,HEFVELACQCPAVVCCRCSPTQKAQIVRLLQ,0
Q8VCT4-284,TLSGCKTTTSAVMVHCLRQKTEDELLETSLK,1
P03140-222,DSWWTSLNFLGGAPTCPGQNSQSPTSNHSPT,0
P14629-496,QIEEPMADHNLQGDNCNVPNAKDKLIVPPSL,0
A6QQ07-362,LAGDPYSEKDAQDVHCDAAPKSTTNASPTFN,0
B1AVD1-16,MAQAYWQCYPWLVLLCACAWSYPEPKYLGRE,0
Q8IS16-287,QIYQLFDNIESAQVICFIRFWIEQHPTDFNE,0
P11717-731,NNERHTPRATLITFLCDRDAGVGFPEYQEED,1
Q6AZI2-221,ENDHIYNMWCSGRLCCEGMLIQLKFIKRQDL,0
P11497-1882,QLGGIQIMHNNGVTHCTVCDDFEGVFTVLHW,0
Q9H3N1-106,LSGRFIITALPTIYHCKDGEFRRYQGPRTKK,1
Q8LB60-88,ISIAHYLDRIFKYSCCSPSCFVIAHIYIDHF,0
Q8BYJ6-915,IAWDKKLLNCRTKIRCDMEDIHTSLKEGVPK,0
Q9CWL2-557,HLNGKSTHYHCMQVGCNKVYTSTSDVMTHEN,0
P30542-309,KFRVTFLKIWNDHFRCQPAPPIDEDLPEERP,1
G5ECE8-284,LITETKRIKRNYCPSCEIHVFTKIEYNPYYT,0
P67984-25,KGGKKKKQVLKFTLDCTHPVEDGIMDAANFE,1
Q3UN16-341,SCERYRADVRTVWEQCVAIMSEDDGDDDGTC,1
P40237-174,TENEELMGFTKTTYPCSCEKIKEEDNQLIVK,1
Q8VC97-233,HPVFQTQFGRIAVNICYGRHHPLNWLMYSIN,1
G3X9K3-1145,TRLDGNAIVDFVRWLCAVSMDELLSTTHPRM,1
P69182-62,FSNAGFFYTSPTEITCYCCGMKFCNWLYEKH,0
Q6JIY4-170,YQHWALSNGWDEQLYCSKEQTHFNHLWKSQF,0
Q9UPY5-327,LGNFSLAVPIFVALSCFGSMNGGVFAVSRLF,1
Q9DBA8-233,LSRNGDLHVDNIDVFCEKGVFDLDTTRRILE,1
Q99JW4-94,IGRVIKAMNNSWHPECFRCDLCQEVLADIGF,1
P36330-1182,HFSTANIHPEFRLQICTSFVTCKGDCHPPKD,0
O08715-143,ELSLMGDKAKSIPLGCPLLPKDASFPYEAVE,1
Q9D0I9-86,KNMININSRLQEVFGCAIRAAYPDLENPPLI,1
E9PUQ0-613,SGSCCDCGCGRASSLCAVAHPSLIWRCGYSK,1
Q9SWH5-282,LHLVHDYGDHDKMFFCEGDQTFIGKVPWLIV,0
Q6UWE3-93,CPCRMGLTCISKDLMCSRRCHMI********,0
Q8VBT2-270,LEKFVDDEKILVEPACGAALAAVYSRVVCRL,1
Q9D379-182,PKTHGLSDEHVFEVICPSIPGYGFSEASSKK,1
Q91VD9-92,MCLVEIEKAPKVVAACAMPVMKGWNILTNSE,1
Q16881-214,LGTRWGLGGTCVNVGCIPKKLMHQAALLGQA,1
Q86I44-169,TLLAMGKNYHANCFKCFKCSEIIKPNSPYSI,0
Q9NPH5-270,FSKPAEFTQHKFVKICMEEPRFQANFPQTWL,0
Q8IZF2-634,QVCYKHNFNASSVSWCSKTVDVCCHFTNAAN,0
P09958-771,LISYKGLPPEAWQEECPSDSEEDEGRGERTA,1
Q9HCF6-89,CVHIIPSTKDPHRCCCGRLIGQHVGLTPSIS,0
P0CAY7-72,CSRQQVETELTKVIRCKTDRDCPDSHQCPKD,0
Q8R0A7-313,HTLRFWNAAFFDAVHCERRKRSPTTRGDAGE,1
Q8K442-693,ILADRKVFISKGKLKCAGSSLFLKKKWGIGY,1
Q9WTP2-220,QGIFYHCTNEDDEGSCADHPCSCSGSNCCAR,0
Q7RTV5-108,LIVIGQSSYHHIEPFCKLTGYSHEIYVDPER,0
O09127-72,NEVDESFRPIHTYQVCNVMSPNQNNWLRTNW,0
Q5SSH7-1830,EGHGDDHEMVNMEFTCDHCQGLIIGRRMNCN,0
Q13459-1673,KALLCSVCKMTCHKKCVHKIQSHCSYTYGRK,0
Q9DCN1-177,LGGNKESSQQPEVRLCQLNYPDVKGYLAQPE,1
Q99759-518,VKLGDFGASKRLQTICMSGTGMRSVTGTPYW,1
A0A1D5NSM8-3545,SCPEGWMGRFCEEPICILPCLNGGRCVAPYQ,0
P17887-926,YQPIPFHRFFSDPGICGTMNADIQVFLNTFP,0
P00355-282,PLKGILGYTEDQVVSCDFNSDTHSSTFDAGA,0
Q9Z331-399,MIQRLRSEIDHVKKQCANLQAAIADAEQRGE,1
P11716-3170,DVILDDVQVSCYRTLCSIYSLGTTKNTYVEK,1
Q9LZP6-372,TLNIDGPLHYESYYRCAGDIFCECVSEYSFL,0
Q93052-441,EGTGCTAMDQVFHVDCFTCIICNNKLRGQPF,1
P0C763-141,SVDSYETDQMDTIYQCYNAVKMTKDGLTRVY,0
P26619-192,SKQGFAGNFPPGSYICETTSNKMVYQTEPYI,0
Q61765-351,NQEYQVLLDVKARLECEINTYRGLLESEDCK,1
Q5JR95-154,SSLLEEQFQQGKLLACIASRPGQCGRADGYV,1
Q6Q5X2-39,RRESGGCCRTCCHFLCCLCLINLCCDVF***,0
P13871-698,LEEQCYAKCCNLFEACFNSASYRKPVGQHSM,0
P30885-400,VVLKNYQEMVVEGCGCR**************,0
B4IAQ8-434,LKFRPTYNEDRINDICRISDDGQRIIIYQPD,0
P00748-110,KDHCSKHSPCQKGGTCVNMPSGPHCLCPQHL,0
Q2TPA8-218,TAAMDMLGGSGVENQCRKVDIIADAAYSIFK,1
Q9BR39-328,RYEGEWLDNLRHGYGCTTLPDGHREEGKYRH,1
P0C9H9-56,YMESCQFCWDCQDGNCINKIDGSVIYKNEYV,0
Q8VYP5-157,HCSVCGRCVLKMDHHCVWVVNCVGALNYKYF,1
P22105-204,DDCNDQGRCVRGRCVCFPGYTGPSCGWPSCP,0
O75771-9,*******MGVLRVGLCPGLTEEMIQLLRSHR,0
P68254-25,AKLAEQAERYDDMATCMKAVTEQGAELSNEE,1
P56705-6,**********MSPRSCLRSLRLLVFAVFSAA,0
P01029-818,TWEIHGVSLSKSKGLCVAKPTRVRVFRKFHL,1
Q8BU33-315,PANKLRAAVETLGVPCFLGGMSRGLLGRNHP,1
Q8BH00-247,SQPTAERITQLSAPHCKKLSLELGGKNPAII,1
P26006-904,TLAAAKKAKSETVLTCATGRAHCVWLECPIP,1
Q940K0-528,VRKMSLMDNDIEEITCESKCSELTTLFLQSN,0
A2AMH3-97,GLDHTHRKYVFFLDPCNLDLINRKIKSIALC,1
P48230-6,**********MCTGGCARCLGGTLIPLAFFG,0
P52480-326,KMMIGRCNRAGKPVICATQMLESMIKKPRPT,1
Q9LXF4-187,EMERHGDTMVNEGIFCDLIGKYVDDFDSRKA,0
Q06438-263,EWPTMPHTIGCEHVFCYYCVKSSFLFDMYFT,0
P49962-48,HVDGNLCIKVTDDLVCLVYRTDQAQDVKKIE,1
Q9NWG9-186,SKLKVMHFVARVRNRCSKDWPCNYDWDSDDD,0
O95197-34,GAEPSAPGGGGSPGACPALGTKSCSSSCADS,1
P54868-106,TRMGFCSVQEDINSLCLTVVQRLMERIQLPW,1
Q9NR96-268,GNCRRCDHAPNPCMECPRHFPQLHPDTFSHL,0
Q8N8K9-631,KIYHEHSRGHKQCPYCLLYKYMYIHRPPTQM,0
O35490-131,ALVAGGVSQTPSYLSCKSEVEVKKIFRQQLE,1
Q9BR39-29,YCGGWEGGKAHGHGLCTGPKGQGEYSGSWNF,1
P34576-2189,CHQNAACIDLEEGYECKCNQGFMDHSHGRPG,0
Q01643-68,GGCGPCGPCGPCCGPCRPYCGC*********,0
Q6DDX8-158,HFRNQRFRSKPVPCACEPDFQDGFLLEVHKD,0
Q81487-226,SIVYEADDVILHLPGCVPCVETDNNNTSCWT,0
Q9D8T7-2-48,SELREHFAQFGHVRRCTVPFDKETGFHRGMG,1
P04114-1505,FRVSSFYAKGTYGLSCQRDPNTGRLNGESNL,1
Q9CPY7-445,WRMPLFEHYTRQVIDCQLADVNNLGKYRSAG,1
Q9IBG7-727,CRNPLPPRPGTCCPMCDGCLYNGRSYLNGQP,0
Q2PZI1-134,IYTKIMDLIGIQTKICWTVTRGEGLSPIESC,1
P52592-305,WRSRDLRREVLRPLQCWRRGKGVTGRRGGNP,1
Q71U36-376,TVVPGGDLAKVQRAVCMLSNTTAIAEAWARL,1
O60502-215,NEIYQYLGEPETFLFCPTEYCGTFCYPNVSQ,0
P40936-116,KEPGAYDWSSIVQHACELEGDRSRWQEKEAK,1
P42948-178,CICGSSDSKDELFIQCNKCKTWQHKLCYAFK,0
Q9NPG3-467,IGRAMPEQMAKYQDECQAHTQAKVAKMLEEE,0
Q9QUR6-225,LCYHVLGTDQSEDILCAEFPDEPKWMGGAEL,1
Q8JSZ3-1207,RCNPTWCWGVGTGCTCCGLDVKDLFTDYMFV,0
Q63661-2046,TGDGRHCVAVEISEFCQNHSCPVNYCYNHGH,0
Q9H6R6-118,VCQAYKAPRSHHCRKCNRCVMKMDHHCPWIN,0
Q9DCG2-125,FDKWADQDGEDLVDTCGFLYTKTGEWRKGDC,1
P42858-212,VRPQKCRPYLVNLLPCLTRTSKRPEESVQET,1
Q8BU25-85,RNEDNECDSCLIHPGCTIFENCKSCRNGSWG,0
Q7TNG8-251,TLRLHPAPEATVAATCAFPSVQAAVDSTVQI,1
Q9WU79-476,PINPTYEATNAMYHRCLNYVLEELKHSTKAE,1
H3BLL2-214,IPKEKFDLIWNRAQSCPTFLCALPRRDGYEF,1
P28700-160,DRSSGKHYGVYSCEGCKGFFKRTVRKDLTYT,0
P16144-749,KYCACCKACLALLPCCNRGHMVGFKEDHYML,1
Q9NPF4-277,GVGCNVRLQEMMATMCQERGARLFATDERFC,0
P27105-87,LQGGAKGPGLFFILPCTDSFIKVDMRTISFD,1
Q9WU84-96,SQLQNLGAAVAILEGCGSIQGVVRFLQLSSE,1
Q91VR5-513,VRAIKEHKMDQAIIFCRTKIDCDNLEQYFMQ,1
F8VQC7-903,DRDRDLRGRGTCAQVCSTPQFEELESVLKEK,1
Q8VDD5-816,KRQQQLTAMKVLQRNCAAYLRLRNWQWWRLF,1
Q9QZI8-81,NKIPGFCENEKGVVPCNILVGYKAVYRLCFG,1
Q6DRL4-1178,NGAWLRSPGCKTPKKCVTWSPSPRKPVPENQ,0
Q9JLF6-118,TIREGMLVVTGVDLLCSRSDQNRREHHTDEF,1
P62748-38,TDHELQEWYKGFLKDCPTGHLTVDEFKKIYA,1
P49327-642,WEECKQRCPPGVVPACHNSKDTVTISGPQAP,1
P43657-9,*******MVSVNSSHCFYNDSFKYTLYGCMF,0
Q6WQJ1-204,GQATSWSRRLKVFLCCTRTKDSQSDAYSEIA,1
Q922E4-296,YPIMNLHERTLSVLACRYVSEVVIGAPYSVT,1
Q14761-5,***********MALPCTLGLGMLLALPGALG,0
Q9DCN2-274,RDHLPTPGEEPLILMCGPPPMIQFACLPNLE,1
P16793-570,VLRQAGVTGIYKHFFCDPQCAGNIRVTNEAV,0
Q9DC50-210,LCRGRAFVFDVLHEGCLITPPELLRQLTYIH,1
Q8W4H8-229,CLPIVRQEFNTGMDQCYEKLNDLAKQHNEKI,0
Q00655-601,CPPGCPREMYELMTLCWTYDVENRPGFVAVE,0
Q1HE58-221,STDHLNEAKEKGICGC***************,0
Q925H1-1248,HMSCHGDSGPFQCSICQHLCTDKYDFTTHIQ,0
A5WWA0-734,QLPSPDHVSYDGLPCCFYTEMTVHRGGANHY,0
P13569-1395,TYQIIRRTLKQAFADCTVILCEHRIEAMLEC,1
P47955-61,LFAKALANVNIGSLICNVGAGGPAPAAGAAP,1
G3X973-1483,SPYANCTKVAPGQRTCTCQDGYTGDGELCQE,0
Q8VIG1-276,HLRNHFPRKVYTCSKCNYFSDRKNNYVQHVR,0
O00391-452,PAIRGYVHYFFGCRDCASHFEQMAAASMHRV,0
Q9JLI8-487,SCLIMQSWARVEARLCNNMQKARELWDSIMT,1
Q8N2G6-192,RKWMSGNSWANMGQECIKCHINVYPHKQRPL,0
Q9WU19-349,EILKEEFRLAMALSGCQNVKVIDKTLVRKNP,1
P28330-351,ELKTHICVTRAFVDNCLQLHEAKRLDSATAC,1
O35386-205,VCAWTAMEHIDRNNGCLVVLPGTHKGTLKPH,1
Q8VC12-296,HRQGWLMEVTDSLDRCIARLREARKKKEVLS,1
A2BDX3-154,RSAAAALRRLNSAVECVAYPRALAEDWALDL,1
O18086-76,NDCRIDSTERHFCRLCRFQKCLQMGMKAEKI,0
P07237-312,DNQRILEFFGLKKEECPAVRLITLEEEMTKY,1
Q69QJ7-533,LHELVRQKCFVPQYACAS*************,0
C8ZDL9-84,KRKVKCDKLRPHCQQCTKTGVAHLCHYMEQT,0
Q8JZR0-610,SFAAKIGVKGSFEELCKNQCVKEAILEDLQK,1
P62888-92,NNIELGTACGKYYRVCTLAIIDPGDSDIIRS,1
Q8C5H8-321,DDGPWEKQKSSGLNLCTGTGSKAWSFNINRV,1
Q10589-20,SYDYCRVPMEDGDKRCKLLLGIGILVLLIIV,1
Q9CXS4-217,YTPRSNPGGFGIAPHCLDEGTVRSVVTEEFN,1
Q80WC9-951,GKPLFSSPRCYQQYICIGCVDGSLLCFTHSG,0
Q8BWT1-92,VGVPTETGALTLNRLCGSGFQSIVSGCQEIC,1
P23945-672,ETSSTVHNTHPRNGHCSSAPRVTNGSTYILV,1
Q64337-2-113,YIKEKKECRREHRPPCAQEAPRNMVHPNVIC,1
P13174-693,PGTFDLGGLYEAIEECLINDPWVLLNASWFN,0
Q99JW4-300,LTLKNKFVEFDMKPVCKKCYEKFPLELKKRL,1
Q6ZQ93-929,EGLINEAEKLLCSLVCWFTDRQIRMRFIEGC,0
O35488-320,NVTVIQYIGELLRYLCNTPQKPNDRDHKVKK,1
Q5PR73-105,SRQSLEELKPIYEQICEIKGDVESIPIMLVG,1
O35709-468,SVSHDKLPKVQCYDQCENRWSVPATCPQPWR,0
P35802-246,YLMVLSANWAYVKDACRMQKYEDIKSKEEQE,1
Q14126-871,KPATETSMNTASHSLCEQTMVNSENTYSSGS,1
P70375-303,RLHRPVTFTDYVVPLCLPEKSFSENTLARIR,1
Q9EQV8-271,KVYSYAHGWMHQGWNCGDYFPDGITNGASWY,0
Q9CQC2-105,DRSIIGAITNTNYGICLDSRRSKQ*******,0
Q61656-191,TRELAQQVQQVAAEYCRACRLKSTCIYGGAP,1
P07724-416,FQPLVEEPKNLVKTNCDLYEKLGEYGFQNAI,1
O09164-77,LGRRREVDAAEMHAICRVQPSATLPPDQPQI,1
P47962-62,PKYRMIVRVTNRDIICQIAYARIEGDMIVCA,1
P53622-249,KLWRMSATKAWEVDTCRGHTNNVDSVIFHPH,0
E9Q401-3204,RERAALSLPANVEDVCPNIPSLEKLMTEIIE,1
Q28717-256,EKAVNENHKDYMFLECILFITEMKTGPFAEH,0
Q8BVE3-47,NWQSYLQGQMISAEDCEFIQRFEMKRSSEDK,1
E0CXK2-267,PPYYQPEEDDEMPFICSLSGDNGIMGCHEIP,0
Q6NP91-312,HRNRDTLMVKPEMCSCKKENAYEYYQREERK,0
P50243-226,DLIPGSVIDATMFNPCGYSMNGMKSDGTYWT,0
Q99NF1-111,RIVISEFGTLALPDPCKSIFERFMSRFEPPT,1
P52840-66,SEIMDMIYQGGKLDKCGRAPVYARIPFLEFS,1
P46689-68,RPRLCHRACGTCCYRCNCVPPGTYGNYDKCQ,0
P20918-103,MRDVILFEKRVYLSECKTGIGNGYRGTMSRT,1
G5E8R3-739,MGLAEELVRAGTHILCIKDMAGLLKPAACTM,1
P48995-591,CEQQSNDTFHSFIGTCFALFWYIFSLAHVAI,0
P01322-109,QCCTSICSLYQLENYCN**************,0
Q8CFJ7-245,QMDGLKGRKYGGMLDCMASSFRQEGIGVFFK,1
Q9H159-479,NDHAPEFSQYYETYVCENAGSGQVIQTISAV,0
Q6PF96-326,QSIPKLTFPGGLLIGCSPGFMNVPKIKGTHT,1
Q99K67-87,YVRAGGILQEDITEACLILGVKRPPEEKLMS,1
P03141-313,CTTPAQGNSMFPSCCCTKPTDGNCTCIPIPS,0
Q9BVA1-239,DLNHLVSATMSGVTTCLRFPGQLNADLRKLA,1
P16056-544,LSAPYFIQCGWCHNQCVRFDECPSGTWTQEI,0
Q14694-94,ISSTLNPQAPEFILGCTASKITPDGITKEAS,1
P16070-53,KNGRYSISRTEAADLCKAFNSTLPTMAQMEK,1
Q2VLH6-625,HWDMEDAHVLCQQLKCGVAQSIPEGAHFGKG,1
O35632-211,AVRPQHLWGFYLFPDCYNHDYVQNWESYTGR,0
Q5E9A7-325,FNHPHTEKPRLWHTACASDEGEVIVFGGCAN,0
O95450-517,MCTAFRTFDPCKQLWCSHPDNPYFCKTKKGP,0
P52534-21,RKTVCKAKGKLTSKSCMCTKANARYTCNCFS,0
P27577-106,KGVDFQKFCMSGAALCALGKECFLELAPDFV,0
Q99J86-253,AYNLTGFNITYNFDMCPNNCSGRGECKSSNS,0
Q80IU6-311,TCTTLAQGTSMFPSCCCSKPSDGNCTCIPIP,0
Q9ULJ3-770,LRFFSPELKQEHESKCEYKKLTCLECMRTFK,1
Q9Y2I2-422,ASAQLDDENVCIECYCNPLGSIHDRCNGSGF,0
A6NIJ9-95,LITIVTREKTISCNGCISQLFFYIFLGVTEF,0
Q6DFW0-5,***********MSTICPPPSPAVAKTEIALS,0
Q9Z0H8-802,KLLVAENRLQAAESLCSAQHSHVIESSDLSE,1
P38268-144,VTCCLKYIYMYDICTCFLFCAFVTSIFIETD,0
Q8BYI9-312,CLNACSGRGHCQEGLCICEEGYQGPDCSAVA,1
Q9SMV6-588,FEFMHETHPGVQDMACDTFLKIVQKCKRKFV,0
Q9JJX6-261,MAVEGGIMGIQIKWDCNLDRAASHCLPRYSF,1
Q86W92-35,IAGSKALEYSNGIFDCQSPTSPFMGSLRALH,1
Q9DBN5-405,KTLGREFHRIALGGVCDQSDIRGHRRTYVGS,1
Q8K0P3-184,SEMKFQDGYKFQGPQCLDQVCDQAMIEEWVF,0
Q8C129-103,LRNSAAGYRQSPDGTCSLPSARTLVICVFVI,1
Q9JIP6-44,QFHGEKGISIPDHGFCQPISIPLCTDIAYNQ,0
Q9DC70-194,RGCDRIVPVDIYVPGCPPTAEALLYGILQLQ,1
O08573-101,RKMQMPFQKGMPFELCFLVQRSEFKVMVNKK,1
Q96JM2-472,HIENIHLSGKTAVYKCDECPFTCKSSLKLGA,0
Q8C547-1370,SQDTPSDIIAKACQVCSTWIGSGVVSDLNDL,1
Q9Z2G6-149,YDECTSDGREDGRLWCATTYDYKTDEKWGFC,0
O43707-351,RDYRRVHKPPKVQEKCQLEINFNTLQTKLRL,1
Q68801-625,PRCLVDYPYRLWHYPCTVNYTIFKVRMFVGG,0
P24457-186,AGQSINPNTMLNNAVCNVIASLIFARRFEYE,1
E9PAM4-290,RNTDRGNDNWLIKYDCPMDSSSSRDTDWVVV,1
Q6UWF3-42,IIVVSVGLGLILYCVCKWQLRRGKKWEIAKP,1
Q5FVJ8-52,EYFASSQFHDCSDHVCFISPEVTQFIKCTSS,0
O35728-253,IIYNMSSDGRLSHHACQIAHEHTDGVIKMRK,1
Q02156-276,SLLWGLLRQGLQCKVCKMNVHRRCETNVAPN,1
O95864-364,QEAYRDWFSSQLTATCNVEQSFFNDWFSGHL,0
P97821-330,VVEESCFPYTAKDSPCKPRENCLRYYSSDYY,1
Q571I4-22,FVEHIWKPGSCKNCFCLRSDHQPTAGHPKAR,0
Q17RS7-287,DHERNGCRLCKSDKYCEPHDYEYCCPCEWHR,0
Q6L4L4-617,VIVLSDSDEENDAMVCPPAVYDNTTTANGSG,0
Q5TDH0-7,*********MLLTVYCVRRDLSEVTFSLQVD,0
Q9BYW2-1680,DYQFQRYGKEAQKCFCGSANCRGYLGGENRV,0
Q95XG9-202,DKEVYPTRGQILKVSCPRVKHFFIDDKYYAL,0
P0C5J4-341,LGLRRLSETMCTSCVCAKDQEAQDPKPRRRA,1
Q4KWH8-1669,EGACTALHYGHVDQFCSDNSVLQTEPSSDDK,0
Q5T1H1-943,EINECSSEPCKNNGTCVDLTNRFFCNCEPEY,0
Q91X05-160,LPGRAKGPGLFFFLPCLDTYHKVDLRLQTLE,1
P99025-62,YYVNDPPRIVLDKLECKGFRVLSMTGVGQTL,1
P58006-411,VDTSMLRRAIWNYIHCMFGIRYDDYDYGEIN,0
Q925R7-356,IWGGEQYEISFKVWMCGGRMEDIPCSRVGHI,0
P48745-295,NCTSLHTYKPRFCGVCSDGRCCTPHNTKTIQ,0
P02730-843,VKTWRMHLFTGIQIICLAVLWVVKSTPASLA,1
Q5ZKC1-142,KMQNWCPCWADDESICARNVNNEVHFFENNN,0
B1ARD6-318,GNLYGYLCVIKVEPFCCAVFSEAPISWMVDK,0
Q8W4H8-312,HDAYGCGFPNVHSRLCEYQRSYLFFDGRHNT,0
P25398-106,LCKIDREGKPRKVVGCSCVVVKDYGKESQAK,1
I3L1H3-44,LCLLGCIAGCCFIPFCVDALQDVDHYCPNCR,1
Q8LF89-51,SMAAENAVVIFSVSTCCMCHAIKRLFRGMGV,0
Q5M9B3-425,ESDDGILCSGKGSCHCGKCICSPQEWYVSGE,0
Q9SJZ3-150,KESFLLYKQMLRHGCCESRPDHFTYPVLFKV,0
Q61838-594,ASDTHLKVKAAPLSLCALTAVDQSVLLLKPE,1
Q9P3U0-623,SSLDTPIGLENTGNLCYLNSLIQYYFIIKPL,0
Q9NQC3-1101,ELVQKYSNSALGHVNCTIKELRRLFLVDDLV,1
O88799-2792,RGCTQSCSCMGGAIQCQNFKCPSEAYCQDME,0
Q91XD4-91,SKHKGEHPRMGALDVCPFIPVRGVSMEECVL,1
O94235-669,HKRLNKELIDSMAYDCVSNLRKMPE******,0
Q8R4K8-1425,VTCDPPPPKFHGLYQCTNGFQFNSECRIKCE,0
Q9M099-285,HEFGDIDQYSIYTPTCVAAQQKKNTTGFFVR,0
P32568-776,QYVYKHTWRNFGILWCFLLGYVVLKVIFTEY,0
O88728-52,DHMLWSVFSTMYLNLCCLGFLALVHSVKARD,1
Q13444-471,RPGAQCASDGPCCQNCQLRPSGWQCRPTRGD,0
Q4U0X6-520,HIHLPFRKQPVTLTSCLIDTNDQWTILGRDA,0
F8VS14-34,ALSFPIPRVANVERSCTGDKQHVWCFKKEVC,1
P55268-877,DRCQRGQWGFPSCRPCVCNGHADECNTHTGA,0
G5ECR9-316,EYCKMNKRSERYHQICECLQLLKSTRNLPIS,0
P70414-415,NDPVSKIFFEQGTYQCLENCGTVALTIMRRG,0
A0A1L8HYT7-679,HMLYSYVIGGGCCAVCGAAIIFALFWYKLRR,0
Q5U239-86,DTSQWPAVYKKDNKDCLMKESVIRPENNQVI,0
Q54KM0-669,PEYHRCTIEWDFQEHCFVSKSTGSQASCRLL,0
P80313-511,AMVRINALTAASEAACLIVSVDETIKNPRST,1
A0A0R4IF99-158,PQEKTDIPTVTICKKCIVPKPARTHHCSICN,0
P68404-86,CFVVHKRCHEFVTFSCPGADKGPASDDPRSK,1
O88799-2663,IPADKIWINKGCTQTCACVTGTIHCRDFQCP,0
Q96S59-594,GFLNGSSKHDHEMEDCDTEMEVDSSQLRRQL,0
P04046-507,NSSDMKAEVDIGLYNCADY************,0
B4HNI3-121,HVCMMESSGNGHMCFCEEDMCNSSKNLHTNG,0
P52792-364,LNILSTLGLRPSVADCDIVRRACESVSTRAA,1
B4HIK1-614,GVGVMRAPQTENYMWCENSFKQPNS******,0
Q9HCE5-260,RVCLRKWGYRRCEDICWIKTNKNNPGKTKTL,0
Q8NDW8-1234,LALELLRRCVQYNKSCYKAYEYMGFIMEKEQ,0
Q9BWD1-88,ASVGAGIPYSVPAWSCQMICGSGLKAVCLAV,1
Q9H3N1-165,SSMSALFQLSMWIRTCHNYFIEDLGLPVWGS,1
P21333-810,DCAEAGQGDVSIGIKCAPGVVGPAEADIDFD,1
G3UWE1-18,HYEVEIRDAKTREKLCFLDKVEPQATISEIK,1
Q6ZSG1-331,FHQLCVDQWLAMSKKCPICRVDIETQLGADS,0
Q99JB2-167,SLNANIVDAINQAADCWGIRCLRYEIKDIHV,1
F1NV61-121,FRSLGFDVYTYNDRSCEDMQTLLKQAAEENH,0
P05303-370,NGYTPVLDCHTAHIACKFSEIKEKCDRRTGK,0
P0C9J3-85,SIVNCRVFRDSKTQSCLYEISSKMPNHFNME,0
Q8N608-465,RQLYSASTEGLLNRQCISCNFMKEQCTYFDA,0
Q5BK68-376,VTNNDTFAPEDPCFFCDVCFRMLHYDSEGNK,0
P24588-36,GSPGAERQKEKASMLCFKRRKKAAKALKPKA,1
P70349-84,DDESLLGHLMIVGKKCAADLGLKRGYRMVVN,1
Q05793-1628,CACPLTNPENMFSRTCESLGAGGYRCTACEP,1
P07490-63,MGKEEDQMAEPQNFECTVHWPRSPLRDLRGA,0
B7ZNY8-386,EVQQALRQKTGRRLLCGLIVDTGQYNRGFLR,1
P70694-98,SKVWCTFHRPELVRVCLEQSLKQLQLDYVDL,1
Q9P0U4-505,GHPINPRVALRHMERCYAKYESQTSFGSMYP,0
Q8CHR6-202,SAKIALFGAGPASISCASFLARLGYSNITIF,1
Q66220-179,RAAFHNYAENPHFVHCDRPFQQCELSTVNRW,0
P56528-279,NELKMIVQKRNMIFACVDNYRPARFLQCVKN,1
Q99LB7-610,FSADVNRPPGSTVYTCMLNQRGGTESDLTVS,1
Q6UB35-198,TDINLGKLVRGDAHECFVSPVAKAVIELLEK,1
Q9D1A2-192,IFAQKDKFFKDVDYVCISDNYWLGKNKPCIT,1
Q9HAU4-706,GAAGPRLFTIHQIDACTNNLPKAHTCFNRID,0
P70205-351,QSPDMGGNESSIYFSCVQKCYCKPQRAQQHS,1
Q5I2N3-649,VRMFVGGIEHRFDAACNWTRGERCELHDRDR,0
P22273-441,GSHNSSGTDNTGSHSCLGVRDPQCPNDNSNR,0
E9PVU9-39,ALVNRKPVVPGHVLVCPLRPVERFRDLHPDE,1
Q9DD20-202,WQRVLEPTWKHIGDGCHLTRETWKDIERAQF,1
P33534-345,YAFLDENFKRCFRDFCFPIKMRMERQSTNRV,1
Q92598-376,DISTTLNADEAVARGCALQCAILSPAFKVRE,1
Q99LB7-382,NRVPVLEKTGIKSTVCGPESFTPDHKPLMGE,1
Q14766-913,CICYEGYRFSEQQRKCVDIDECTQVQHLCSQ,0
Q8S8S2-137,LAGWKDKENPMPLWRCRIMWITRICTRCILF,0
Q9UJ41-23,RGIHVDQSDLLCKKGCGYYGNPAWQGFCSKC,0
Q9BSW7-34,GLLLCRWTCRHCCQKCYESSCCQSSEDEVEI,0
Q6WQJ1-349,RFAPGVTIEEDNCCGCNAIAIRRHFLDENMT,1
Q8C181-53,HPPKSCQVENGRVIACFDSLKGRCSRENCKY,1
Q68FM6-360,IVTLDKLRAHTEYTFCVTSLRNSRRFNHTCL,1
Q12852-403,EEVKLHFEKIKSEGTCLHRLEEELVMRRREE,1
Q9Z2Q3-429,SEDDLSYLQMHFRCHCYLGWGGEQCQWNHKR,0
Q6ZQ93-5,***********MCENCADLVEVLNEISDIEG,0
P58242-415,YNHLTCEDSCRIEHVCAIQHVAFNTYATCLH,0
Q5T4S7-4642,EVEKMQILVERFKPYCNFDKYDEDHSGDDKV,0
P03142-302,CTTPAQGNSKFPSCCCTKPTDGNCTCIPIPS,0
Q04638-316,DSWCTKEDLDDAMIQCQKCHFVFCFDCLHAW,0
P63244-168,CVRFSPNSSNPIIVSCGWDKLVKVWNLANCK,1
Q8BM55-222,ELDKTPGESLHGYRICIQAVLQDKPKIVTSN,1
Q99LC5-155,SPDTFVRTIYAGNALCTVKCDEKVKVFSVRG,1
Q0IIX9-389,RRIQPMCDNPLTLEECARIFEMLQDKYYEEY,0
P01324-41,YTPKSGIVDQCCTSICSLYQLENYCN*****,0
Q3B8N0-297,YHHYMQDRMDDNGWGCAYRSLQTICSWFKYQ,0
E9PH60-300,VEDKKLGIPGTQGRECNRTSEGADGCNLLCC,1
P14618-474,TARQAHLYRGIFPVLCKDPVQEAWAEDVDLR,1
P08113-576,KGYEVIYLTEPVDEYCIQALPEFDGKRFQNV,1
P28829-591,KQTMHTEKTDIWSLGCLVIEMLTSKHPYPNC,0
P02465-1193,IDPNQGCTMDAIKVYCDFSTGETCIRAQPED,0
A4GBY0-290,HYEECSCYPDTGTVMCVCRDNWHGSNRPWVS,0
P48678-522,SPPTDLVWKAQNTWGCGSSLRTALINSTGEE,1
P46061-575,LLLAFVTKPNGALETCSFARHNLLQTLYNI*,1
P0DPE2-880,HFGCPVGSPMNSGQLCEVW************,0
O13744-237,RIVKEIIAIRSKTSNCFKKKDHLHRMCLVNR,0
Q80UW2-180,QDDSVKKYFASSFEWCRKAQVIDLQAEGYWE,1
Q6NVG1-206,SGGKWPQVLFFPEGTCSNKKALLKFKPGAFI,1
Q8JZQ2-401,ARVRDLFALARKNAPCILFIDEIDAVGRKRG,1
B2RPY5-282,SRRNALQGVVYSANQCKALITILVVIGAFMV,1
Q8VDM4-448,LYSSEDYIKSGALLACGIVNSGVRNECDPAL,1
O09687-116,DWFMLMPKQKVTGSLCIRMDQAIMDKNIILK,0
Q13443-430,PSCGNKLVDAGEECDCGTPKECELDPCCEGS,1
O09173-51,PYNLYAEQLSGSAFTCPRNTNKRSWLYRILP,1
O95999-29,TEVKKDALENLRVYLCEKIIAERHFDHLRAK,1
P19096-135,LSRDPETLLGYSMVGCQRAMMANRLSFFFDF,1
O95551-273,IFAGDTNLRDREVTRCGGLPNNIVDVWEFLG,0
Q12908-314,AFAAIFLGFYVAYKKCHGKNKAEIPESKENG,1
Q6P2B1-312,RIFTELCETFLEKIVCTPGQGLGDLRTLELL,1
O54852-44,FIIANARVQNCAIIYCNDGFCEMTGFSRPDV,0
P22102-298,GPKVLEFNCRFGDPECQVILPLLKSDLYEVI,1
Q3UHB8-78,REQSPLLHLDLFNFACPEAEGSRYVLTSPRS,1
Q28085-146,TNGWTNDIPICEVVKCLPVTEPENGKIFSDA,0
A2AS89-144,DLGNVNVNLYNLQDSCLLIREAYQNVLAAGC,1
Q91V08-80,ATKTEQIPVNKTYAACPQNWIGVENKCFYFS,1
O00161-112,KAYKTTWGDGGENSPCNVVSKQPGPVTNGQL,1
P07355-133,MKGLGTDEDSLIEIICSRTNQELQEINRVYK,1
Q8CIE6-380,VFNMSYNPAENAVLLCTRASNLENSTYDLYT,1
Q8BUN5-320,AECLSDSAIFVQSPNCNQRYGWHPATVCKIP,0
P07814-1480,QDLEPGAPSMGAKSLCIPFKPLCELQPGAKC,1
Q9R0Y1-207,CSPKDFKHVFTEYGNCFTFNYGENIQNKNKV,0
Q8CBX0-566,ALLGTGMELMRLGSLCTYCTRLFLSKSEPER,1
Q8R2H2-38,VVGESNICTTRGVNSCQQCLAVSPVCAWCSD,0
Q18LD3-332,LSHMIIVACPILKRMCMIKS***********,0
P26095-497,DGNGCFEIFHQCDNDCMASIRNNTYDHKKYR,0
Q80YC5-104,LEPKKVKDHCSKHNPCHKGGTCINTPNGPHC,0
A0A0G2JJZ9-139,VMMFSATLSKEIRPVCRKFMQDPMEIFVDDE,1
Q6PI77-274,LPVATACRPSRNTRSCSQPIPECRFDSDPCI,0
Q6ZRI0-2581,LGDSCCTSYFCACGDCPDSIPECQEGEALTV,0
Q01339-23,LFSAFLCHVAIAGRICPKPDDLPFATVVPLK,1
Q5ZKD7-496,QPRWFDRKVEANEEQCQAVKHIVTGMSRPAP,0
P08249-89,RANVKGYLGPEQLPDCLKGCDVVVIPAGVPR,1
Q922Q8-131,KDNPLDPVLAKVAGDCLDEKQCKQCANKVLQ,1
P0C9I8-49,HELVYWCTYANQCDFCWECVHGICRNRIQAD,0
P97501-466,FLKDPRLAVEVFFGPCSPYQFRLVGPGKWSG,1
D3ZYR1-809,SLVKKRFATGRYLADC***************,0
F6Q1T7-56,PCPDRSRVRSPVAILCLSGTLMNPNATFTCP,0
Q9FF99-322,FGFYEPFWLVDFANACIVLHLVGGYQVYSQP,0
Q9D6R2-127,LLLRKTFDLYANVRPCVSIEGYKTPYTDVNI,1
Q571I9-59,VNGMWLKPEHRNPAPCQDPITGENLASCLQA,1
Q9TYK1-76,VLVGVFSHQCQDDIVCNNTSGKIPYFNAPIY,0
P08121-1462,IGGPDQEFGVDIGPVCFL*************,0
P03899-39,LPQMNLYSEKANPYECGFDPTSSARLPFSMK,1
Q8BGH2-445,VVLRLGNIARLELNYCIPMGVQGGDRICDGV,1
Q71DR4-127,PVLSCRSNTYPKGFYCSWHLPTPTYIPNTFN,0
Q9UKZ4-580,VLCGGNGEYEKGHCVCRHGWKGPECDVPEEQ,0
F1QCP6-103,WNLNKMRWTPTASDICFTREFHSSFFSRGKC,0
Q9QYJ0-280,NDLHMTYKIGLVEALCGFQFTFKHLDARQIV,1
Q8BXT1-142,TREATRKNMQEPSLTCFDQAQGKVHSLMEKD,1
P55085-361,FVSHDFRDHAKNALLCRSVRTVKQMQVSLTS,1
Q8C196-225,KVFGKGNPTKVVAVDCGIKNNVIRLLVKRGA,1
Q29116-470,ECEHGFQGYDCSEMSCPHDCHQHGRCVNGMC,0
Q8VCB3-564,GIYIVDRRFRSPDDSCNQLTQFLYGFCKQSR,1
Q86T96-518,QSFQKSNSAKWPLPSCRKAFHLFGGFRRHAA,0
P12672-166,RYAHNNDDTMLECRVCCSLGSFYAQVKDYEK,0
A8WH74-56,QEAIKVESIEDVRNQCTNHGADMISIHNEEE,0
Q16819-557,VIWDRPSRVGTYHTDCNCFRSIDLGWSGFIS,0
D3YZ18-106,DPNAPKRPPSAFFLFCSEYRPKIKGEHPGLS,1
A6H8H5-171,AETMREREGEEFDNTCCPEKRKKLWDLLEKP,1
Q9LU91-412,EDCKGKKKGSEECRACSLCIQRCYHCGRCII,0
Q5DU02-79,HVCGIHLNRLHSCLYCVFFGCFTKKHIHDHA,0
Q6NUT3-86,LCTPLVGYEADRAASCCARYGPRKAWHLVGT,1
Q66HF1-727,KAVTEGAQAVEEPSIC***************,0
P07724-302,YMCENQATISSKLQTCCDKPLLKKAHCLSEV,1
D3Z8N4-9,*******MEGKPMRRCTNIRPGETGMDVTSR,0
Q62825-507,HPHCYVQYMVAIINNCQTFKESIISLKRKYL,0
Q7M334-144,SKRPYNKEYKPISKYC***************,0
O42164-7,*********MCWRPLCRLWSYLVYVQAVPCQ,0
O00300-83,HYYTDSWHTSDECLYCSPVCKELQYVKQECN,0
Q41220-76,EEFGYDHPMGGLTIPCHESLFFTVTSQIQ**,0
Q02156-98,VFHDAPIGYDDFVANCTIQFEELLQNGSRHF,0
F4I7Y4-311,YPEEDAAMVFDLASKCLHNNPNERPEIGDII,0
Q925N2-18,GDLSGFNIDAPRWDQCTFLGRVKHFFNITDP,1
O88737-1918,LACCDMVYKFPFGSSCTGTFHPAPSAPDKSV,1
P36552-346,LDSPSKEEAFRFVKTCAEAVVPSYVPIVKKH,1
F8VX04-391,RSSLFELAKKTKFNLCRHTVVTCILLVVINL,1
M0QWE2-94,DAMGLKPSCLKGFKMCVSSSNNNHDEAPVLN,1
D3YUM1-116,PKYLVVNADEGEPGTCKDREIMRHDPHKLVE,1
Q09783-98,ALEKFGFLFCWLGFSC***************,0
Q9N491-270,YVHDPRFDTEWRSRGCNNEYLITHKHTEQEM,0
Q3UJB9-981,LAELWHNQEELLQRLCAQLEGLQSTVTDHVE,1
Q8R081-401,LDQSKMNCDRVFNVFCLYGNVEKVKFMKSKP,1
Q3UIW5-245,YPPTAAKITRCGHIFCWACILHYLSLSEKTW,0
P53396-519,MQTRAVQGMLDFDYVCSRDEPSVAAMVYPFT,1
Q13625-1083,YEPQNDDELPMKEGDCMTIIHREDEDEIEWW,0
Q8N2C3-117,SHLMQNTCLSSNDISCLKGVHLCQVLMNHKV,0
P07174-279,VVGLVAYIAFKRWNSCKQNKQGANSRPVNQT,1
Q61526-235,GPNPNQCCHDECAGGCSGPQDTDCFACRHFN,0
E9QKC6-624,VDRNGHIIVVDNKACCVFIFQPNGKIVTRFG,1
P60335-54,IREESGARINISEGNCPERIITLTGPTNAIF,1
Q9QZB1-67,GGRGSNACCFCWCCCCTCSCLTVRNQEDQRP,0
Q68D91-212,IDWLPYSRISDYVGTCERLIELVDRGLVEKV,1
Q8I4F7-272,RDLNSRWYFNCECTRCMDPEDDALTAIRCAN,0
F8W870-17,EGPGGSGFHLRLEAFCKCKSPINVFDPVRPA,1
Q9QZI9-72,MTEGIQTQLKKIPGFCEGGFQIKMVDTKAEK,1
Q9VQN8-85,GYLFEMPHNSVFEPECRGFYESCQQTEMASS,0
Q571F8-542,AAEGHIEVVKFLIEACKVNPFVKDRWGNIPL,1
P27601-329,GDPHCLRDVQKFLVECFRGKRRDQQQRPLYH,1
Q4LDG0-370,CVLAPKFSASRFWAECRQHGVTVILYVGEIL,1
O95477-1110,DVLGDRIAIISHGKLCCVGSSLFLKNQLGTG,1
P92127-501,NKGTNAGCTDHTCSYCAAGFFLYMGGCYKID,0
Q8WXB4-542,LIAHMRMHTGEKPFKCDECEKAFRDYSALSK,1
A0A7H0DMZ9-421,YGCYNFYTYTYKKGLCDMSYVCPILSTINIC,0
P13439-278,ARELLQLADALGPSICMLKTHVDILNDFTLD,1
Q9EPQ2-618,PAALTQAGDTQPTTFCTYSFYDFETHCTPLS,0
Q65122-244,KEKIRMDMDEMMCIACTKDNNFLTIYYCFLL,0
Q9CXN7-24,DAFTATAFRGNPAAVCLLERTLDEDAHQDIA,1
Q9BIM7-127,CSSSIIYHDEYSYGKCNCKRFQENCDVNAIC,0
Q8H274-267,VYDTGARIADVARESCLDCATLDWK******,0
Q3V0B4-1340,WNSAVVCFQGVGYDPCVMGDTAPFHSISSWD,0
O75095-542,CRNGGTCLLGLDGCDCPEGWTGLICNETCPP,0
A8WFJ9-154,YLWSSEHGARWINEMCMQFNLQPPRNCSITG,0
Q9Y6R7-3065,WDPLCWDECRGSCPTCPEDRLEQYEGPGFCG,0
Q8BZQ2-154,TYPYPHECTPRCRERCSGPMCTHYTQMVWAT,0
P41220-116,LKSEFCEENIEFWLACEDFKKTKSPQKLSSK,1
Q8NG27-599,EDHGAVGQEMCCPICCSEYVKGEVATELPCH,0
P51121-42,QVTYVWIDGTGEGVRCKTRTLDQEPKTIDEI,0
Q02890-168,SKFNCGTVEIYKCNRCGNITRFPRYNDPIKL,0
Q9ERU9-2496,QKALAEKLLLPSTFFCYKNRPGYVSEEEEDD,1
A0A0U1RRM8-276,EESSGTPAHQMNLRGCEVTPDVNISGQKFNI,1
P46964-125,AFAEFIVASLILHFVCLHFIN**********,0
Q8CIP5-1075,FFFQSLCCFFGPEKNCGQILWPCAHLPWDAG,1
P41739-265,QSSMRMCMGSRRSFICRMRCGTSSVDPVSMN,0
Q55DJ8-507,VRAFTFYLSFGEIFTCSCEDYKREFSCKHMF,0
O00548-243,PGCDEQHGFCDKPGECKCRVGWQGRYCDECI,0
P14151-165,LKAALCYTASCQPWSCSGHGECVEIINNYTC,0
P0C9K2-44,PPKSELSYWCTYVPQCDFCWDCQDGICKNKI,0
C7GNA4-543,EFQTRSVEEAHKFMDCINFWAGRISPVPLTQ,0
Q71RI9-338,AEAFWIDIKRMDDPECYFNSLPKELEVKRDR,1
Q92832-657,HNGQVWTLKEDRCSVCSCKDGKIFCRRTACD,0
P05064-290,QSEEEASINLNAINKCPLLKPWALTFSYGRA,1
B0V2P6-836,TPSAGHLSSSSIYPVCLAPYLVVTTCSDNKV,1
Q9NXR1-274,DLLRKVGALESKLASCRNLVYDQSPNRTGGP,1
Q9IBG7-1641,GAHWVPHTDPCLKCTCSNGHVDCEPPQCPPL,0
Q8BH24-64,SSRTQLPYEYYSLPFCQPIKITYKAENLGEV,1
Q14156-154,RYDFFVSRFSAMCHSCHSDPEIRTEIRIAGI,1
P07269-369,NAPDEDPNLNNQWSICDDFSEGRQVNDAFVG,0
Q81487-496,PSEDRPYCWHYPPRPCNITKPLNVCGPVYCF,0
Q54WC3-324,PIGKRNFNEIKKLGFCK**************,0
Q9UPM8-922,LEETTEYIHSNAMEVCNNETISVSSYKIWKD,0
Q8BM55-529,RLLRSSGLLPVGQQVCARLSSYSLQSYNWLQ,1
Q5TJG6-152,AASECMQDFNTMFTNCYIYNKPTDDIVLMAQ,0
Q9JJK2-149,KRTLRNLSGRRVTFLCGDAGPLAVGAVIYHK,1
P25656-80,VSATKVQDLTIDYSHCDTKASTTAFEDIPKK,0
Q89273-778,NQVHISRASDPKIEGCVEYQCKFQHLWRMVP,0
P53396-229,VLDLAAKVDATADYICKVKWGDIEFPPPFGR,1
Q9UGQ2-74,AAGVWMIMNAFILLLCEAPFCCQFIEFANTV,0
P53811-187,PLGPNWKKELANTPDCPRMCAYKLVTIKFKW,1
O60462-630,TPYPTEEEATECGENCSFEDDKDLQLPSGFN,0
Q8R4K8-471,MDCNYERFNFDGGECCDPDITDVTKTCFDPD,0
Q8VDK1-63,CQVTSTPNKQENFKTCAELVQEAARLGACLA,1
O13584-100,YQAYSAYQACLAYPACLACQAS*********,0
Q64458-172,RKTKGSPCDPTFILSCAPCNVICSIIFQNRF,1
Q19LI2-292,YYVNLKELDNPGPFTCRYRMHKYMHVWSEDS,1
P42669-291,EMKKIQEKQREKRAACEQLHQQQQQQQEETT,1
P01889-332,VLAVVVIGAVVAAVMCRRKSSGGKGGSYSQA,1
Q91Y47-544,STLQKAKVPLVSNEECQTRYRRHKITNKMIC,1
P06775-603,TLAKRSFVTRFLHFWC***************,0
P40889-495,RIVLYSYMFLNTAKGCLVEYATFRQYMRELP,0
P58751-486,TGYGNLRFYFAMGGTCDPGDSHENDVILYAK,0
O97439-247,FYVDMDAGKVVDNTCCQATNQASCCGSTSCH,0
P20918-257,RPWCFTTDPTKRWEYCDIPRCTTPPPPPSPT,1
O43435-398,NTQGLVAGRTAGDRLC***************,0
P57096-70,AIGLVTVISKGCSSQCEDDSENYYLGKKNIT,0
Q04706-89,PASVPPPQNGPYPQQCMMTQNQANPSGWSFY,0
Q5XH09-8,********MANEACPCPCDIGDKFEYGAKGQ,0
Q497V5-757,QLKKVKGLGPKSFQQCAGFVRINQDYIRTFC,0
P47863-17,SDGAAARRWGKCGPPCSRESIMVAFKGVWTQ,1
Q8VDD5-91,NPPKFSKVEDMAELTCLNEASVLHNLKERYY,1
Q9D0N8-122,LATYRRLCLRLRLADCLVPYSRALYRRRRIP,1
E9QHE3-120,CKKQDVDAMYYCNTCCQPLCRDCRETTHKAK,0
P0C1C7-123,DPVVTDVVYHDHGGECTGYGFTSSPERGWSD,0
Q14344-318,VSIKDYFLEFEGDPHCLRDVQKFLVECFRNK,1
O60097-404,KYPVPKGVPPWAMSACWSPDGNNIYIGRRNG,0
Q9JHI5-134,ASGAVGLSYGAHSNLCVNQIVRNGNEAQKEK,1
Q07FI2-447,RENTTIWTSGSSISFCGVNSDTANWSWPDGA,0
B1AYB6-7,*********MNGGKECDGGDKEGGLAAIQVP,0
Q10651-135,IDGEFHSEALQVPHDCQFSHVNSRDQCNDYQ,0
Q7ZSY6-40,CTTCKKSCCSCCPSGCSKCASGCVCKGNSCG,0
Q8QZT1-123,AGLPISTPCTTVNKVCASGMKAIMMASQSLM,1
P16330-49,FPFLQDEDTVATLHECKTLFILRGLPGSGKS,1
O54749-447,KKRESFLPFSMGKRACLGEQLAKSELFIFFS,1
Q9R1P4-182,SARTYLERHMSEFMECNLDELVKHGLRALRE,1
Q504Y3-71,EPWYCFMNTDSRYNNCSISEEDFPEESQLHQ,0
O08914-249,LGTDIGGSIRFPSAFCGICGLKPTGNRLSKS,1
Q8BJU2-148,GLKNAWNIIQAEMRCCGVTDYTDWYPVLGEN,1
Q0IZQ2-317,FPHHENEIAQSRAACCDSSINYWIHNGFVNV,0
Q9VAZ3-322,QTFPFCFVCDLLKKDCELLVSAIFHSNWINS,0
Q6TCG2-234,AVACTVACCKSRTDWCSYPFALRTFVFVMPL,1
P17427-134,DLASRNPTFMGLALHCIANVGSREMAEAFAG,1
Q08905-7,*********MYWVLLCGSILLCCLSGASASP,0
Q4JQV9-151,VWQRPGDCGPDDQVQCYKQVVKRELACYTMM,0
Q9NR56-200,CREYQRGNCNRGENDCRFAHPADSTMIDTND,0
Q8BIJ6-819,DRLYCENEKDPKRRSCQTALAEILDVLVRAF,1
P46694-2,**************MCHSRNHLHTMTGLRAP,0
Q61457-325,LMQKVSGYQWCDIEKCVKWMVPFAMVIREMG,0
Q8JZN7-545,LPEGVAPPGLSPAEFCRRHRLPAPASFSCLG,1
P00889-202,EGIHRTKYWELIYEDCMDLIAKLPCVAAKIY,0
Q3E818-27,KDTLRLLICFFEIKQCHISLQPTCYYQNWVR,0
Q69S39-174,CVVPWNAAENKFICPCHGSQYNNQGRVVRGP,0
D3YUG9-137,NFRQGAALGIPYFTACRALFHSARARAGESV,1
P29475-1280,WQQRQFDIQHKGMNPCPMVLVFGCRQSKIDH,0
P19697-487,NAEDKGNGCFEIFHKCDNNCIESIRNGTYDH,0
P07300-200,LLTYKHKQTKKDYTKCVLFGNMIAYYFLTKK,0
Q9WUA5-328,QQDFSQKFGKVHSSICAL*************,0
P06482-149,VGGIDQFCEEPALRICYYPRSPGGFVQFVTS,0
Q8VDD5-917,LRARLTAKKQELEEICHDLEARVEEEEERCQ,1
P39720-718,DKSIFPFYKKYFMVSCMDALSLINYFNKFFN,0
Q98ST5-152,WYDEVRDFTYPHPHECNPYCPYKCSGPVCTH,0
P55786-385,HLWLNEGFASWIEYLCVDHCFPEYDIWTQFV,0
Q00918-413,PCMNGGQCSSRDKCQCPPNFTGKLCQIPVLG,0
Q9TT92-106,ASQQCNLTFGPEYSVCPGMDVCARLWCAVVR,0
Q8JUX5-905,FTGVYPFMWGGAYCFCDAENTQLSEAHVEKS,0
Q99MR6-489,IKEICWNLQNIRLRECELSPGVNRDLTRRVR,1
Q9C810-632,RMLACDGCGVWHHTRCIGINNADALPSKFLC,0
E9PVB3-63,QLFVVEKSLQGDYFTCSEEVKTFLKDITVAV,1
Q91WL6-182,QSTSHLAKGDQLNSCCFLPRSGRRSSPSPPL,1
Q8TD16-437,GDYYEVDINGPEILACKYHVAVAEAGELREQ,0
D3YY75-103,LTRIAKDMEDSVPLDCSRHLGVAAGAILALL,1
Q6IRU5-199,KEETPGTEWEKVAQLCDFNPKSSKQCKDVSR,1
Q63148-730,ARWAPNYDPLCSLCTCQRRTVICDPVVCPPP,0
Q9V7A4-254,GRQRRGMNTNRKCNECNPEPKNFGQEEFSYF,0
Q67377-75,KGTKTRGKLCPKCLNCTDLDVALARPKCTGT,0
Q91WJ8-328,TTPDRIAQITGPPDRCQHAAEIITDLLRSVQ,1
Q9NTI7-128,GRDLAPLPRTQPHQSCAQQGPERVEPDDWTS,0
Q8CIZ8-2168,VIAPATFHTICQQDSCHQERVCEVIASYAHL,0
Q61292-1108,CQPCACHPSRARGPTCNEFTGQCHCHAGFGG,0
Q98UI9-60,HFHTFDHVKFTFPGTCTYVFASHCNDSYQDF,0
O35604-323,NIAFSVNSSDKGEASCCDPLGAAFDDCLRRM,1
P01868-302,LNVQKSNWEAGNTFTCSVLHEGLHNHHTEKS,1
Q64514-150,EKIWDPIHRVALAEACRKQEEFDIANNGSSQ,1
P04412-302,PQCAGGRCYGPKPRECCHLFCAGGCTGPTQK,0
Q7KZF4-440,ASPATETVPAFSERTCATVTIGGINIAEALV,1
A2AHJ4-293,GTTRYLTSTGADGTICFWQWHVKTMKFRDRP,0
P36894-173,ISMAVCIIAMIIFSSCFCYKHYCKSISSRRR,1
Q8BH00-398,DESRCMTEEIFGPVTCVVPFDSEEEVITRAN,1
Q68FE2-122,PVKVTLPDAFLPAQVCSARIQENGSLITILV,1
Q9DBG1-230,ALEAITYILFEKRIGCLKPSIPEDTAAFIRS,1
Q03721-143,EELTFWGIDETDVEPCCWMTYRQHRDAEEAL,0
Q6PCE3-441,GKEVLFAFEESIGFLCGTSVLDKDGVSAAVV,1
P0DOI9-154,KYKIYRKPPVWIECYCYKCYREWFFFPISMQ,0
Q8BGT5-264,RALRQAKDHCDPKVLCIINPGNPTGQVQSRK,1
P53996-54,SDRGFQFVSSSLPDICYRCGESGHLAKDCDL,1
P49207-49,YTKKVGKAPKSACGVCPGRLRGVRAVRPKVL,1
Q9D7B6-157,KFCPPLCTMEKFASYCLTEPGSGSDAASLLT,1
Q3V3V9-189,EEIQWDVDTIYHRQGCRHFCLGDFSHFGSRD,0
P14679-500,GAVLTALLAGLVSLLCRHKRKQLPEEKQPLL,1
F4JGB6-139,YAFVNLTSLISLDMCCNRFNGSIPHELFSLT,0
Q5SXR6-757,TGQIKEVERICRESNCYDPERVKNFLKEAKL,1
P02802-33,SCACKNCKCTSCKKSCCSCCPVGCSKCAQGC,1
Q9CQJ8-42,LESWCIHRDKYRYFACLMRARFEEHKNEKDM,1
Q08AZ1-663,SSSHPSSQPCRYFPACKKTDCSFYHPKHCRF,0
P31649-62,GEIIGLGNVWRFPYLCYKNGGGAFFIPYLIF,1
Q9NY15-879,PCSHPDRGGCSENAECVPGSLGTHHCTCHKG,0
Q9UBS4-196,GPGRFQMTQEVVCDECPNVKLVNEERTLEVE,1
Q02248-619,YSPIENIQRVAAGVLCELAQDKEAAEAIEAE,1
A0A286YF77-82,CCCRRTCHSCGCGCGCGKGCCQQKGCCQQKG,0
Q498T3-368,QVDWTYDPNEPRYCICNQVSYGEMVGCDNQD,0
Q62431-332,FTLRTQYMKYLYPYECERRGLSSPNELQAAI,1
Q9SRU2-3488,DKHGICSNCHENAYQCRQCRNINYENLDSFL,0
P31596-536,VYDDTKNHRESNSNQCVYAAHNSVVIDECKV,0
B3N8M1-100,QSCGVLAATSMFGDPCPGTHKYLEAHYQCIS,0
Q9QXZ6-575,GIPAPVYFGALIDRTCLHWGTLKCGQPGACR,1
Q9D428-33,ATKVFIQRDYSDGTICQFQTKFPPELDSRIE,1
Q94177-407,GKCDIWFQSHQLFHTCVVIAAFVHYYGISEM,0
Q86WI1-886,PTMTNQYSVTMTSYNCSYNIPMMAVSFGQII,0
Q812A2-658,QYSDENMMDPYNLAICFGPTLMHIPDGQDPV,0
Q8CD54-1299,AASFSQHNPVPDFIHCRSYLDMSKVIIFSYL,0
Q99572-362,AAVFIDFLIDTYSSNCCRSHIYPWCKCCQPC,1
O75592-4602,CPKHGTDFLEYKCRYCCSVAVFFCFGTTHFC,0
D3Z106-175,TTASLVPEVESVASECPDLKTKLVVSDHSHE,1
Q99460-806,LNKDLKMPKVQYKSNCKPSTFAYPAPLEVPK,1
Q14524-981,IQRGLRFVKRTTWDFCCGLLRQRPQKPAALA,1
Q6H3X3-50,YDITVIPKFRPGPRWCAVQGQVDEKTFLHYD,0
Q8BSE0-381,KCYVELGEPQEACKFCNLALLLPVVTKEDKD,1
P19218-100,WYRFVGDGGVKMPETCVNVYRCHTYAPMWLS,0
O09131-191,TWPWFQRLEALELKECLAHTPKLKLWMAAMQ,1
Q91WC9-304,YGWPLYIYRNPFTGLCRIGGDCCRARDIEYD,1
P25688-95,KLRGIRNIETFAMNICEHFLSSFNHVTRAHV,1
Q499E0-278,IACNSEGEFICKDNDCWCHCGPKFPECNCPS,0
Q93052-430,RCARCGENVVGEGTGCTAMDQVFHVDCFTCI,1
P49757-37,PHQWQTDEEGVRTGKCSFPVKYLGHVEVDES,1
Q9SY33-60,FPLDNLLSLNYYDRICPDFEKIVVTKVREWT,0
Q8BJ48-133,QKRRATVEDTAVPAGCRIAQNGGFFRMSTGE,1
Q9ESB3-288,GSRDHHHTHKTDKLGCPPPPEGKDNSDRPRL,1
Q9HFS7-539,NSLFKGKQQQDCQEFCQFLLDGLHEDLNQCG,0
Q03135-156,IQCISRVYSIYVHTVCDPLFEAVGKIFSNVR,1
Q3UG50-150,SIERCLSVMWPIWYHCQRPRHTSAVICTLLW,0
Q5U258-394,GAPYIPCTGTHRRQVCVYGTGDLNWMVQQHH,0
O88908-259,MKSYSFLRETVPGIFCVRGGKGISPPSFSSY,1
Q8CIZ8-559,PLVVDFGNAWKLQGDCSDLRRQHSDPCSLNP,1
Q9LXZ8-21,ARTSCCRKLWSCICCCSNNNNNSYGQTRSQH,0
P50824-9,*******AQGHNNGICWHNQLFLTVVYTTRS,0
Q9N2W5-253,IFNHSHTLEAVRTFICTARPDMIYAPFQMMA,0
P14094-214,YPLMMKYNPNVLPVQCTGKRDEDKDKVGNIE,1
Q6JTA8-86,FTHECPDYKTGGPNSCYFNKKHTSIWTIYII,0
F1RWC3-437,DSGWAGMNCTENINECLSNPCLNGGTCVDGI,0
Q99246-108,KQGNSSNSRPARALFCLSLNNPIRRACISIV,1
Q9QZT3-71,GLGGHGEPRDAIDWCCYYHDCCYSQAQDAGC,0
Q61646-207,KLKQRVLVTERVMPICLPSKDYIAPGRVGYV,1
Q99KR3-100,GIVDICKNINNDTTYCIKKLRRNPQREEIIG,1
P38925-161,YLPRWLNWTLYFFAECAVIATDIAEVIGTAI,0
Q9WUA5-109,GELHWEGNGPHHDRCCTYNEDNLVDGVYCLP,0
Q9LF66-82,GSEFKFTSDTIVSVLCIAYYLGMNEEQSSNN,0
P08754-351,FDAVTDVIIKNNLKECGLY************,0
P29388-316,GILQNDLKRVIAYSTCSQLGYMIFACGISNY,0
Q8CDJ8-597,LQRQKSLKAKMNRRACLGSLQEPESEPVIQV,1
P97953-354,CKRTCPRNQPLNPGKCACECTENTQKCFLKG,0
P48381-544,VDFANVQEQASWVCQCDDNMVQRLETDFKMT,1
Q8BGR6-37,CCKGPPPARPEYDLVCIGLTGSGKTSLLSEL,1
Q8N2E2-1357,KPNICQCLPGHGGATCDEEHCNPPCQHGGTC,0
P01115-233,HKLRKLNPPDESGPGCMSCKCVLS*******,0
Q99J39-401,SEKLTQALQGPLMRLCAWYLYGEKHRGYALN,1
Q61586-812,KRVSVLELSSTFLPQCNRQKLLEYILSFVVL,1
G5E8G3-244,AKNTGVSVGQKGILSCEASAVPMAEFQWFKE,1
D4ADY9-117,VDYSQSPRAMRMVHTCWLYYFSKFIELFDTI,0
P34914-78,WVPLMDESYRKSSKACGANLPENFSISQIFS,1
Q12021-468,EYPMVNQVKKNQASHCQFSSMIVQTNIMNSV,0
B7ZNN8-49,EDGFLLLEGFFTADECVAMQQRIGEIVAEMD,1
Q9D826-71,RKAYPEDFYTMMMKECYQTWAQLEREAGTQL,1
Q5JZQ9-151,CTFPHLRPEMNAPFWCNQGAACFFEGIDDIH,0
P49137-98,NKRTQEKFALKMLQDCPKARREVELHWRASQ,1
Q13639-328,AFLNKSFRRAFLIILCCDDERYRRPSILGQT,1
P01027-1537,QSQEKINLNVRLDKACEPGVDYVYKTELTNI,1
C3VD30-26,YGTTDPLTYPGPWRHCQQQNWPQNMGAPIFL,0
P19758-571,NTLQPMLFKTSIPKLCKAES***********,0
Q54S52-2379,NNNNNNIIIDQILVDCSNEYDEEDQQQFNEF,0
P62746-107,LENIPEKWVPEVKHFCPNVPIILVANKKDLR,1
Q9CXT8-419,LKTNMLLQLDGSTPICEDIGRQMLCYNRRIP,1
P00342-163,WKISGFPVGRVIGSGCNLDSARFRYLIGEKL,1
Q3TWN3-399,MMTFPASYPVSKLLDCVLGQEIGTVYNREKL,1
Q9A9Z1-142,YRMDLTGVARMDRDICITNGPCVSPDGKTFY,0
O81301-349,QDTIYVHSHKQFYRECDIYGTVDFIFGDASV,0
Q8VCX1-195,NKPGLKYKPVTNQVECHPYFTQTKLLKFCQQ,1
Q9S758-68,PSTDRVPSRLCQVDRCTVNLTEAKQYYRRHR,0
P10235-9,*******MASLLGAICGWGARPEEQYEMIRA,0
Q9VRA2-721,SIGGIQFQVEGPCQRCDMICINQRTGERSPE,0
A0A0B5A886-656,RSRCTSVRRCRWAGDCQSGCPPHFTSNSFSD,0
Q9TYM6-280,FGYCYDQRVNDWESACESGWNCAKLSPSLSF,0
Q14254-197,GVAEAERDAGIREAECKKEMLDVKFMADTKI,1
Q9CQI6-52,VPGDQGADYQHFIQQCTDDVRLFAFVRFTTG,1
P47757-62,LKIARDKVVGKDYLLCDYNRDGDSYRSPWSN,1
P11541-598,YFTDLEALAMVTAAFCHDIDHRGTNNLYQMK,0
Q9QJ19-59,PIFSLKNKPKKYCMHCEMVVLKRSHEFMFSL,0
Q8GU83-1110,IKDNYNPSTWMLEVTCASMEAQLGVDFAQIY,0
Q91XU0-267,EANEIPSLILWGPPGCGKTTLAHIIANNSKK,1
G5E8H9-37,QVVSHLQDKYVFITGCDSGFGNLLARQLDRR,1
O13798-1047,LIDKTHHAFPSSYTWCIMVIFYLQQIPEPIL,0
O92955-265,EYCGAYGYRFWEMYNCSQMRQNWSICQDVWG,0
Q68EF4-542,GERKKTVKGMACCWHCEPCTGYQYQVDRYTC,0
Q7YTU4-387,RSHFVNISRIMDCVECDKCRLWGKVQTHGMG,0
Q9D8T7-2-95,EHHIIDGVKVSISDVCSTSL***********,0
Q1LUV9-145,NTLTNRYKQEIGIGGCGN*************,0
Q12968-816,SYQPMQTNVVYNGPTCLPINAASSQEFDSVL,0
G3X982-154,STEQIMETLGGNLCRCTGYRPIVESAKSFCP,1
Q40374-122,AWVDEKQFYNYWHNSCVDGEMCGHYTQVVWG,0
Q9WUQ2-90,LALAGDILAAGQDAQCQLLRFQVHQQKGSKA,1
P98155-212,EFQCSTSSCIPISWVCDDDADCSDQSDESLE,0
P50544-423,GFKDFQIEAAISKIFCSEAAWKVADECIQIM,1
Q8BIJ7-87,ILTLARRATGNLSASCGSALRAAAGLGDGGG,1
P17124-305,TLNRDFRTAYQQLFRCRPASHNAQETSLRSN,1
A4IF75-86,NIWQFWYTNQPLWKNCTHAYLSPYPFLRGEH,0
Q04592-937,NCPSWKFEFKKQCHPCHYTCQGCQGSGPSNC,0
D3YTT4-281,IAMKGLNGGRINVASCSLGAAHASVILTQEH,1
A4D0S4-1759,AIKNEIVEQEKKYARCYS*************,0
Q810H5-3,*************MACSVHLVLFLTILLSLA,0
P53621-245,KIWRMNESKAWEVDTCRGHYNNVSCAVFHPR,0
P20918-543,KNYCRNPDGDVNGPWCYTTNPRKLYDYCDIP,1
Q6IVU7-90,VFNNGIGCGTCFQILCNGHPACSRRPITVTI,0
E9QKI2-247,GGGGLDGAGGELKRLCFQDAGGGAGGPAGGA,1
Q9TV36-2221,DINECAQNPLLCAFRCVNTYGSYECKCPTGY,0
Q02248-381,LGLHLTDPSQRLVQNCLWTLRNLSDAATKQE,1
Q4E409-130,LADSITHELLRFVECCNLNTDTIEHIIGRMY,0
Q6PZE0-849,ECTCIKGSWNCTQNECQSTCHVYGEGHFRTF,0
P07202-742,MNLEAWRETFPQDDKCGFPESVENGDFVHCE,0
Q99M71-172,ARSYETWIGVYTAKDCYPVQETFIRNYTVVM,0
Q9R049-337,FAVATPEELAVNNDDCAICWDSMQAARKLPC,1
D3ZUK3-148,GPCEQAGFPCQNGGQCQDNQGFALNFTCRCL,0
Q07954-47,FACRDQITCISKGWRCDGERDCPDGSDEAPE,0
Q02445-174,GNSNNFETLEECRNTCEDPVNEVQKGDYVTN,0
P61014-36,PQQARQNLQNLFINFCLILICLLLICIIVML,1
Q3UGB5-85,SRPHTLDGRNIDPKPCTPRGMQPERTRPKEG,1
Q9VAC5-482,EESFCGNLRVEGDEQCDAGLLGTEDNDSCCD,0
O88441-246,ELSEKVKNYSNLLAFCRRIEQHYFEDWGKGR,1
Q62919-269,LNYAETRLGQLENCHCEKTCQVSGLLYRDQD,0
Q8LB02-198,DRAKLDGMYECILCACCSTSCPSYWWNPESY,0
P26231-116,GDLMKSAAGEFADDPCSSVKRGNMVRAARAL,1
Q4LDG0-389,GVTVILYVGEILRYLCNVPEQPEDKIHTVRL,1
Q9ERR1-273,DLLRKVGALESKLAACRNFAKDQASRKSYVP,1
F6Q3G7-183,EHLFRIRLVCTILDTCGQYFDRGSSKRKLDC,1
Q64541-923,GQQWTYEQRKVVEFTCQTAFFISIVIVQWAD,0
Q9C004-186,ASPRTLPSCWVCNQECLCSAQTLVNYGTCMC,0
Q91X72-255,NGTAHGNSTHPMHSRCSPDPGLTALLSDHRG,1
Q3SWW8-719,EADFDQDQVIDRIDVCPENAEVTLTDFRAYQ,0
Q8WYK1-674,GSMEQLEAVIDGSEHCEQEVAYHCRRSRLLN,0
O01737-1232,SGETHEQEEEFNPFMCDFTNDDPWAHNQQIV,0
Q61554-1612,FRPNPITVILEDIDECQELPGLCQGGKCINT,0
A3B6V0-18,SPNRHWPSMFRSNLACNIQQQQQPDMNGNGS,0
Q54TN4-309,CSNLNNDNNNNNNNNCTDNNSNNNNNNNNNN,0
Q704Y3-716,QRAITILDTEKSFLKCMRKAFRSGKLLQVGF,1
Q6PJF5-476,PSSIDLIHLGAKFSPCIRKDGQIEQLVLRER,1
Q8ND82-358,KQNNESWENHTTCQHCYRQYPTPFQLQCHIE,0
Q7KZF4-96,PAREFLRKKLIGKEVCFTIENKTPQGREYGM,1
Q6ZQ38-1134,IKMLTFLMLVRLSTLCPSAVLQRLDRLVEPL,1
Q77377-383,EVTHLHFNCHGEFFYCNTAKMFNYTFSCNGT,0
Q9CZ13-410,LRNALVSHLDGTTPVCEDIGRSLLTYGRRIP,1
A2ATU0-809,GDSSVDPKNVKTLIFCSGKHFYALLKQRESL,1
P53538-118,ESTKVFDFVFTCEERCFDAVCEDLMNRGGKL,0
P28665-1129,SSLPATHPVVSKALSCLESSWKTIEQERNAS,1
Q8R0G7-44,GPMGNPKSGELEVPDCEGLQRITGLSRGHST,1
P07724-99,ANCDKSLHTLFGDKLCAIPNLRENYGELADC,1
A2CEK3-119,LVIGQNGILSTPAVSCIIRKIKAIGGIILTA,1
Q96662-1512,TVCEARKWKGGNCPKCGRHGKPIICGMTLAD,0
Q6A0A9-917,TGPYRAFRVTAASGHCGAFSGSDSSRTSKSQ,1
H2AM12-745,CYSPRGVTHPGDYISCKSKMYKWPSLGVYKH,0
O15118-816,VRGAEDGTSVQASESCLFRFFKNSYSPLLLK,1
Q16658-121,EAHRRYFGGTEDRLSCFAQTVSPAEKWSVHI,1
Q62520-258,FFRYMRQQCIKQELICKWIDPEQLSNPKKSC,0
Q91VI7-33,LLPLIQQYEVVRLDDCGLTEVRCKDISSAVQ,1
P33981-465,ICKTPSSNTLDDYMSCFRTPVVKNDFPPACQ,0
Q8BTF7-485,YWGKGSRGGMMSHFLCAVAETPPPGDRPSVF,0
P35500-998,FTDFMHSFMIVFRVLCGEWIESMWDCMYVGD,0
O49213-160,TNEWYAIAKIAGIKTCQAYRIQHGWDAISGM,0
P34983-115,CMAQLYFFLTFGIAECYTLAAMAYDRYVAIC,0
P52480-358,AEGSDVANAVLDGADCIMLSGETAKGDYPLE,1
P52430-42,RLNAFREVTPVELPNCNLVKGIETGAEDLEI,1
P12268-95,IAMALTGGIGFIHHNCTPEFQANEVRKVKKY,0
Q8N1F7-392,RALRNNTDPYKRAVYCIIGRCDVTDNQSEVA,1
P54868-305,FTLDDLQYMIFHTPFCKMVQKSLARLMFNDF,1
O35678-201,RNKSEVDLYNSDPLVCRAGLKVCFGIQLLNA,1
Q58G01-95,VSGEHQWVFPENYNNCNSAFEFHNVWESQIS,0
Q8CI94-446,VIEEGDCKRINMAHLCVIGSHAVNGVARIHS,1
Q8IZJ1-403,VAILMAVGVVVYRRNCRDFDTDITDSSAALT,1
F4JAA5-665,LPVVVFCFSKNYCDRCADALTGTDLTSSSEK,0
A6ZQG3-34,FENDENTWMKKYCCQCKSCKMSVPVQPWLPR,0
P28665-680,GLTAFTNLMIKLPIICFDYGMVPISAPRVEF,1
Q6NSI8-196,SMDAQRWEEVDISVHCDVHIFNWLIKYIKRN,0
P60033-156,NNAKAVVKTFHETLDCCGSSTLTALTTSVLK,1
Q8VCB3-45,LFEVSWEVTNKVGGICTVIQTKAKTTADEWG,1
Q28634-10,******MVPAWLWLLCFSVPQALVEVSPTTL,0
O15162-186,EVITLERPLRCSSCCCPCCLQEIEIQAPPGV,1
P27960-571,WMNSTGFTKTCGAPPCRIRADFNASTDLLCP,0
Q61823-433,DVPHSYSVLERFVEECFQAGIISKQLRDLCP,1
Q6NZG4-151,VCGHDSDSSNFQQPCCKHRGEVRTLVASQII,0
Q6IQ32-696,ADTNQVLKQAKQWKTCPVCNELFPSNVYQVH,0
Q6NZD2-317,NESDIWFEEKLQEVECEEQRLRKLHAVVETL,1
Q8BGQ7-947,GGKDMSAQATGKNVGCLQEALQLATSFAQLR,1
Q8BNJ3-165,AKILGKVGESLSRICCVRPPVERFTFVDENA,1
Q99LJ5-38,TVPGLRALLPARAFLCSLKGRLLLAESGLSF,1
Q9JJY3-59,EKRQRADDPCCLQLFCTVLFTPVYLALLVAA,1
F7BWT7-171,GGEDYRDWSKNQYHDCSAPGPLACGVPYTCC,1
Q8WW24-216,MDWSDKMEAYNIDETCGRHHSQSTEVQAHPY,0
Q9QXY7-418,KSSEPVGRIDTDLKACTEQDVMPTTSKVIPE,1
E9Q236-19,VHTEVKPNPLQDANLCSRVFFWWLNPLFKTG,1
F7C0F2-87,GTLPSGVTEDDVALHCNSRRSPLVPGIITVI,1
Q75BI3-492,RARTMQSKDAKKVDGCCIFYKNSEFTAVFKD,0
Q8BW72-716,RTKPLIPEMCFTTTGCSTDINLSTPYLEEDG,0
P63261-17,EEEIAALVIDNGSGMCKAGFAGDDAPRAVFP,1
Q8BIV3-188,QDRHDLDIIKRLLDQCIQDQEHPAIRTLSAR,0
P0DJW5-249,MDSNRTATLRASFLKCPKK************,0
Q15366-109,SRPPVTLRLVVPASQCGSLIGKGGCKIKEIR,1
P33865-32,VCGCVEYDVDNNVQICTCANVSHINHTFWYY,0
Q6Q473-268,KENHNREAPTLHNKKCNYRSTWEVISTSEDF,0
P07602-42,RGSAVWCQNVKTASDCGAVKHCLQTVWNKPT,0
Q6ZNB6-376,CDQVCGKTLPCGNHTCEQVCHVGACGECPRS,1
Q5SQX6-334,IKTSAHYEENKSKWTCTQSSISPQYNICEQM,1
O88444-41,PGGRRGFRACGEEFACPELEALFRGYTLRLE,1
Q71RI9-417,MTKHKKLTAIPVSAFCDSKSKPHFEKLVRFC,1
Q9JM99-57,ATCNCDYNCQHYMECCPDFKRVCSPELSCKG,0
Q99K67-240,GNVSKGAQEVFNELPCEYVEPHELREVSKTG,1
Q6EE22-140,YKTGICIHETDSKGNCTKNGLHCAFAHGPHD,0
P09103-345,KPESDELTAEKITEFCHRFLEGKIKPHLMSQ,1
Q68Y81-414,RKQTEKVLRSKIRLGCMPEQLMQNAFQNHSM,0
Q91W43-265,ELKLPHEMDFSGKDVCGVLFQYPDTEGKVED,1
O14081-277,VYPTDTDFVGHYNHYCKNILWPTFHYQIPDN,0
P11716-1674,LQRFHSHTLRLYRAVCALGNNRVAHALCSHV,1
Q74ZY6-56,LNSDCKGYVCPYTNECSRGPEECSCPFPRSQ,0
Q9Z2Y0-85,HYNNTYLIYSKDPKHCQEFLGSSDVINWKQH,0
Q7TNS5-55,KSSPQPAAAAARNRDCFFRGPCMLCFIVHSP,1
Q6VNB8-2377,GSHLDKWMLEMTEGPCRMRKKMVRNDMFYNH,0
P40925-137,KSVKVIVVGNPANTNCLTASKSAPSIPKENF,1
B4QZV5-91,RKKRSFYTMTKPTPPCQSQEPEMCVLMASVT,0
O14594-1034,HGGTCNANGTMYGCSCDQGFAGENCEIDIDD,0
Q80X90-1280,HIKAQITNPSGASTECFVKDNADGTYQVEYT,1
Q8K377-463,VSWKCFPASLRQLRQCFVTQRRKQKQKQTMH,1
Q9DBW0-483,IGQKFAVMEEKTILACILRQFWVESNQKREE,1
P60882-1909,SIPRCKWCTNCPEGACIGRNGSCTSENDCRI,0
P09564-198,LAVISFLLGLGLGVACVLARTQIKKLCSWRD,1
Q7JM44-1456,GRGRGRYICDRCGIRCKKPSMLKKHIKSHTD,0
Q9DC50-107,DVRIPSQLNVNFVGPCPHFEHYWPAREGTQL,1
P62192-58,PDAASKLPLVTPHTQCRLKLLKLERIKDYLL,1
P05083-30,GSTDPIMEMLNSSIACDQRLSEVDIQGSMAY,0
O43707-793,DKDHGGALGPEEFKACLISLGYDVENDRQGE,1
P20918-586,PQVEPKKCPGRVVGGCVANPHSWPWQISLRT,1
Q3ZCQ8-249,ISCLNRDPARVVVVDCKKEAFRLQPYNGVAL,1
O08738-70,DNLTRRFSDLGFEVKCFNDLRAEELLLKIHE,1
Q8BNJ2-463,TFGPDSSHCPQLPPPCAALWCSGHLNGHAMC,0
Q6YCH2-56,TSLVFSLEDNDKMTWCLRVYPTGVDEKNKDY,0
P41216-626,SWAQKRGLQGSFEELCRNKDINKAILDDLLK,1
P36149-80,CRLIEDFLARTALPRCENLVKTSEVLSKCAF,1
A2ARV4-3603,RVLCEHHRCEANEWQCANKRCIPEYWQCDSV,0
Q39068-382,TCEFHCHYSEDQLMECSRKLVSLHQRAATGN,0
P11881-849,AQTMEFVEEYLRDVVCQRFPFSDKEKNKLTF,1
Q02004-612,QQTVNLMDQELHDLNCNFNLCPYCCNRMSDE,0
Q8BUM6-94,SFSQKSPQARALCRSCSHYEPPTFFLQEPED,1
O43683-427,THEFKPQSGAEIKEGCETHKVANTSSFHTTP,0
Q9BS86-320,GYGMNVQQHPKCPECCVICSPGSYNPRDGIH,0
P29122-961,VKSNRLCERKLFIQFCCRTCLLAG*******,0
Q61694-195,LHTCALRLPFIYGEECQVTSTTVKTALKNNS,1
Q08462-608,RATALPAFKYYVTCACLIFFCIFIVQILVLP,0
Q8R0Y6-238,WIRGNDKVPGAWTEACGQKLTFFNSTLNTSG,1
A3BXL8-1374,PRTRIPIWWRWYYWVCPVAWTLYGLVTSQFG,0
P18753-682,THTGEKPYSCSECGKCFTRSSDFNVHRRTHT,0
O95500-182,GFISSSLSLIGGTLLCLSCQDEAPYRPYQAP,1
Q9QY93-110,ELSDVLIYLVALAARCHVDLPQAVISKMDTN,1
P07724-148,NPSLPPFERPEAEAMCTSFKENPTTFMGHYL,1
Q96RT1-68,LDANQIEELPKQLFNCQSLHKLSLPDNDLTT,1
P0CW97-31,WSTGFCDCFSDCQNCCITWLCPCITFGQVAD,0
P38242-167,MCGSPHLFLLNGPGTCCIISFWLKIMELLLP,0
Q5DU02-76,CVCHVCGIHLNRLHSCLYCVFFGCFTKKHIH,0
P04746-156,FPAVPYSGWDFNDGKCKTGSGDIENYNDATQ,0
P22605-157,SIQKNMIYTCHRDKNCVINKVTRNRCQYCRL,0
Q9NRD9-1414,LKDLVFKSSVSCQVFCKKIYFIWVTRTQRQF,0
P34710-89,YCTVKEGPDGIIREQCDTCDARNHFQSHPAS,0
P82627-69,NTWDDIGDLCPTDCTCTPQPQNKRLCYCRYL,0
L7N244-70,HPREQKLEPLRGLMSCLSSGLRPAPQRSGRG,1
Q8R1B4-441,SENLHNFDQPLRVRGCILTLVERMDEEFTKI,1
Q8C729-57,YKVIQDSNNELLEPVCHQLFELYRSSEVRLK,1
Q6BET5-189,MGQPPQRVGCYINFNCQTSKVMFGCGHVYCE,0
Q29458-9,*******MWWLLVTVCFIHMSGNAFCFLGKI,0
G5E8R3-752,ILCIKDMAGLLKPAACTMLVSSLRDRFPDLP,1
Q8BHY3-370,YGCATVDENIPSMEMCDQRYNITMCPLCDKT,0
O75445-2585,LHGRLYLRTPGNVTNCTVMHLHPYTAYKFQV,0
P80315-410,KLVIEEAERSIHDALCVIRCLVKKRALIAGG,1
Q10185-156,TMFPMLNVVPSITFFCSLVCLLAEIYVPPAN,0
B0YIW6-50,LNSFSQPQVLLAAAVCTKAGKAIVSRQFVEM,1
P51863-197,RNTLYKAYLESFYKFCTLLGGTTADAMCPIL,1
Q68SA9-1487,FHCQPGPTKPPNRQLCGTQPCLPWYTSSWRE,0
Q9Z148-990,ICRDVARGYENVPIPCVNGVDGEPCPEDYKY,0
O15072-904,NKKPKPIRRMCNIQECTHPLWVAEEWEHCTK,0
P28883-185,TKTHWCYTHNVILNGCQDHVSSNQFVSMGII,0
P63000-178,RGLKTVFDEAIRAVLCPPPVKKRKRKCLLL*,1
P04015-124,CFKKQGNTVEVKFDGCEDNVMEYVVWTHIYL,0
Q6GPM1-567,VRNDEGKVIRFHCKLCECSFNDPNAKEMHLK,0
P47738-388,LGYIKSGQQEGAKLLCGGGAAADRGYFIQPT,1
F7BWT7-185,DCSAPGPLACGVPYTCCIRNTTDVVNTMCGY,1
D0EZM8-116,CDIIVQSELGEKNLHCHIIVGGEGLSKRNAK,0
P35282-175,SAKQNKGIEELFLDLCKRMIETAQVDERAKG,1
P29812-95,QDDREQWPRKFFNRTCKCTGNFAGYNCGGCK,0
Q0DKF0-23,CYRQIKNKPYPKSRYCRGVPDPKIRIYDVGM,0
Q54TC3-150,GEECVVSIITPTPSSCPWSMSNEKKKRKFEK,0
Q9DCM2-176,TQQVKNKLIENTDAACKYGAFGLPTTVAHVD,1
Q8VCH7-320,FEAVVCMYRFLGADKCMYPFIAQRKQATNNN,0
Q7Z434-508,PRPQADRKFQEREVPCHRPSPGALWLQVAVT,1
P11716-3635,WHKLLSKQRRRAVVACFRMTPLYNLPTHRAC,1
Q8LDW9-234,QIDACEIPTTTDLSKCNGDQKFWWDEPTVSE,0
Q9DCP2-369,LHTYSKVDPFDVLILCVRVAVLIAVTLTVPI,1
P29724-21,VRAFAGVFCAMLLIGCSKSDRPQMGNAGGAE,1
H3BN76-30,FSCPAAGQGKLAGGFCPMQRFLERGGAGCRA,1
A1L1H3-575,LEDMMIEMRHCYSNECVSERYIVPDNCISVG,0
O74823-271,DPRRIPACRYFLLGKCNNPNCRYVHIHYSEN,0
P09612-254,MYGVIYNKSCKKCKLCGLVYHPFTECGTHCV,0
Q9R0N7-38,IITVSLSVTIVLCGLCHWCQRKLGKRYKNSL,1
Q91W98-30,AVSAASAVFAGRRAACGAVLLAELLERAAFY,1
Q9WVL4-207,DFRVLGKGGFGEVSACQMKATGKMYACKKLN,0
Q92372-498,NKKVFDQGGSWRCEKCNKEYDAPQYRYIITI,0
Q9SH66-35,TVISARKPSKSQPKPCKNFVLYYHDIMFGVD,0
P49327-1141,GCLSERAALQEELQLCKGLVQALQTKVTQQG,1
Q6ZWR4-235,ELTEVITAAEFHPHHCNTFVYSSSKGTIRLC,0
E1B7Q7-1538,MTGNIPTWLTELGKTCPFFFPFDTRQMLFYV,0
P49068-59,CAQGCICKGASDKCSCCA*************,0
Q5SXR6-782,LKEAKLTDQLPLIIVCDRFDFVHDLVLYLYR,1
Q6P3A8-175,NEAAKYRYRSGDLFNCGSLTIRAPWGCVGHG,1
Q679P3-329,ALKMTWHVQCFTCAACKTPIRNRAFYMEEGQ,0
P0C748-52,WSFGEGTICSFHRIRCRVQCGRSFWHQPETP,0
Q7SYR1-145,YVSGGNTQVIAYSERCYRIFGETIDIAVGNC,0
Q9SV02-303,YKENCATDTPKMEVDCIALSMKIDDDIKKMN,0
O00299-191,ADCNLLPKLHIVQVVCKKYRGFTIPEAFRGV,1
O13803-476,NMKSAKIDATYGCDACNIHTRMSTQIVYFKG,0
Q9HB09-254,VRLSSDSFARLVELFCSRDDSSRPSRACPGP,1
Q9Y219-74,AGGCGHDECDTYVRVCLKEYQAKVTPTGPCS,0
Q9LT81-290,CMKFDITGQCPFGDKCHFAHGQAELHNSVGR,0
Q8BHJ6-359,SRYGAPELEVARCCFCFGPDGEDTEEQQNVK,1
Q91VI7-80,DGGVGLVLQGLQNPTCKIQKLSLQNCGLTEA,1
Q7Z4G4-398,EEMVPWHPCLELVSNCEQKLSSHTSRRLITM,0
Q2KIY6-198,VTPPDYQPPGFKDGDCEGVIFEGEPMYLNVG,0
Q288C4-456,SGDCLAFIHTCIQEFCAAMFYMFTRPKDPPH,0
Q80T14-427,CPDCTPVHCHPDCLTCSHSPDHCDLCQDPTK,0
F8VPN4-172,MIHFTPLQTLGLSRSCYSLADQLELNPDFSR,1
Q6DCD7-489,TATTSKKKKRKRNNPC***************,0
P0C6H9-23,LIISCSCPTVQASKLCLGWL***********,0
Q6IF00-170,LDGFMLTPVTMSFPFCRSREINHFFCEIPAV,0
B6ZI38-304,REHLCKPHNRGLNNKCYDDCMCTEGLRCYAK,0
P15800-555,ATGQCPCRPHMIGRRCEQVQPGYFRPFLDHL,0
P43883-300,EWKRSIGYDDTDESHCVEHIESRTLAIARNL,1
Q9QYS2-534,KNMQPGDVCCWICIPCEPYEYLVDEFTCMDC,0
Q9SFX0-3,*************MRCFSCLNTQTNDMRINI,0
Q9EQC1-279,PYKSYEDFNMEFLSPCGLRLIGAHPLLPYWL,1
P51881-257,SGRKGTDIMYTGTLDCWRKIARDEGSKAFFK,1
Q16549-673,YTITPNTLKTLVLVGCFTVFWTVYYMLEVYL,1
P11714-446,VKPEAFMPFSAGRRSCLGEALARMELFLFFT,1
Q96NC0-85,KTTPQSEMGGYYCNVCDCVVKDSINFLDHIN,0
P09411-99,ELKSLLGKDVLFLKDCVGPEVENACANPAAG,1
Q8TCE9-67,FQFRLHFGHPAIMNSCVFGIWRYEEKCYYLP,0
P49368-398,ILSEVERNLQDAMQVCRNVLLDPQLVPGGGA,1
Q9QXD6-282,ANKKSPSGKLRLLYECNPIAYVMEKAGGLAT,1
H7BWY6-222,SPETRRLVRQRQEELCLERQYRWIEHNGYCQ,1
Q61205-206,MYDYLHLSRLGYTPVCRALHSLLLRLLAQDQ,1
P11716-36,VLQCSATVLKEQLKLCLAAEGFGNRLCFLEP,1
P58107-2225,LMEDDRVKRYLEGTSCIAGVLVPAKDQPGRQ,1
P53396-633,VTIIGPATVGGIKPGCFKIGNTGGMLDNILA,1
O35969-169,NHAFRLLKTGGVLTYCNLTSWGELMKSKYTD,1
Q80YC5-161,ENELWFRTGPGGVARCECKGSEAHCKPVASQ,0
Q9Y2Z4-78,ELFDRGTASFPQTIYCGFDPTADSLHVGHLL,0
B3LNB2-914,ADIGWKLMDDSELGCCCCFFN**********,0
Q8R0I4-168,LLYSFFLGCFGVDRFCLGHTGTAVGKLLTLG,1
P97328-47,CLSQRWQRGGNASNSCTVLSLLGARCAFMGS,1
P13051-141,TVYPPPHQVFTWTQMCDIKDVKVVILGQDPY,0
Q9WTR8-1691,QAQAQRPFQMDHLPDCYDTPL**********,0
Q5SSE9-2882,HWQEVPQAEQSVFEMCQVFQQLQKPMKTVKM,0
Q29461-243,QWQVHGIVSFGSSLGCNYYRKPSVFTRVSNY,0
B9VTT2-1067,RGHMPEWYTKSFGHLCAAEVVKIRDSFSNQN,0
Q9R0Y8-406,NSISLPQGEDDYGYQCLEGKDCTSFFCCFDD,1
P04637-275,SSGNLLGRNSFEVRVCACPGRDRRTEEENLR,1
P0DOT2-334,MHSIVGVNHSNTFVNCLLEDNV*********,0
Q9R059-263,FEDRHWHHSCFSCARCSTSLVGQGFVPDGDQ,0
Q03555-4-212,PTTSPHKQTEDKGVQCEEEEEEKKDSGVAST,1
Q9WVL0-165,AGKYCVGDEVSMADVCLVPQVANAERFKVDL,1
Q15910-289,REQSLHSFHTLFCRRCFKYDCFLHPFHATPN,0
Q6SZ87-709,YSLPRKFAQIFGCRCC***************,0
A8MSA6-41,KVKEIGRSNKIYIPPCFRDSCDHVLKKDCYC,0
Q7Z5G4-69,YAEAEKLGGQSYLEGCLACLTAYTIFLCMET,1
Q7Z7M0-1224,RPCQCNGHGDPRRGHCDNLSGLCFCQDHTEG,0
O83983-8,********MDAHAITCASWNMLKAQLEAGAI,0
Q3V3R4-813,HGHIPFAKDCGNKERCVSDLTLDVSTTEKNL,1
O88844-245,IYDKKYKSQFEAQKICYEHRLIDDMVAQAMK,1
Q91X34-372,YPGAGHLIEPPYTPLCQASRMPILIPSLSWG,1
Q8CIE6-580,DLPIYVTRVKGNNVYCLDRECRPRVLTIDPT,1
G5EDW5-518,ENCYRKNTEGTFHGNCGTNAHTKEIKKCETE,0
Q4KRV1-206,WQKRRYNELLFIIDTCQGASMYERFYSPNIM,0
Q23985-577,PAISLSRCQHLMHLQCLNGMIIAQQNEMNKN,0
Q9D485-29,NIGKERFHKSQHWGFCNNVRMLVSENKPGVG,0
Q00174-571,QSGQCICREGFGGPRCDQCLPGFYNYPDCKP,0
Q80915-365,FKLADMVQWAYDNDFCEESEIAFEYAQRADI,0
A1Z7A6-442,KTVIRYVQLLPGNDRCCDCGSRNDVTWISLN,0
P13639-693,SVVAGFQWATKEGALCEENMRGVRFDVHDVT,1
P15941-1186,VALAIVYLIALAVCQCRRKNYGQLDIFPARD,1
Q497N7-107,WRRRIINNISGNWKKCHLWQKSTYEPPMGTI,0
A0A8M9PQ61-180,ISFLYIALGDDGLEECGQHISSTQAFQKNIQ,0
P48960-76,TCDDINECATPSKVSCGKFSDCWNTEGSYDC,1
O55222-346,MTARISMADVKFSFQCPGRMYAPAWVAPEAL,1
P28474-240,NKDKFAKAKEFGASECISPQDFSKSIQEVLV,1
Q1LY84-51,ICATHSHGKCFKLHWCCHLGWCHCKYVYQPM,0
Q4JL76-155,MIIGIEEQELHGGSGCITSIMKSTPVDMDGY,0
Q0VDD8-1664,WLLKTSKIISQSGVDCLEFMIKNSVTDGLQF,0
Q4G1C9-223,FCTRCGRRDKCTDFLCSNADRDQATYYRFWY,0
Q14966-555,RSPYRIRNPFRGSPKCFRSVSPERMSRRSVR,0
Q6NZJ6-666,TPLRQLDPSRLPGINCGPDFTPSFANLGRPA,1
Q6PA06-402,VAGARDVYCKSMEQVCGGDKPYIAPSDLERK,1
P15120-379,WETDACKGDSGGPMVCEHNGRMTLYGIVSWG,0
Q8IUA0-95,FFACQKKCMDPFQEPCMLPVRHGNCNHEAQR,0
Q54IZ9-1560,LMISSDRFTVYACKNCGFLGYEGYCQYCKSS,0
Q60866-196,RKILEATAHAQAQLGCPVIIHPGRNPGAPFQ,1
Q8BKC5-266,LRPHLEATLQLSLKLCGDTNLNNMQRQLALE,1
Q9CZ13-453,AQMLRDICSKYFYDQCPAVAGYGPIEQLPDY,1
P0C6X0-4598,GKWYDFGDYVIAAPGCGVAIADSYYSYMMPM,0
P52189-50,LSNKSQRYMADIFTTCVDTRWRYMLMIFSAA,1
Q8V4S4-470,ETTSTYVCAIKVERCCCAVFADWPESWYMDT,0
Q9QYP2-1044,TNSYCSNDWDSYSCSCDPGYYGDNCTNVCDL,0
Q922Q1-211,PSESYLQNYEVAYPDCSPVHLISEASLVDLN,1
P11716-1040,RLLDEATKRSNRDSLCQAVRTLLGYGYNIEP,1
P62888-52,MIRQGKAKLVILANNCPALRKSEIEYYAMLA,1
P24062-205,PMCEKTTINNEYNYRCWTTNRCQKMCPSVCG,0
Q9D8N0-266,EKKAAAPAPEEEMDECEQALAAEPKAKDPFA,1
Q757S0-39,FMRLYSNLVERCFSDCVNDFTSSKLTSKEQT,0
Q01705-612,GHHCETNINECHSQPCRHGGTCQDRDNSYLC,0
Q8AYM8-187,LFGWSRYIPEGMQTSCGPDYYTLNPEFNNES,0
Q9H9Y6-689,IPFSDHNQSPRNMYQCQMGKQTMGFPLLTYQ,0
Q92542-689,TVGFGILIFSLIVTYCINAKADVLFIAPREP,1
Q62452-122,LTGSARGFFELTFSHCRSLFNDKKLVEYLKQ,1
B2RX12-702,KGSVAYVPQQAWIQNCTLQENVLFGQPMNPK,1
Q54ND5-310,IWLPTSNVISDIFEACAYEISINNISDHWCS,0
O70503-38,ALRASYSLFRAFQVWCVGNEALVGPRLGEWA,1
P09732-190,PVLSAGNDPEDIDCWCDVEEVWVHYGRCTRM,0
Q9DC50-228,TPPELLRQLTYIHKKCSNEPVGPSIAALTSE,1
Q9WUA2-76,VLYKIDVPANRYDLLCLEGLARGLQVFKERI,1
O89112-183,NFGEEKIPQSHIQQICENILTSGENLSRKRN,1
Q60597-566,NQPEYEEEISKYDKICEEAFTRSKDEKILHI,1
P07947-42,TSVSHYGAEPTTVSPCPSSSAKGTAVNFSSL,1
P11976-321,DKCTQSGGVTHTPIACDDKNACTVDSCSNST,0
Q921I1-543,PNNKEEYNGYTGAFRCLVEKGDVAFVKHQTV,1
P80318-173,SSITTKVISRWSSLACNIALDAVKTVQFEEN,1
Q9EPN1-228,MPQRHGPDTFFNFPGCSAAAIALPPIAKWPY,0
Q9QXG4-146,GETTKITYRELLVQVCQFSNVLRKQGIQKGD,1
Q01279-219,EENCQKLTKIICAQQCSHRCRGRSPSDCCHN,0
P61026-24,LFKLLLIGDSGVGKTCVLFRFSDDAFNTTFI,1
P97872-21,IAVIGAGASGLTCIKCCLEEGLEPVCFERSG,1
Q9NX47-35,TDEDDRTAEWVRPCRCRGSTKWVHQACLQRW,0
O09158-98,AIMDPEIIKIVLVKECYSVFTNRRFFGPVGF,1
D3YZZ5-151,PSENRVSALTQMESACVSIHEALKSVIDYQT,1
Q95M12-378,VDRLLSQRAPLTEHACYQTAVSHFRSHCFNW,0
P46406-150,HEKYDNSLKIVSNASCTTNCLAPLAKVIHDH,1
Q14344-18,DFLPSRSVLSVCFPGCLLTSGEAEQQRKSKE,1
P0C6V4-1968,YTNSGYNFCKRHNWYCRNCDDYGHQNTFMSP,0
Q9GL30-471,YKQDPYSKGDPCNTVCCREDLNSHSPSPGGC,0
P15783-28,PPDYTAVPGGRLLIPCCPVNIKRLLIVVVVV,1
G3X973-1874,YGIDQLLEPPDLGARCDRFEPQPLQMKTCSI,1
Q96Q42-232,VQCLPSQDLKPVPERCNQCSQLLITMTDKED,0
P34343-927,EMKHRKRIPTEILKICFGNDLDAMMSVEDML,0
Q14195-448,IFEGMELRGAPLVVICQGKIMLEDGNLHVTQ,1
D3YUM1-133,DREIMRHDPHKLVEGCLVGGRAMGARAAYIY,1
Q9CQB5-92,KENPKVVNEINIEDLCLTKAAYCRCWRSKTF,1
P19096-1354,VHTVLKGHALGETLACLPSEVQPAPSLLSQE,1
D3Z7P4-105,VDGQRHSIGDTKVPFCLQSCVKPLKYAIAVN,1
Q9YLJ1-920,STTTAQGCDTIARCHCTTGVYFCSSRNRHYP,0
D3YW54-34,RSVVRRIGTNLPLKPCPRASFETLPNISDLC,1
P60468-39,ARAAGSTVRQRKNASCGTRSAGRTTSAGTGG,1
Q9WVH8-131,GYQMDEGNQCVDVDECATDSHQCNPTQICIN,0
Q03734-259,MKFLTTRHFRDEELSCSVLELKYTGNASALF,1
P10041-544,DIDECSSGPCHNGGTCMNRVNSFECVCANGF,0
Q13643-191,YRDQPWHRECLVCTGCQTPLAGQQFTSRDED,0
Q98T89-186,VYFDDCMSIHQCKISCESMGASKYRWFHNAC,0
P27545-37,MLQRSWASALAAAQGCGDCGWGLARRGLAEH,1
Q9UPU3-754,SVVSEPCVCANWDFECDYGYERHGESQCVPA,0
Q5U4W6-659,RTGEPNMQGVPKRRRCMSPLLHSRPQSPSVI,0
Q90WY4-340,FPFFFTYTFTAFCDCCVPETLFKFFFWFGYC,0
Q6RYS9-193,PYFNMISSIFSFFIPCIAMIILYTIIFRRLR,0
Q9P266-1151,DVPRVSTDAFYGRRKCGWTKSPLFVGDRDSA,0
P10518-203,GNRVSVMSYSAKFASCFYGPFRDAAQSSPAF,1
Q8VCY8-116,SSSPVSGESTIVSGACCRFSPPLRRLVRFLG,1
P50516-240,HPLLTGQRVLDALFPCVQGGTTAIPGAFGCG,1
P22363-297,KLSKIMQDDLNRYTSC***************,0
Q8CHC4-1051,SGLGTSPSSSPRTSPCQSPTVPEYSAPSLPI,1
Q9J6K9-495,IAATWIVHAASADRHCACAPRCDVPRERPSA,0
Q9GTN7-870,QSQMCEFDNGIGTQYCKDDNRFSKCVVYECN,0
Q1LUT1-351,EWQPHNGQPLSCLLFCDNHKKQDPDVPFWRF,0
Q9NWF9-703,CNRMSCRCGAQMCYLCRVSINGYDHFCQHPR,0
O88703-82,SACTPGAAKGGANGECGRGEPQCSPEGPARG,1
Q8K441-1281,LSTPNLDEKPVIIASCLHKEYAGQKKHCCSR,1
Q13137-425,LEQQQMQPLCFNCPICDKIFPATEKQIFEDH,0
O57254-76,CETDKWKYENPCKKMCTVSDYISELYNKPLY,0
F8VPN4-126,PILRIGVDNHVLPLDCVTLQTFLAKCLGPFD,1
Q05816-67,ITVKTESTVKTTVFSCNLGEKFDETTADGRK,1
Q9CW42-164,LLQCRVHGLEIQGRDCGEDAAQWVSSFLKMQ,1
A8MRC8-78,KLFTRGECRDEGCWCCPSFDIGESCQGFKFN,0
Q759V4-759,CNVDYVRPKFNTAPQCINVINGRNPIIESLD,0
Q9D8W7-46,KLHIHRGEIAKIIRECQEESFWKRALPFSLI,1
Q8TAU3-354,LIQHQQGHTGERAYHCGECGKSFRQKFCFIN,1
Q13232-158,ARREIALWFRADELLCWEDSAGHWLYE****,0
E9Q8J6-97,SSGPATTTCRGRRRHCCSSAEAETQTSYTSV,1
Q9QY06-536,IFGFEDFERNSFEQFCINYANEQLQYYFTQH,0
P27285-902,FGGVYPFMWGGAQCFCDSENSQMSEAYVELS,0
Q13433-719,DMVPEMLHNDASDHGCSRWGYFFLQNAGMLL,1
Q19319-3983,DLEPCASSPCPTGIQCIPFYNDYLCKCPNGF,0
Q810N5-55,TMKTQILPMNLNEESCIKDFFEQMIRNFKEM,0
P53348-69,HHWFPEKPCKGSGYRCIRINHKMDPLIGQAA,0
Q60930-228,DFDTSVNLAWTSGTNCTRFGIAAKYQLDPTA,1
G5EGQ2-341,KHHRQIHMSGHVCVLCNHQMPKTVTVQEHME,0
Q96L73-1583,LECLGLTEMPRGKFICNECRTGIHTCFVCKQ,0
Q8N1T3-291,VLHLGNIGFEEDDQGCATIPDTHEIKWIAKL,0
Q8VHL0-20,PTMVKVDRGENQILSCRGRRCGFKVLGYVTG,1
P97946-278,CGPHMTFDEDRCECVCKAPCPGDLIQHPENC,0
P61514-42,KKIEISQHAKYTCSFCGKTKMKRRAVGIWHC,1
P14198-96,DINNCLATFEQVQNNCFETCDFKATEREHYF,0
P0C6U0-1179,DAMFFYGDVVSHVCKCGESMVLIDVDVPFTA,0
P48509-184,WIRSQEAGGRVVPDSCCKTVVALCGQRDHAS,1
O73606-99,GKLKSCNNYDEIMNICDDYDVSCNEFFFDRN,0
D3ZHH1-240,SGCHEQNGYCSKPDECNCRPGWQGPLCNECI,0
Q8BWT1-128,VVLCGGTESMSQSPYCVRNVRFGTKFGLDLK,1
S4R2F3-1385,SRDVEVLEGKPIYVDCFGNLVPLTKSGQHHI,1
Q68D91-254,RLFRLASNYISKAGICHKVSTFAMRSLASLA,1
Q9D0G0-143,PPSLDLAALRAAVCDCILQEQVYVRRRRPRS,1
P31596-38,LSSEEPKHRNLGMRMCDKLGKNLLLSLTVFG,1
P63244-182,SCGWDKLVKVWNLANCKLKTNHIGHTGYLNT,1
A0A7H0DN52-356,RVKDDGEWSLMCPDECPGLDNVWGDEFERLY,0
F4IAT2-1027,LKINMEFLQRCIFPRCTFSMADSVYCAMFVN,0
Q8BWN8-303,GILDIVDIRNDAVGGCENPSMIPIEKAKGPI,1
P05064-339,AQEEYIKRALANSLACQGKYTPSGQSGAAAS,1
A8MXZ3-205,CCQPTCGGSSCCSQTCNESSYCLPCCRPTCC,0
Q8BWF0-81,VYDPASGAKLGTVADCGVPEARAAVRAAYDA,1
Q55B06-658,NYQAYEPWSASRILWCVCFVLSTLYMYCWDV,0
Q5F3X4-468,YTGGVDSDLGEAMSECDPDGPLMCHTTKMYS,0
Q99K95-51,YCTLSQEILRRPIVACELGRLYNKDAVIEFL,1
Q8CGC7-1076,KDFFDAEIKKLGVENCYFPIFVSQAALEKEK,1
P98170-203,GLYYTGIGDQVQCFCCGGKLKNWEPCDRAWS,0
O00592-344,KTPSPTVAHESNWAKCEDLETQTQSEKQLVL,1
Q6Q2J0-323,MYYKEAFWKKKNYCGCMIIEDEEAPISITLD,0
Q3E735-45,HQKYHTTLNYVWYPTCSKRIWVREKGRKCSF,0
Q9JGL0-416,MEDEKPLGTRERTLTCCCLWAFKSHKIHTMY,0
Q01459-201,NIDRRCYNYTGIADACDFLFVMSYDEQSQIW,0
P00338-131,IFKFIIPNVVKYSPNCKLLIVSNPVDILTYV,1
Q2QMH1-132,LDYLHANHILHRDVKCSNIFIARDQSIRLGD,0
Q9EQH2-432,QIREMFDDVSYEKGACILNMLRDYLSADTFK,1
P33418-845,GFLSQLIHMFHTDTDCYQLFNQLLTPLINKV,0
P07224-256,CDDVDECAENLCAQLCVNYPGGYSCYCDGKK,0
Q64739-1733,LGAPTRRGGVLLGPVCFMG************,0
Q8VCM4-337,EIGEKLNSSFIGSKFCPVETTLLTNVLLRTC,1
P28271-50,LPFSIRVLLEAAVRNCDEFLVKKNDIENILN,1
Q9CPW0-563,TIDMCAIIDRCVPNHCEHGGKCSQTWDSFKC,0
H3BJZ7-1012,SPPRASQVVKDCVKACLNSTYEYIFNNCHEL,1
Q8VC82-115,VYKRFVRYVAYEILPCEVDRRWYFYRHRTCP,1
E7F4V8-272,EWPTMPHSIGCKHVFCYYCVKSNVIADIYFT,0
Q4V7A6-438,KTYPWQCMECKTCIICGQPHHEEEMMFCDVC,0
A0A023PZE4-8,********MSNFLFPCNSTFFSALVSNSSRP,0
Q9WUA2-195,DIKFKPLNKTKEYTACELMNIYKTDNHLKHY,1
P60033-80,LIAVGAVMMFVGFLGCYGAIQESQCLLGTFF,1
P43146-1121,VGVITVLVVVIVAVICTRRSSAQQRKKRATH,1
Q90827-510,ENALCFNTVGGHNCVCKLGYTGNGTVCKAFC,0
O88736-106,AGILPNPQFNLKAFFCGIFSRNVIHMFTTAE,1
Q9LU41-625,VFIHWKGAAEIVLACCTQYMDSNGTLQSIES,0
Q96FT7-281,QLGFGVSPGFQTFVSCQEQRLTYLPQPWGNC,0
A0JMY5-182,IASVKRNQAVWSCSGCFCIFHMPCIQKWAKD,0
Q8C196-644,WKEIEYEVVRDADDNCVTVCNMENVDAMGVH,1
Q64516-67,WVEQDPKEILQSVYECIEKTCEKLGQLNIDI,1
Q8NCR0-30,AALHLWLRLRSPPPACASGAGPADQLALFPQ,1
Q8K0W3-239,TAPSGGQWGGESEGSCYQTFRQYCGAACTCH,1
Q148V8-782,VAPGGAGTERRSLESCLLDLRDSFAQQLHQE,1
F4I116-36,VRKWWEDEDVFRAESCENLPKPGEKFFSTFP,0
P04899-66,KQMKIIHEDGYSEEECRQYRAVVYSNTIQSI,1
Q5PQQ8-202,DDETEEICGGHGKCYCGNCYCEAGWHGDKCE,0
Q1RKN3-1565,CVRSFLASEMDGECVCCASFANCVYCSRCSD,0
P55072-522,GMTPSKGVLFYGPPGCGKTLLAKAIANECQA,1
P55270-426,GCAYIFYPRPDGVEFCDYRKHNSWGYCYYKL,0
Q9UM47-933,GFHCEQDLPDCSPSSCFNGGTCVDGVNSFSC,0
Q8W4K1-994,KWYAPRIRHLVADVRCR**************,0
Q9JMH7-130,CQIVWGKNAARLCFLCSEDAGCSWGEVKDLT,1
P41091-269,PRLIVIRSFDVNKPGCEVDDLKGGVAGGSIL,1
F8WI14-444,TLDLSRVTPNLMGQLCGSGRVLSKHKQIPGL,1
P35440-421,GTQMRGRSCDVTRSACTGPHIQTRMCSFKKC,0
Q6AXX9-231,AGRTLTDRYNAYEINCITEVKPYFTDALHSW,0
P08865-163,CNTDSPLRYVDIAIPCNNKGAHSVGLMWWML,1
O61307-621,EEVDCPHPNCSGHGFCADGTCICKKGWKGPD,0
Q8TCN5-250,GRRKWYAYEQYGMYRCLFCSYTCGQQRMLKT,0
P11940-128,KALYDTFSAFGNILSCKVVCDENGSKGYGFV,1
P09528-103,KPDRDDWESGLNAMECALHLEKSVNQSLLEL,1
Q21629-396,AVGGIHNKCIKRSKVCDGIFDCEDGADEKKC,0
Q64458-226,PWLQVCNSFPSLIDYCPGSHHKIVKNFNYLK,1
Q6ZWZ6-50,IREAAKALDKRQAHLCVLASNCDEPMYVKLV,1
Q1ZXB0-142,TIGVMCMSFGVCLAMCSDMWNFGSNFTEKSI,0
O95867-25,SVLLCWVSADIRCHSCYKVPVLGCVDRQSCR,0
Q5SRY7-16,MEPDSVIEDKTIELMCSVPRSLWLGCANLVE,1
Q14644-453,FHAITESGVSCPTVMCDIFFSLREAAAKRFQ,0
Q08682-23,SSAQLSQKEADVRMMCAAEVHLGTKNCNYQM,0
Q9QYB1-35,ELFVKAGSDGESIGNCPFSQRLFMILWLKGV,1
Q9UTE6-28,HEFCSYRIKGEAQNFCRNEYNVTGLCNRQSC,0
Q9LK76-372,QPQPQTQTQQQKRSPCSYDHQFRQNETDFRF,0
P00511-170,YLNIVGLVGSIDNDFCGTDMTIGTDSALHRI,1
Q25C79-3,*************MACGATLKRTLDFDPLLS,0
Q9C0A0-722,ETQTYWGGSSPDLQKCTCGLEGNCIDSQYYC,0
Q9H5V7-399,GCHGYENPFQCNICGCKCKNKYDFACHFARG,0
A2A3W1-70,SLPDQLVNKSVSQGFCFNILCVGETGLGKST,1
P49795-44,ASPAAPSRNPCCLCWCCCCSCSWNQERRRAW,1
Q8VCW8-555,VVGVKDERMGEEICACIRLKSGETTTAEEIK,1
Q9NQX1-463,NVHVQVVHERHKKYRCELCNKAFVTPSVLRS,1
Q9LFA2-728,NTSNCIQPFCITEPSCQVSCFSPRLSSNQQQ,0
P63017-603,EKEEFEHQQKELEKVCNPIITKLYQSAGGMP,1
Q8VCZ9-323,LDKERSMTQLQGKEDCTQPDYEATSRSYSRC,1
Q54UC4-26,LCNDQREYSQDYFQGCFSNFHNNNNNNNNNN,0
P62855-74,FDAYVLPKLYVKLHYCVSCAIHSKVVRNRSR,1
Q9Z0H8-133,VGKNDGAVGGVRYFECPALQGIFTRPSKLTR,1
Q80TL1-911,KEFYTESDVNKEGLECLRLLNEIIADFDDLL,1
Q9UBP0-220,SKSQTDVYNDSTNLACRNGHLQSESGAVPKR,0
Q91ZE0-51,SSSIHWCHTTSKSVNCTWHQHEDHLELQYAG,0
G5E8B9-799,KHLGVKPFQCQFCDKCYSWKKDWYSHVKSHS,0
Q3V3R4-82,PLVGQPKARTGDVYKCPVGRERSMPCVKLDL,1
Q9D2P8-65,GCFYQKKEEDWICCACQKTSRRATSPQRPKH,1
Q9XEE6-274,PCPEFRKGSCPKGDSCEYAHGVFESWLHPAQ,0
G3X973-72,PWGWSRNFPEKILLDCRYELQLRGAAISLSG,1
Q18990-1691,PEDRQALWDNMEYIDCFATDHAPHTWAEKTG,0
Q91VI7-329,WIKTCSLTAASCPYFCSVLTKSRSLLELQMS,1
Q08AN1-523,LAVHRRIHTGEKPYKCKECGKVFSDRSAFAR,1
Q8VE09-460,LASIEVLYLWKALPNCSFPNLQRMSQACHEV,1
Q15637-282,SSETRSITNTTVCTKCGGAGHIASDCKFQRP,1
Q60614-311,DFRYSFHKIISRYVLCQAETKGGSGQAGAQS,1
Q60759-289,ENVLPNVSSLAGPFGCLNTARYGITWGVLGA,1
P16331-357,AYGAGLLSSFGELQYCLSDKPKLLPLELEKT,1
H0YIS7-37,FIAAGLYLLLGGFSFCQVRLNKRKEYMVGEI,1
Q9H6R7-507,GRTLIKEIQSPLSSICDGSIALDAEPVTQPA,1
Q14BI2-618,RELCYILLGGVFLCYCMTFIFIAKPSTAVCT,0
E9Q5S3-258,PPPDAQPSPPPAPPSCWGCWPKGHGEAMPLH,1
Q8IYH5-853,CQDCPPEMSLDFCDSCSDCLHETDIHKEDHQ,0
Q9PTP2-59,QHLKHKEDFNREAEGCVAHDSRFSRWGRSLN,0
Q96GX5-385,SPIHNSSALPTTGRSCVNLAKKCFSGEVSWE,0
Q9UQP3-219,ENCSGHGECVRGVCQCHEDFMSEDCSEKRCP,0
O15394-740,FIRQCGLLMCITRRMCGKKSGSSGKSKELEE,1
Q28660-635,NCNNQGICNSLQHCHCNPTFLPPNCSAVDER,0
Q9GZU1-53,EEDLRRRLKYFFMSPCDKFRAKGRKPCKLML,1
Q9D8W7-27,KSPHLPPLSKQSLLFCPKSKLHIHRGEIAKI,1
Q9Z1L1-186,GSALVLLGGALLSCSCPGSESKAAYRAPRSY,1
P19096-1397,LVGLKRSFYGTALFLCRRAIPQEKPIFLSVE,1
Q9P7Q7-752,GSGKLTWVNRKTLLYCGLNMNEQIELQFSRI,0
Q8JZU2-70,LDERANPPRYRGIGDCVRQTVRSHGVLGLYR,1
E9Q7Y2-43,TTLDGGGARRSVIGGCTQLLTHYYDDARTMY,1
Q9Y5I2-739,APTEGACGPVKPTLVCSSAVGSWSYSQQRRQ,0
Q8BP67-36,YARTDGKVFQFLNAKCESAFLSKRNPRQINW,1
P54868-96,AGKYTVGLGQTRMGFCSVQEDINSLCLTVVQ,1
P01027-873,EELKVRVELLHNPAFCSMATAKNRYFQTIKI,1
Q9R0P3-243,FLSNGQLLPDNFIAACTEKKIPVVFRLQEGY,1
B1AYL1-323,CGNRTDAGQCPEGYVCVKEGTNPDNGFTSFD,0
A6ZL17-276,FLRPHQREGVKFMYDCLMGLARPTIENPDID,0
Q80YD6-364,IRDKCCSWGWNEHGMCGDGTESNVWTPTPVQ,0
O00206-391,EFLDLSRNGLSFKGCCSQSDFGTTSLKYLDL,1
Q8CG76-222,MYNATTRQVEAELLPCLRHFGLRFYAYNPLA,1
Q24567-369,PWARATAKEANECKECNCNKHARQCRFNMEI,0
P33316-166,KAVVKTDIQIALPSGCYGRVAPRSGLAAKHF,1
Q4VC17-1202,VDFFSWCHLVPQHGVCNHKFYGKQCCRSCTR,0
Q99JY4-216,AALSFWQKVKLAWGLCFLSDPISKDDVERCK,1
H1A988-460,ERFAEGIAKATKGQVCYFPFGWGPRICVGQN,0
P26262-57,PDAQYCQKMCTFHPRCLLFSFLAVTPPKETN,1
P00441-112,DVSIEDSVISLSGDHCIIGRTLVVHEKADDL,1
Q9VC47-1140,CQHECRNTIGSYICMCHNGYSMHENGHDCKE,0
Q9V3V7-207,MESRAPTTPPKEADNCKSIIEIDLTSPMSHT,0
Q9UTL5-291,FGYKHMLQRHLERGTCKKAHKPYINECGIKH,0
Q9Y520-895,EDVRPHHTDANNQSACFEAPDQKTLSAPQEE,1
O55225-806,DVCGANGGGNFSREECVEGCTCPPDTFLDTQ,0
Q2RAP0-311,KYLWIPYTDTVVVVQCNPPSRWRTPKFTSKY,0
O35215-24,NLPASRIPAGLENRLCAATATILDKPEDRVS,1
P63030-83,RFAYKVQPRNWLLFACHVTNEVAQLIQGGRL,1
Q60749-19,RDDPASRLTRSSGRSCSKDPSGAHPSVRLTP,1
Q9JI18-3501,NNCIPDHWRCDNQNDCSDNSDEDNCKPQTCT,0
P46782-172,GAREAAFRNIKTIAECLADELINAAKGSSNS,1
Q86VZ5-187,TFFDHFNRVQWAFSICEINGMILVGLWLIQW,0
Q63880-434,VIPTLIFSKYLQDAGCPVFLYEFQHTPSSFA,1
Q868Z9-151,EWVPYTNAPNPCELNCMPKGERFYYRQREKV,0
O88342-325,SKPLRVIKGHSKSIQCLTVHRNGGKSYIYSG,1
Q76RB3-66,VYNKDIHHAIKKLVYCDIQLTKHIINQNTYP,0
Q05785-95,LDYLVRFGSENCVLWCRENFYVIKTLREFRH,0
A2AJL3-193,WKATGVTARSLCSLVCKWTYSAEKGWDDSFW,1
Q8S3U9-606,YEAKVNSTFCDFDESCILRPFMSDAINEVSK,0
P11881-56,PEAGDLNNPPKKFRDCLFKLCPMNRYSAQKQ,1
E9PYI4-359,HERERATTVMAQVLKCLSSYLSLKLPLQFQR,1
P50431-374,SKGTDGGRAEKVLEACSIACNKNTCPGDKSA,1
P52788-337,TEALSLYEEQLGRLYCPVEFSKEIVCVPSYL,1
E0CXK2-1101,CFRVRKMIDVYKPDWCEVREDWSVYLFSPEN,1
Q21455-463,NLTNNGTDFEWEDTYCHTKFTVLPIIIMVFY,0
Q9Z2T6-234,ATAENEFVVLKKDVDCAYLRKSDLEANVEAL,1
Q76MZ3-329,SADCRENVIMTQILPCIKELVSDANQHVKSA,1
Q9DAY1-164,TSREVPSSMAHRYEDCPWMWASEKESLFPLQ,1
Q54J73-411,KCDFFTRYSFYIEIDCYSMNEEDSRKWEGWI,0
Q68FE7-530,DEEEAGPPPPYQDALCFPVLIVHRQEGCLGH,1
P35505-315,SVSLKGEGMSQAATICRSNFKHMYWTMLQQL,1
P20028-356,DKFQLIVFMIQKLFQCAQGKYKVENVDSAMM,0
Q9BW27-35,KNQMYFDWGPGEMLVCETSFNKKEKSEMVPS,0
Q8B6J7-170,MRVSARQCHIQGRIWCIDMNSRACQLWSDMS,0
Q5VT79-161,DIQADTSGYLERILVCLLQGSRDDVSSFVDP,1
Q8IWZ5-53,TCFPCPYKDERNCQFCHCTCSESPNCHWCCC,0
Q1ZXI6-199,TIGNPNATPDQPDFKCLVDCKNNISKQLNIP,0
Q9NS91-64,CIRKFLSYKTQCPTCCVTVTEPDLKNNRILD,0
Q9WV32-26,ISCHAWNKDRTQIAICPNNHEVHIYEKSGAK,1
P62280-116,RFEKRHKNMSVHLSPCFRDVQIGDIVTVGEC,1
P41440-246,NPGPGGKLGHALRVACGDSVLARMLRELGDS,1
P50291-118,GKKCRMNKKNKPRCVCAPDCSNITWKGPVCG,0
Q5ZKD1-195,DWMFFCCFAGTFMFYCAHWQTYVSGTLRFGI,0
P40240-165,CCGIAGPLEQFISDTCPKKQLLESFQVKPCP,1
Q8BH00-354,RSYVLKAQTEGARILCGEGVDQLSLPLRNQA,1
Q148R9-6,**********MAREECKALLDALNKTTACYH,0
P62717-109,YREYRDLTTAGAVTQCYRDMGARHRARAHSI,1
Q8C196-516,PDGLILGMGGQTALNCGVELFKRGVLKEYGV,1
Q24423-359,AHTQQMLMGAPCPAGCTQCEHQKYGLAMASA,0
Q557G4-248,DAVWDGDRDTSICKNCDSCIDNQCATKFDDM,0
P97328-282,SLSKGNSMQEALRFGCQVAGKKCGLQGFDGI,1
O82188-967,CRFYLNKKMQEKCLVCAPSVLKELWG*****,0
P0C6X5-4344,SFDYHPNCSDCYDDMCVIHCANFNTLFATTI,0
Q99LC5-109,PLILETQKQFSYTHICAGASAFGKNLLPRVA,1
Q9JHS1-362,IEKNDVVVSMDQTESCSSHTLMAMNSIFDTS,0
O73682-170,DPLTCKCSCKFTQMQCKSRQLELNERTCRCE,0
P04491-333,FVLLKGMAILKHNMVCGVSDQTMRRFVTCAD,0
Q61153-95,QRLEDRAEFGGLAPNCTVVCLSGQKCNIWDF,1
Q86KC7-174,KCKQDCTTVKCAMPVCEDGATPTKNPNECCY,0
Q1AHB2-584,VALIDEWDNHGEIGFCSNNVEIMFNAIYNTT,0
Q8BGT5-476,PDMFYCMKLLEETGICVVPGSGFGQREGTYH,1
Q7TMS5-374,KGTSAFKEPVYVTSFCHQLRWIARRSFKNLL,1
Q91WT9-2-100,PMVRINKISKNAGLKCELLAKCEFFNAGGSV,1
P62746-16,MAAIRKKLVVVGDGACGKTCLLIVFSKDEFP,1
Q5XPI4-556,GRGNMPMLCPPEYMVCFLHRLISALRYYWDE,0
P89475-266,YAMDVVWMRFDVPSSCADMRIYEACLYHPQL,0
P68493-347,NRDIIVIYPNFSKAMCNTRDTQQHPIVVLDA,0
Q2VIS4-2044,QSPFHPSHSIHWQSKCTISKKSSRLSGHYGR,0
Q4V645-23,WLAHFQIILLCIWLMCPPSSQAIKCDTCGKE,0
Q921S7-207,ILKHPSLARRTSAQNCTLATTWNRESLLLQV,1
P38060-141,VFGAVSELFTRKNANCSIEESFQRFAGVMQA,1
P11976-975,TGCVHTPMNCDDGNFCTLDSCCSTGCTHTPI,0
Q3UV74-491,IMCSGLGDCICGQCECHTSDIPNKEIYGQYC,0
Q09439-202,EEFGDWITDDAIIVVCDEQKMDKNEFIKYMS,0
P17710-669,LGFTFSFPCKQTSLDCGILITWTKGFKATDC,1
P98164-4401,GGNCYFDETDLPKCKCPSGYTGKYCEMAFSK,0
O35488-301,LALRSKFSASQFWDDCRKYNVTVIQYIGELL,1
Q18336-232,PTTKMELRTGTRKSYC***************,0
Q02745-67,KKLMKYPYRPCTCTRCIEEQRVSAWFDERFN,0
P23748-337,FSSHRGPSLASHLRNCDRIINQDHYPKLFYP,0
O89943-22,NLEPWNHPGSQPKTPCNKCFCKVCCWHCQVC,0
P00186-404,TRDTSLNGFHIPKERCIYINQWQVNHDEKQW,1
Q8BTK5-335,QECMQQAWDLYHSTECSLGGLLLTLGVFCHV,0
Q90607-535,YGKACAECCLARDPYCAWDGSSCSRYFPTAK,0
Q5VTY9-324,LLMRLDGLTPPALPRCVSTMFSFTGMWRYFD,1
Q6ERW7-176,GDTVGVGYFVASCRGCECCGNGYENYCAKMV,0
O35454-431,QVTSEDVNSTIKAFFCPNDTYNDMATLFFNS,0
D0TZF0-398,YYMLAPKGEFYNYSGCGNTFNCNHPVVREFI,0
Q94BQ3-458,KAHYYMSEALQQLGKCKEALDFATAAQHMNP,0
P06909-320,TVSKCTPTGWIPVPRCTLKPCEFPQFKYGRL,1
Q9BTU6-175,GHLNPKWTKWLQKLCCPCCFGRDCLVLNQGY,1
Q18LD3-211,KVFPSMARCMASAVGCAQETCSYCTGHNKHV,0
Q6NS65-309,PVMYFFVAEKFRHALCNLLCSKRLTGPPPSF,1
B0R0C0-317,YAFLDENFKACFRKFCCASALHREMQVSDRV,1
Q6XVG2-51,LPIIGNILQIDVKDICQSFTNLSRVYGPVYT,1
E9PH60-284,IHKDDLLYVNKSPNYCVEDKKLGIPGTQGRE,1
Q9LXG8-230,VCVRARCDTPTMNDGCQWRKYGQKIAKGNPC,0
Q6Z256-282,LIDVEGDGMADMAFRCIQEMDIDNRMTLYQH,0
Q8R4V2-172,IPFRDEEDLRALLPLCRRCRQGSATSAASAT,1
P00558-108,VLFLKDCVGPEVEKACANPAAGSVILLENLR,1
P21128-28,CGLAWAGKIESCASRCNEKFNRDAACQCDRR,0
P21333-2582,LSKAYVGQKSSFTVDCSKAGNNMLLVGVHGP,1
P63214-72,PVPTSENPFREKKFFCALL************,0
Q68ED2-542,CKPGQRKKTQKGTPCCWTCEPCDGYQYQFDE,0
P43679-150,NGVVQWMPPASYKSSCTMELTFFPFDRQNCS,0
P40925-154,TASKSAPSIPKENFSCLTRLDHNRAKAQIAL,1
Q80T14-480,LACQPQCSTCTNGLECSSCLPPLLMQQGQCV,0
Q1HVG0-99,NNRVRRRAENAGNDACSIACPIVMRYVLDHL,0
Q91WN2-44,NRHVCPVENWSYNESCSPDPAEQGGPKSCCT,0
P32304-404,FFNRDLRTTYRSLLQCQYRNINRKLSAAGMH,1
Q95218-1537,NSFHFLNRFPAVYLRCKMVVCRAYDYSSRCY,0
P34914-230,KVTGTQFPEAPLPVPCNPNDVSHGYVTVKPG,1
A0A7H0DN21-134,SNEKNYLFNAIETMPCVKKKADWAQKWIHDS,0
Q9Y4P3-44,RGWLRAGEERSGRPACQKANGFPPDKSSGSK,1
G5E8R3-376,GLRQENIRINGCAIQCRVTTEDPARSFQPDT,1
Q921I1-526,EKNSTLCDLCIGPLKCAPNNKEEYNGYTGAF,1
P16615-471,DTELKGLSKIERANACNSVIKQLMKKEFTLE,1
Q3UQ84-608,VLGSVERLLGVLAESCGGKWPLWLSPLQVVV,1
Q9V3W6-56,TLLITSRQYIGEHIQCLSDGVVSPVINTFCF,0
Q9JM61-332,FNFGIVKKGHFSAKECMLIQRNIETWGPWQP,0
P40115-497,KAISRTREAQIMIGACGDEM***********,0
Q9JIM1-378,VLVASRIVFIPLLMLCNVKARHCGAQRHHFV,1
Q22957-173,YFGKDNCLKKEITEKCSETEWKGFRDHFIGI,0
P22723-415,NATHLQERDEEYGYECLDGKDCASFFCCFED,1
Q54C32-757,DDNDACTSDVCTEYGCEHYTYTGCMNCTNGG,0
O15016-605,QHLASSQHESPPGPACSQNMDIMHHKFELEE,0
Q64435-126,EYRNNMIVVDMFFSNCQSLLKDSATLSFLRE,1
Q9DB20-141,SAFSTIMSVHRGEVPCTVTTASPLDDAVLSE,1
P52789-717,RMCVNMEWGAFGDNGCLDDFRTEFDVAVDEL,0
Q9DCD0-402,QNLLLDDFFKSAVDNCQDSWRRVISTGVQAG,1
Q8IYH5-823,QMQAESGFVQHVGFKCDNCGIEPIQGVRWHC,0
Q24992-439,CANGQDKDSNGSCPACPTNCASCAKDNTKTC,0
Q9CPU0-139,GFGHIGIAVPDVYSACKRFEELGVKFVKKPD,1
P0C8K5-1175,AMQTIIEKSHDDSDGCISYVCRNCGEPAIYN,0
P35802-192,LRQFGIVTIGEEKKICTASENFLRMCESTEL,1
Q62711-582,TDSSNYNPQEHWNVGCQMVAMNMQTAGSAMD,0
P50396-317,CILSHPIKNTNDANSCQIIIPQNQVNRKSDI,1
O88451-256,FLDSYIKAIQSLTDTCSDDLSVVTDCMEHAL,1
P20132-49,AQPSGSFKIRGIGHFCKRWAKQGCAHFVCSS,0
Q8CC86-101,PDTDPAFFEHLRALDCSGVTVRALPEGSLAF,1
Q9NR16-137,SALWECQHREWGSHNCYHGEDVGVNCYGEAN,0
P24270-460,TFYTKVLNEEERKRLCENIAGHLKDAQLFIQ,1
G5EGF8-144,AFPMSQGFMGAQRLPCPFAMMRQPCANPACV,0
P60033-97,GAIQESQCLLGTFFTCLVILFACEVAAGIWG,1
Q61086-504,IVGIPSIFWVGSKKTCFEWASFFHGRRKKEI,1
Q65696-263,NCISTHMNDCEWNKRCHVIVDAKNYISIMNS,0
P61570-405,VVGNIVIKPDSQTITCENCRLLTCIDSTFNW,0
O35969-91,SRVQQAPIEEHWIIECNDGVFQRLQDWALRQ,1
Q8N6S5-48,QGDSWGEGEVDEEEGCDQVARDLRAEFSAGA,1
Q9VGK7-100,ILVDPQTGATSEGTFCDVGIESMAWSPNQEV,0
Q84939-54,KGWCLDCCQHTDLTYCRGCSIYHVCQWCNQY,0
P11046-1139,CNQCQAHYWGNPNEKCQPCECDQFGAADFQC,0
P0C6U5-365,DLCDCGFVMQYGYVDCFNDNCDFYGWVSGNM,0
Q6ZWV3-195,EFEDMVAEKRLIPDGCGVKYIPNRGPLDKWR,1
P21552-304,TAGRVCNLTSRGMDSCEVMCCGRGYDTSHVT,0
Q921H8-177,GNISSRLLESEKARDCLTPMGMTSENVAERF,1
P54643-33,KSYATDCNKITNEEECHKSSECIVINYTPCC,0
Q91VI7-375,LSQPDTVLRELWLGDCDVTNSGCSSLANVLL,1
Q64442-140,DDGNLCRFYKHNADFCYKLPDSVTFEEGALI,1
P0CE95-30,VKTLRFAPDMCIQECCTHIFEKTNEGGPDHG,0
P42738-12,****MEASLLMRSSCCSSAIGGFFDHRRELS,0
B8JI71-1062,DGFYCLCNPGYAGVRCEQHINDCASNMCENN,0
Q80Z71-228,VQGVCQCHEDFTAEDCSEQRCPGDCSGNGFC,0
P32020-495,NGKGSVLPNSDKKADCTITMADSDLLALMTG,1
Q02789-944,GNIVLVTTLLQFMFACIGVQLFKGKFYSCND,0
Q9IBI3-310,KTCTTPAQGNSMYPSCCCTKPSDGNCTCIPI,0
P0CX57-89,TAQSHSPQNGPYPQQCMMTQNQANPSGWSFY,0
Q6GQT5-38,REEQRPLKQSLGGSLCRESHWKCLLLTLLIH,1
Q8BVM2-481,CGCGNRGMQGNLDTCCDYFHPSCHPMPLVWC,0
Q5FWI3-581,PASVDGLSVHHSFSRCITVHGTSGLLIKDTI,1
Q80VM9-258,LDDHTPQCNCTPPALCSALSHGIYYLYPFNI,0
G3UYU4-34,SPPVMVAGGRVFVLPCIQQIQRISLNTLTLN,1
P11046-1094,AENHWKIASGEGCESCNCDPIGALHEQCNSY,0
M0R230-549,LIKHRRIHTGERPYECTKCGKTFQRSSTLLH,1
O15162-149,SFGQRVYFAAEDTDCCTRNCCGPSRPFTLRI,1
Q922B2-203,RTSTSQAIFRLQSGICHLFRETLINKGFVEI,1
P05202-272,DAWAVRHFIEQGINVCLCQSYAKNMGLYGER,1
Q9SCQ6-144,HFCRKHGEKKWKCDKCSKKYAVQSDWKAHSK,0
Q54Y25-25,KIIYLNATKQTNKINCSFYSTTINNNNNNNN,0
Q6DFW4-106,DAKLGGVIKEKLNLSCIHSPVVNELMRGIRS,1
Q9UKF5-551,IKNATYIKCNISDVQCGRIQCENVTEIPNMS,0
Q9CPX6-264,NHPHLPPPPMCSVHPCRHAEVMKKIIETVAE,1
P34897-91,SENFCSRAALEALGSCLNNKYSEGYPGKRYY,1
P68403-132,HCGSLLYGLIHQGMKCDTCMMNVHKRCVMNV,0
Q9CR57-42,IVDVIDQNRALVDGPCTRVRRQAMPFKCMQL,1
Q9Y7J1-59,TSDKELCQTAACATSCSDWYPQQQTHMPHQN,0
Q8CGK3-898,GIKEKTIAAKRAGVTCIILPAENRKDYSDLA,1
Q9WTR1-673,QKAISVLEMENGYWWCRRKRHRAGRLLKVGT,1
Q9JIQ8-138,GTCISSSLWCDGVAHCPNGEDENRCVRLYGQ,0
P26011-448,VNQTVDFWVTLQATHCLPEAHVLRLWALGFS,0
P11832-482,QPDKLIWNLMGMMNNCWFRIRTNVCKPHRGE,0
P10966-194,GVLVLLVSLGVAIHLCCRRRRARLRFMKQFY,1
Q9DCU9-251,LANVLGAQVCQLERLCLTGQWEAAQELQHRL,1
Q8VCT4-273,TDVKPIAGLVATLSGCKTTTSAVMVHCLRQK,1
P22314-632,SYSSSQDPPEKSIPICTLKNFPNAIEHTLQW,1
B8ART0-186,DLAHNGNLRANWVAICMQFHGFCQRTSGSVV,0
O23006-283,EIKPSNWQTCPPFSQCDGALLNASCRQPRDC,0
P51410-134,GEKYIRRVRMRTGVACSVSQAQKDELILEGN,1
Q9CZX7-107,TGKKYVRCPCNCLLICKDTSRRIGCPRPNCR,1
Q8VCB3-214,ATVFTTHATLLGRYLCAANIDFYNQLDKFDI,1
P00329-112,QCGECRICKHPESNFCSRSDLLMPRGTLREG,1
Q9CWR8-152,GTLFICESPDCTRCYCFECVDILVGPGTSER,0
P30408-107,SSVLAALIGIAGSGYCVIVAALGLAEGPLCL,1
Q19981-834,RNATECPMPCAQRNNCSDCTDLEQCMWCPST,0
B3P3K2-347,QMINIKEAYKDARFNCEIDLKTGYKTNAILC,0
Q9DWR1-2198,HGYEFYQQFYHFVQSCLEKEMIEYRLKSYDW,0
B7F7K7-179,LSPRFVEDFTAYADVCFKNFGDRVKHWSTVN,0
P98133-328,CKCPPGFYTSPDGTRCIDVRPGYCYTALANG,0
Q8K1Q0-30,SLPLMMEGNGNGHEHCSDCENEEDISHNRGG,0
Q2Q1W2-301,LHLYCDTCSVPICRECTMGRHGGHSFIYLQE,0
P53494-376,KAEYDESGPSIVHRKCF**************,0
Q04833-4027,RLCLNILQLCNGFNDCGPNDFSDEHLSMCSS,0
Q66431-1470,NLSIKLPSNKKENMLCCLYDKNMSLLKGPFF,0
Q9VX32-550,QERRLMLVQHLRFIHCPIRDHCPFFYNCVDS,0
Q5FWP4-287,LLHDCVSLQPCMHTFCAACYSGWMERSSLCP,0
Q01341-444,YCVSGLPEARADHAHCCVEMGVDMIEAISLV,0
P53712-699,QVDPLSHCKEKDVDDCWFYFTYSVNGNNEAT,0
O43390-292,ILYHQPDDKKKNRGFCFLEYEDHKSAAQARR,1
P82279-39,NSFCNKNNTRCLSNSCQNNSTCKDFSKDNDC,0
Q9NRY6-214,ADRQTVLRVVGPCWTCGCGTDTNFEVKTRDE,1
Q9LEW3-17,SIMRNFLSMIIMLCVCLNWCFAEGAEKSDSG,0
O01700-773,KIVNLPESTSYDEALCNSDVTMNPIYTSPIT,0
P05556-630,CGVCKCTDPKFQGQTCEMCQTCLGVCAEHKE,0
Q8VCR2-80,LWDINKRGVEETADKCRKLGAVVHVFVVDCS,1
Q8C1R3-183,TGNSELIDSQPPSPQCSKLFYL*********,0
Q921I1-583,AEWAKNLKQEDFELLCPDGTRKPVKDFASCH,1
Q9WUP4-43,FALLLQLAPARLLPSCALFQDLLRYGKTKQS,1
E9PWZ3-378,IELKFIDTTSKFGHGCFQTAQEKRAFMGPQK,0
Q02257-563,QPYTDGVRMEEIVEGCTGALHILARDPMNRM,1
P36542-103,KKKHLLIGVSSDRGLCGAIHSSIAKQMKSEV,1
Q8VCH0-218,ALASQQKAASAQSRGCFHAEIVPVTTTVLND,1
G3XA48-228,KNVTLNPDPNEIKSYCYVSKEEVREILKKAA,1
B7Z6K7-760,ECNDCGKSFTHSSTFCVHKRIHTGEKPYECS,0
G3X9S2-706,CLYQDLRIPLSPVHKCSYYKSNSKLSYGFLT,1
Q91C35-232,QYPTSNHSPTSCPPICPGYRWMCLRRFIIFL,0
Q8VCW8-194,KQFKTQQYYDILKQVCPELEKAQPGALKSER,1
P07724-511,HVTKCCSGSLVERRPCFSALTVDETYVPKEF,1
Q3E8J4-223,NIKSSNIFTNSKCYGCICDLGLTHITKSLPQ,0
O94502-419,KVAPSVAISYLVYENCKKWLGLE********,0
Q8BKD6-238,NLDNDIFLRHYDKGPCRNKLGHSRASVMWNR,0
P26369-442,PGCGKIFVEFTSVFDCQKAMQGLTGRKFANR,1
O88278-2031,QQCPRGWWGSPTCGPCNCDVHKGFDPNCNKT,0
Q8VCZ9-96,YGQFVAGETAEEVRNCVGQLQALGLQPLLAV,1
P26639-107,QVDAESWKTTPYQIACGISQGLADNTVIAKV,1
P18206-1053,KQCTDKRIRTNLLQVCERIPTISTQLKILST,1
F6RSH1-398,ESALDYRLDPQLQLHCSDEIANLCAEEAAAQ,1
Q91X83-121,NVLVALEQQSPDIAQCVHLDRNEEDVGAGDQ,1
Q761X5-328,CPVDGRWTSWSKWSTCGTECTHWRRRECTAP,0
Q7YQE5-95,MHHSVIGFWQKADMNCTSSALYHVKSPHEHV,0
P0DTE4-289,CSWDYRLPAGRPTTLCETMGKAEIWLIRTYW,0
Q8VDD5-172,AYRSMMQDREDQSILCTGESGAGKTENTKKV,1
P61750-62,PTIGFNVETVEYKNICFTVWDVGGQDKIRPL,1
O74553-323,VRRPDEPMFGESVLPCRRY************,0
A0A7H0DN61-314,YANLDDVYSYIPPCQCTVQEFIFSALDEKWN,0
Q9UTR9-76,MQIVKGGALCTHGRDCRLVTWKIDFNCMTDN,0
C6S3N3-174,GYYFWELHIVTLHLNCTTDQERTHLIKSFKS,0
Q9DCK3-169,TDWFEVYNATRVPDSCCLEFSDSCGLHEPGT,1
Q8BWT1-382,HELRRRGGKYAVGSACIGGGQGIALIIQNTA,1
P52272-694,VLYADIKMENGKSKGCGVVKFESPEVAERAC,1
P56704-77,IMPSVAEGIKIGIQECQHQFRGRRWNCTTVH,1
P60411-71,PCCQVTCEPSPCQSGCTSSCTPSCCQQSSCQ,0
Q5HYJ1-191,RRLRHPVVHLACFCHCIHYIRYLLETLFVHK,0
P01871-88,LPSKDVMQGTDEHVVCKVQHPNGNKEKNVPL,1
Q12236-377,NDSFTDYRCDIWAFGCILFQMIAGKPPFKAT,0
Q01405-74,VLCSRTTCRAVLNPLCQVDYRAKLWACNFCY,1
P48776-266,EEQMAEFRKQKEVLLCLFDEKRHDYLLSKGE,1
Q8K441-561,SDMQDLKEIRKAIGVCPQHNVQFDALTVKEN,1
Q9CPY7-376,DNTDAEGRLILADALCYAHTFNPKVIINAAT,1
Q6XTN2-318,VDINVEDYSIDSSYVCSGLVGDTPRNNDRSS,0
Q80W69-251,SSPQPEGASRSHNIFCMNFRWVFQWLRTQIF,0
Q8BUN5-270,MTVDGFTDPSNSERFCLGLLSNVNRNAAVEL,1
P07207-686,GKNCEVNVNECHSNPCNNGATCIDGINSYKC,0
Q9NP58-50,TRMALGTLALVLALPCRRRERPAGADSLSWG,1
Q21281-303,CDRNAFCSNTYDGPKCQCKDGFLDVSPDPVR,0
P31645-147,LFYMELALGQYHRNGCISIWRKICPIFKGIG,1
O13533-83,KDATNLWFILYKVLICIYTYSISISLHTPCV,0
Q15012-19,MSFKRNRSDRFYSTRCCGCCHVRTGTIILGT,1
A4GCL6-610,GPNLFNIRNLHIPEVCLKWELMDEDYQGRLC,0
P33726-36,QYFGKTLSPEHVAGACGDGQPTDCASFRELC,0
Q8VHS2-1164,HGGNCEDSYSSYRCACLSGWSGTHCEINIDE,0
O95967-309,CSEAQTCVNFHGGYRCVDTNRCVEPYIQVSE,0
Q9DBC0-485,DLSDSAEFLSRLTSQCASLEELRLAFRPQMD,1
Q8CFA2-351,ILNTEGTVIGTVTSGCPSPSLKKNVAMGYVP,1
Q6PF96-205,HLAKQLYKKFDLRASCDAQTYGIGLKELWII,1
Q9URU2-354,DDWDDSCDGCTPGELCEFSSEYTVLEVHEDF,0
P31283-122,RGYDTTRVTRVTQCECKFHWCC*********,0
F4JCB2-35,PEIMEPSFPLLSPNNCGHWYIRYGFCIVCKS,0
A0A140LIJ0-331,YTMPLLIGFLYIQALCYRYYYLNSDKFDNVY,0
Q08101-288,IRIYETCIFHPEAPACLHPADAQCSFASPYR,0
O95858-179,SKNQYHDCSAPGPLACGVPYTCCIRNTTEVV,0
P11716-2555,TFSTTEMALALNRYLCLAVLPLITKCAPLFA,1
P05549-14,**MLWKLTDNIKYEDCEDRHDGTSNGTARLP,0
Q08460-79,PKMDALIIPVTMEVPCDSRGQRMWWAFLASS,1
G5E896-390,DQNRELKMWCTVSWTCLQTIRFSPDIFSSVS,1
Q9P0L0-128,WKEAKPDELMDSKLRCVFEMPNENDKLNDME,1
Q8IYW2-716,AEWITYRTWIESLSRCAMNNWLRSAEIGQEI,0
P62826-112,TYKNVPNWHRDLVRVCENIPIVLCGNKVDIK,1
Q8K3J1-119,RRYPSGEERCIACKLCEAICPAQAITIEAEP,1
Q8VCB3-395,LKGQAVRKQLWDTVHCLKEKFGKKLYDGLLR,1
Q9ERZ4-176,FWQFIVGVRTVEDGECYIQFFSNAAVTFGTA,0
Q8CIE6-1013,AVGLKLNDLIQRLQLCYQLTTVGKFEEAVEK,1
Q17330-523,QLQDPHCAWDSSIARCVHGGSWTGDQFIQNM,0
Q9QXX4-566,VAARAGQTTYNGVTDCFRKILREEGPKALWK,1
P09733-377,TATPNSQLATVDRAVCMLSNTTSIAEAWKRI,1
Q3ZCF6-33,ANDENCGICRMAFNGCCPDCKVPGDDCPLVW,0
Q8K2B3-475,LVVFGRACALSIAESCRPGDKVPSIKANAGE,1
P38647-608,ETKMEEFKDQLPADECNKLKEEISKMRALLA,1
Q03555-4-26,HDHQIRVGVLTVSDSCFRNLAEDRSGINLKD,1
Q3U564-176,QMLTKAKDEYTKCKTCSEPKQMTNSSAICDN,0
P78859-12,****MLSCLSKPALRCRSVNRLQFLRKLSLQ,0
Q2V460-40,TYCEKVRSKTAPRDVCKKSNGNALCKKTCWT,0
Q99J21-544,GTGTEKSELQAYIEQCQDSPTSGKFRRGSGS,1
P60891-165,AVLKWIRENISEWRNCTIVSPDAGGAKRVTS,1
P01023-431,GTSLTVRVNYKDRSPCYGYQWVSEEHEEAHH,1
B6KAM0-504,LAVGGVLLLALLGGGCYFAKRLDRNKGVQAA,1
Q18823-384,GGHCIDCQGNTQGVHCEQCIANHWRRPGENY,0
Q8VIK5-666,CPPGHWGLKCSQLCQCHHGGTCHPQDGSCIC,0
O64483-636,LMRVHHTNLTSLVGYCNEINHMVLIYEYMAN,0
Q6P1E1-679,CQPGRNTIQITVTACCCSHLFVLQLVHRPSV,0
A7XYJ6-227,RLMLKMNNNNSSTRVCDWCKHIRHTKEYLDF,0
Q0GA42-373,SVCLTRLLMAAAFPVCYPLGRLLDWALRQEI,1
Q14108-245,EWNGKTSLDWWITDKCNMINGTDGDSFHPLI,0
P0C6Y5-3406,MKCISIVYMACGYLFCCYYGILYWVNRFTCM,0
P01868-138,KPKDVLTITLTPKVTCVVVDISKDDPEVQFS,1
P49815-887,SLPYTNPSKFNQYIVCLAHHVIAMWFIRCRL,0
Q03135-143,WAVVPCIKSFLIEIQCISRVYSIYVHTVCDP,1
P19326-11,*****PDTTYLGPLNCKSCWQKFDSLVRCHD,0
Q96JJ7-393,GCFLFGLPLGVISIMCYGIYTADTDGGYIEE,1
P78504-212,NKFCRPRDDFFGHYACDQNGNKTCMEGWMGP,0
Q6P4U0-97,DESSQPPKERSCFRVCDWHSDLFQWEVSDWH,0
P24643-504,VLTVALPVFLVILFCCSGKKQSSPVEYKKTD,1
E9Q484-408,DANLVLGRLLPASFPCIFGPGEDQPLSPEAS,1
Q949Q7-266,QLQCGFESFIHSSKQCNKILEIADKEIGNID,0
O74446-74,KRHREFLPRVTAYCTCDTFRVDLLFKFFQSR,0
Q91VI7-97,IQKLSLQNCGLTEAGCGILPGMLRSLSTLRE,1
Q09884-915,SFIEHFRLDCKIDTACQALTSAESQLNFDYD,0
P51881-160,VGKAGAEREFKGLGDCLVKIYKSDGIKGLYQ,1
P25340-464,CKRKYGKDWDEYCKHCPYVFIPYVF******,0
Q91W43-925,IEPTESEDKAELDRFCDAMISIRQEIADIEE,1
P58710-19,GYKGVQFQNWAKTYGCSPEMYYQPTSVGEVR,1
Q9CYS6-218,PEGAWERPARTGLLTCFSWGPRRQRKNRGVT,1
Q8CIM3-102,IIPGRVITDPEQLQTCNVDWLKTVRGCSKVL,1
Q570P7-68,CFAWKKRSGNSEQVQCSSIFVEPMKWMQTIH,0
P22735-53,GGGRSFWARCCGCCSCRNAADDDWGPEPSDS,0
P19478-20,SLLGSAAIFALVFSACGGGGEHQHGEEMMAA,1
Q6ZNB6-265,PHSCGQVCEREFKPPCGHKCLLLCHPGPCPP,1
P06795-430,KVKSGQTVALVGNSGCGKSTTVQLMQRLYDP,1
P21333-717,GGKAPLRVQVQDNEGCPVEALVKDNGNGTYS,1
Q04833-3819,YRCIPNWAFCNGQDDCRDNSDEDKQRCPTCD,0
Q91VI7-404,LLANRSLRELDLSNNCMGGPGVLQLLESLKQ,1
Q922D8-195,PMHDLLLWNNATVTTCHSKTANLDKEVNKGD,1
Q9R1K2-739,NCDPNWMGPDCSVEVCSVDCGTHGVCIGGAC,0
Q06561-2147,LHFPSFKNSYAGEYRCNGYRNNEIIASAAVH,0
D3ZLZ7-95,IAMALMGGIGFIHHNCTPEFQANEVRKVKKF,0
Q759K3-491,IKHPETDGVHVSLQFCWANEHSAALFIYHAS,0
Q852Q1-428,DLNVCWKKNGQYNMKCRWSVGYPQATDMLDV,0
P10980-429,APCIPNTVWTIGYWLCYINSTINPACYALCN,0
G3UW78-90,QLLTERSHQFHDVHLCWIGPFYPILRLIHPK,0
P47964-48,LTNHTKFVRDMIREVCGFAPYERRAMELLKV,1
Q91V76-226,KGKVKAHIMPAEFSSCPLNSDEAVNKWLHFY,1
Q75DC2-43,GVGRLMPCGHEYHLACIRKWFHLHSGNRSCP,0
P17790-306,RILKLNIEQDMGDYSCNGTNMKGSGSATVNL,0
Q99KG3-219,MHYSDPKPKINEDWLCNKCGVQNFKRREKCF,0
P07722-430,ILLESHCAAARDTVQCLCVVKSNPEPSVAFE,1
P47911-51,KVHPKGKKPKKAKPHCSRNPVLVRGIGRYSR,1
P56391-54,RCEKAMTAKGGDVSVCEWYRRVYKSLCPVSW,1
Q6NN02-112,KTPVFKKWQHPASPFCYEPTTFVPPFIQV**,0
Q0V8T4-573,HGGHCVQTWTTFYCNCSNTGYTGATCHDSIY,0
Q8VC30-382,GGVTSKQMALVLDRICTTLIGLEEHLNALDR,1
Q86AV9-257,YFIGGLDDMSIWTSYCWPVLMGWMDGEDIGD,0
Q8IZV5-272,RKEIEPFLPPLKPDYCVKQAMKAILTDQPMI,0
Q9ESS6-624,PSGGGRGGNGGFGDEC***************,0
Q6DDW2-641,PGSKSNKDHSACYSECLVTYTNENQTLSYNF,0
O08999-180,GQCCPGWTTSNSTNHCIKPVCQPPCQNRGSC,0
P39108-308,PHHSNILMSASYDMTCRIWRDLSNDGAKETY,0
P98160-1190,CQGCQHHTEGPRCEQCQPGYYGDAQRGTPQD,0
Q8IWX8-168,DMNEFDNLLQPIIDTCTKDAISAGKNWMFSN,0
Q8VHH7-48,GRTHEISVRNSGSCLCLPRFMRLTFVPESLE,1
Q8TCT8-95,PVGIKSKAVVVPWGSCHFLEKARIAQKGGAE,1
Q8BLE7-64,PLEVPEKKAPLCDCTCFGLPRRYIIAIMSGL,1
Q99MG9-43,NTKRSIKERLMKLLPCSAAKTSSPAIQNSVE,1
P53127-207,TFNPRLVYASLHQDICPISSYRGKCSIFHKD,0
Q9CRB3-35,PAQGLCLRLSRLEAPCQQWMELRTSYTNLDG,1
Q96G75-338,EIELGMKCWYHSVFACPILRQQTSDSNPPIK,0
P07996-341,RNNEEWTVDSCTECHCQNSVTICKKVSCPIM,0
P07724-591,AQFLDTCCKAADKDTCFSTEGPNLVTRCKDA,1
P36578-208,KGKMRNRRRIQRRGPCIIYNEDNGIIKAFRN,1
Q5BL87-173,IRMTFDSWQTYTDYDCQYVKDTYAGSDKDTF,0
P55212-264,LTLVNRKVSQRRVDFCKDPSAIGKKQVPCFA,1
P27659-114,LRTFKTVFAEHISDECKRRFYKNWHKSKKKA,1
P12566-463,KWTWHNVLSRPGNNECPWGHSCPDGCITGVY,0
Q01518-93,TGLKLERALLVTASQCQQPAENKLSDLLAPI,1
O15015-1054,QGGESLLEAQPRPFRCNQCGKTYRHGGSLVN,1
B9A014-73,GEDISDGYFIQTPTWCIVHAAGSQGWVPWKY,0
A4L9I8-23,ITFYEDKNFQGRRYDCDCDCSDFHTYLSRCN,0
P62739-376,KQEYDEAGPSIVHRKCF**************,0
Q9ZUT8-642,MILFAVHFTSISMFRCIAAIFQTGVAAMTAG,0
P70313-617,PEQHKSYKIRFNSVSCSDPLVSSWRRKRKES,1
Q61532-360,DETHSHIYNWERYHDCQFSEHDWPIHNNFDI,0
P23126-168,NSANKYMKNEFLMSSCIVITLNLFIFMYKS*,1
Q54YG2-1416,GGITHTPISCDDNNPCTLDSCSPTTGCVNKP,0
E9Q484-466,EEVAMGFVRVANEAMCRPIRALTQARGHDPS,1
Q96KP1-388,CIGAQHKWILQLMHSCKEGYVKDLKGNPGLH,0
Q9CR40-509,SSIERYDPHQNQWTVCRPMKEPRTGVGAAVI,0
P40798-798,PCSRIHPCDHPPQHNCHSGPTCPPCMIFTTK,0
O94855-1021,EDKGLYGGSSYVDFLCCVHKEICQLLN****,0
Q9M0Y5-6,**********MGRSPCCEKKNGLKKGPWTPE,0
Q64329-255,SKARIEDIDCNIPYYCICGKKLDKFPD****,0
Q28295-2389,SCPPHRTLALRKTQCCDEYECACNCVNSTVS,0
Q8VCB3-81,IGPYFEHNMKTQVEQCEPTNDAVRKAVDAMN,1
P27932-345,VILGYAYILTHPGVPCIFYDHVFDWNLKQEI,0
P27048-19,GKSSKMLQHIDYRMRCILQDGRIFIGTFKAF,0
Q9WUM5-172,HRLTRQGTTRLIGPNCPGVINPGECKIGIMP,1
P28566-108,FLCEVWLSVDMTCCTCSILHLCVIALDRYWA,0
Q9C5S1-196,NCVGFICPEYFKSDFCYRSLWLQDSPSEDIT,0
P60413-125,CKTVCCKPVCCMPVCCGPSSSCCQQSSCQPA,0
Q923B6-289,TKYRRFPNWLDHWMLCRKQLGLVALGFAFLH,1
P56593-437,KKIPAFLPFSTGKRFCLGDSLAKMELFLFFT,1
Q8IZP7-206,KKETWLFSRFSTGWSCGLHADWTELTNCVPA,0
P40240-85,LVGFLGCCGAVQESQCMLGLFFGFLLVIFAI,1
G5EDT1-639,VSNGYDRPFPWSAELCGVHPFMFHKVIDLMI,0
P16615-997,TLKFVARNYLEPGKECVQPATKSCSFSACTD,1
Q6IQ49-160,VEPKHCFTSPDYQQQCHEMAERLEDSVLKGM,0
Q8K440-562,SEMADLENILRIAGVCPQANVQFDFLTVREN,1
Q9JHI9-552,YFRFAQKTLGNQIFVCGPDEKEVTDENQPNT,1
P19096-496,EVQQVSTNKRPLWFICSGMGTQWRGMGLSLM,1
F5GY55-128,GRPSETGIIGIIDPECRMIGLRLYDGLFKVI,1
Q7K0F0-55,LGIIIIRFEMPYNIWCDGCKNHIGMGVRYNA,0
O00237-662,CIVMWLAGGRHCCPVCRWPSYKKKQPYAQHQ,0
E9PZ36-3873,LCSVASWVALSCLVCCWFKKSKTRKIKPEDI,1
Q8BWQ1-516,VVTLTFIITKFCLFVCQKLYMKESKKMGNRK,1
Q8NGP4-307,NKDVKKAMMKVISRSC***************,0
Q8IW36-240,SCFTDCKRIHVGEKHCKCEECNNIFKSCSSL,0
P47754-157,TVYGKKVDGQQTIIACIESHQFQAKNFWNGR,1
P29699-208,LPVSTLVEFVIAATDCTAKEVTDPAKCNLLA,1
P09483-273,LISCLTVLVFYLPSECGEKVTLCISVLLSLT,1
Q9VI74-317,REQQPCDVFRQNEIDCGLISILLAICYDVRT,0
Q3UR85-759,PKLANKSSPAVPDQACISQRFLQGTIIALVV,1
Q9EQF5-483,FAEYIYKRIKQRDQTCTPVPVKRAPYKGEVT,1
Q9FG30-42,EMESISTGLGSKSKPCTKFFSTSGCPFGDNC,0
Q9CPU4-56,PVMYSTDPENGHMFNCIQRAHQNTLEVYPPF,1
Q6DCT3-298,DQPMICTPRLMYIVTCMKSILPFEAVVCMYR,0
Q9QX47-1580,VNSHLIVKDAEHNTVCATTVGPVGEASEEKI,0
P97872-31,LTCIKCCLEEGLEPVCFERSGDIGGLWRFQE,1
Q8VDM4-598,VSEPFRSFANTLVDVCAYAGSGNVLKVQQLL,1
Q05928-82,SRCPKQYKHYCIHGRCRFVVDEQTPSCICEK,0
Q86XA6-23,LSGSAAMPGASLQRACRLLVAVCALHLGVTL,1
Q9N2V9-654,QRDTNSLTICDMLVKCADISNPAREWGLCQR,0
Q9ZUG3-336,SSEPKKCTTIMEVDPCRSNYVKAYLNSENVQ,0
P17128-374,KQEYDESGPSIVHLKCF**************,0
P35579-671,KLMATLRNTNPNFVRCIIPNHEKKAGKLDPH,1
Q9DCM0-98,DHITGTGVLRSLLPGCQSVISRLSGAQADLH,1
Q8NHU3-331,PIFYFFEKNVQGSIPCCFSWPLSWPPGCFKS,1
P34914-312,SSSPPEIEEYAMELLCKEMVTFLDKLGIPQA,1
Q9SJ22-84,CYEYERREGNQACPQCGTRYKRIKGSPRVEG,0
A2ARV4-320,YCGTGLCSILNCEYQCHQTPYGGECFCPPGH,0
P47074-454,PSNQGRMFSGEEYINCPMTPKGRSTETSDII,0
Q7TSV4-94,SRMNDLTIIQTTQGFCRYLEKQFSDLKQRGV,1
P13563-570,WVIMAVMYWVWVKRCCRKRSQTVTLVHDIPD,0
P50247-195,VNDSVTKSKFDNLYGCRESLIDGIKRATDVM,1
Q80YQ1-520,CSVTCGGGVQRRSRLCNNPTPQFGGKDCVGD,1
P62873-25,EAEQLKNQIRDARKACADATLSQITNNIDPV,1
Q8VBZ3-308,PINESLASLPLRVSFCPLSLWRWQLYAAQST,1
Q5AP97-581,KDVMGDQHDIYSHIPCQNQRFPGSVNPNTTT,0
P26710-252,NDYIVNCTVSRWHDRCMYEAHFRIHYQHNMN,0
P0C6X5-1136,KEKYTCSITFEMSCDCGKKFDDQVGCLFWIM,0
P11369-852,IKIPTQFFNELEGAICKFVWNNKKPRIAKSL,1
A6QLZ7-221,WIGEAPYKTGQPCSECPGKYRGGCKNNLCYQ,0
Q91YP3-100,KALNMDDKGITTAAVCVYPARVCDAVKALKA,1
Q00174-2061,CDRCAVDHWKYEKDGCTPCNCNQGYSRGFGC,0
P05362-457,GESVTVTRDLEGTYLCRARSTQGEVTRKVTV,1
Q9LR67-25,SVPLLNRPHCSSQSHCLYKNGDFLSDDSKCS,0
P08708-35,YYTRLGNDFHTNKRVCEEIAIIPSKKLRNKI,1
Q3TT92-130,TEAYEKWREWADGKSCCDYALHVDITHWNDS,1
P04191-636,VIMITGDNKGTAIAICRRIGIFGENEEVADR,1
Q8R0T2-294,RARGGQGPRPNICGICGKSFGRGSTLIQHQR,1
Q80YX1-221,ICDEGFTGEDCSQLACPNDCNDQGRCVNGVC,0
O44440-57,PATLFKRAWNVVYGRCEHRKMTTGWHTVRDV,0
Q3ZC66-3,*************MVCEKCEKKLGTVITPDT,0
P97742-586,QLALQLAHYKDMGKFCLTYEASMTRLFREGR,1
P43883-323,TLAIARNLTQQLQTTCQTVLVNAQGLPQNIQ,1
P97501-197,WKGKRVLVIGLGNSGCDIAAELSHVAQKVTI,1
P13944-2736,RDRCCDLPSMRDEAKCPALPNACTCTQDSVG,0
Q6TEK5-50,HVEREKERDPEHRALCDLGPWVKCSAALASR,1
P97441-365,AEASSRLYSRFGFSSCTLQVEQYQPEMAQCL,1
Q64442-45,LGPNDVLLKMHSVGICGSDVHYWEHGRIGDF,1
Q8TAA9-107,IARISKDMEDSVGLDCKRYLGLTVASFLGLL,1
Q9U7D5-138,TYYTAIQKWDLGYTMCQFWLCIDYLMSNASV,0
Q27237-227,ARGVNKDVNVNVVDQCPKCAGTKCEPGTKPG,0
Q98UI9-1743,LLSRNNTPVFVEGCYCPDGNILLNEHDGICV,0
O89013-66,IAKRVTYDSDATSSACRELAYFFTTGIVVSA,1
B2RX12-664,QIPKGALVAVVGPVGCGKSSLVSALLGEMEK,1
Q9LZR8-289,DGSHWALNYEAIRETCDLPNPCGPYSLCTPG,0
P51881-129,AGNLASGGAAGATSLCFVYPLDFARTRLAAD,1
Q91X83-377,VRDLDLKKPIYQKTACYGHFGRSEFPWEVPK,1
Q96RN1-558,DYREIITIPGVKIFQCCSSITFVNVYYLKHK,0
Q8CGC7-910,GAEKPEAKVLFDRVACQGEVVRKLKAEKASK,1
P27708-1613,AVLMVAQLTQRSVHICHVARKEEILLIKAAK,1
Q96PD2-449,TQWQQKIAMKMELLGCQFIPKGRPPKLTQPP,0
Q62226-25,LVILASSLLVCPGLACGPGRGFGKRRHPKKL,1
Q3V3R1-249,ALQWLFQRKGSMTMSCPWATPQLPDKLREAD,1
Q9D3P9-110,FSLEAMLTIFQLQKICRSRAFQHWEIIQEDI,0
P11716-2021,INMLLHFKDEADEEDCPLPEDIRQDLQDFHQ,1
Q9VLE5-232,LEKLKNEQVRGEIIWCIKYQLKLSGFVDSMN,0
Q9UBG0-1369,WGPPGLGPSMLSHNSCYWIQSNSGLWRPGAC,0
Q9TU69-112,EWKECPDYVSAGENSCYFNSSYTSIWIPYCI,0
P14151-171,YTASCQPWSCSGHGECVEIINNYTCNCDVGY,0
D3Z1V4-190,TFRKKYNLGAPVAGTCYQAEWDDYVPKLYEQ,1
Q8IWZ5-42,CKFIFTSERNCTCFPCPYKDERNCQFCHCTC,0
Q9EPE9-333,DIVSIGRSPQENLVPCDVLLLRGRCIVDEAM,1
Q63569-121,EDGANIDLDSQRKGKCAVIKTSTRQTYFLPV,0
A8WFJ9-310,DMNDDDIDLHMNNSNCGFSNFFHNQGYMNSP,0
P61247-201,NKLIPDSIGKDIEKACQSIYPLHDVFVRKVK,1
A2CEK3-178,DKIFQISKTIEEYAICPDLKVDLGVLGKQQF,1
P08071-216,SSPEEPYSGYAGALRCLRDNAGDVAFTRGST,1
P0C6T8-142,TMGLFRRRSVCNTGRCAVNKHVAYQLYMIDP,0
O83388-257,EHSFCVAALTRWREGCSHAWEPVPRALGTRL,0
O09044-79,KDMREAEKTLTELNKCCGLCICPCNRTKNFE,1
P11716-253,SDDQRRLVYYEGGAVCTHARSLWRLEPLRIS,1
Q9GZS3-266,SSDKSVKVWDVGTRTCVHTFFDHQDQVWGVK,0
Q4VA93-50,KDHKFIARFFKQPTFCSHCTDFIWGFGKQGF,1
P00748-61,PCHFPFQYHRQLYHKCTHKGRPGPQPWCATT,0
Q9NXP7-254,TESTPNTIKAFLSKHCADHPNNWDDHLSAVS,0
P36722-228,VRVFKSDKTCCSDWVCAAFGVAGSVAESIKS,0
P62286-1482,YRMHKELRKYVQIRSCVVIIQTRFRCLQAQK,0
S4R3Z2-183,VECHPYFNRSKLLDFCKSKDIVLVAYSALGS,1
H0Y8X4-186,GYELGRAVAFNKRILCLFRPQSGRVLSAMIR,1
Q9CR24-39,RLRSRPAAAAVLVPLCLVRGVPALLYTLRSS,1
D3Z8X7-845,CNPAKSEKVANRCPLCHENFAPGEEAWKVHL,0
P61982-194,YSVFYYEIQNAPEQACHLAKTAFDDAIAELD,1
P46735-129,KTEASKLVMSYVAAVCGKGAEVNQVKEQLLQ,1
O35927-932,PILVELLRIDNDRVVCAVATALRNMALDVRN,1
P61922-2-411,KLILIARNKGVVLGGCGDKSIRFRPTLVFRD,1
Q80X90-991,KLDVTILSPSRKVVPCLVAPVAGRECSTAKF,1
A2A791-715,LLDYKGKMFQFCGKNCCDEYKKINNVMAMCE,0
Q05421-174,KKTKGQPFDPTFLIGCAPCNVIADILFNKRF,1
Q9WV91-169,PPGLSLREGEPFELRCIASTTSPLHTHLALR,1
Q5PZ43-1158,IPFQQPGSATNPEAECKTQEAVKIIENLLVQ,0
O60950-483,VTWSFTINVTGLYEVCVWFPNGDLHTSVSYK,0
Q05925-171,VHPLGTRAPGAASLLCAPDANCGPPDGSQPA,1
Q2T9K6-357,RYRGAVYADSGNFKRCINLWKYALDMQQNNL,0
Q9WU84-227,HPLSKITGNSGKRLACGIIARSAGLFQNPKQ,1
Q9R0B6-687,QRELAPPASWVETCLCPQGYTGQFCEFCALG,0
A0A1L8G2K9-563,LQDKINDHLDTCLQNCNT*************,0
P06733-119,SKFGANAILGVSLAVCKAGAVEKGVPLYRHI,1
A2ASZ8-322,RMALRKTGQYSGMLDCARRILAKEGVAAFYK,1
Q9Z1M0-482,APKSGDSPSWCQCGNCLPSRLPEQRRALEEL,1
A2CJ06-246,CRTFPITGLRYRCLKCLNFDICQMCFLSGLH,0
P09055-75,TSARCDDLEALKKKGCQPSDIENPRGSQTIK,1
P0DSP1-1078,GYERKNNTCVKEENTCLRNQYHCSNGNCINS,0
Q2KJ83-271,KIYSYAHGWMHQGWNCGDYFPDGITNGASWY,0
Q91WU0-273,KDVRPITEQIAVTAGCKTTTSAVIVHCMRQK,1
Q9H772-97,VSEEGCRSRTILNRFCYGQCNSFYIPRHVKK,0
Q9DC26-50,ETGNYTFASNSNGSECDQNKSSSIFAFREEV,0
Q80XL6-174,IRSLKLDKYGTGVGYCKRQVSTWTKQYQASA,1
P21981-553,ENSIPLRILYEKYSGCLTESNLIKVRGLLIE,1
P41220-106,KYGLAAFRAFLKSEFCEENIEFWLACEDFKK,1
Q8NHX4-188,PSPRNCGCGSGGSRSCLLHH***********,0
P42261-603,FNSLWFSLGAFMQQGCDISPRSLSGRIVGGV,1
Q6ING9-311,LTTDGINFIVNSQEICDIINQCHDPKEAAQV,0
Q80IU6-242,QSPTSNHSPTSCPPICPGYRWMCLRRFIIFL,0
A6NF89-177,LKLDFCASKTIDHFMCETSPILQISCTDTHV,0
Q91W64-389,EFRGYHIPKGTSVMACLTSVLNDDKEFPNPE,1
B3SRS2-8,********MAELACFCYPHLENDSYKFIPFN,0
Q24459-530,CYCGKPGKFDHNMLQCCKCRNWFHTQCMQNF,0
Q96F81-874,WMENQDCDEPALYPCCSHWSFPYKQEIFELC,0
Q641X7-319,KYYPTKEQYGDTLHFCRHCSILFWKDSGHPC,0
Q9H6R6-104,PEISQDTMYLQYCKVCQAYKAPRSHHCRKCN,0
P17987-357,AAMLGQAEEVVQERICDDELILIKNTKARTS,1
A0A1D5NSM8-1305,NYFSCSCPDGFTGPRCEMEINECASSPCQNE,0
B4F7E8-173,FPLILWHPYARHYYFCMMTEAEQDKWQAVLQ,0
P18760-39,STPEEVKKRKKAVLFCLSEDKKNIILEEGKE,1
F5GZS6-400,KSLVTQYLNATGNRWCSWSLSQARLLTSFLP,1
Q92782-331,RTYRWQCIECKSCSLCGTSENDDQLLFCDDC,0
P61247-96,FRKFKLITEDVQGKNCLTNFHGMDLTRDKMC,1
P25116-387,YYASSECQRYVYSILCCKESSDPSSYNSSGQ,1
Q7TMD5-622,CKNGDECVYHHPISPCKAFPNCKFAEKCLFV,0
P13639-591,VVSYRETVSEESNVLCLSKSPNKHNRLYMKA,1
Q8IUW5-88,FGVLICHLLKKKGYRCTTEAEQDIEEEKVEK,1
Q6NUM6-356,HRCMETTPSLACANKCVFCWWHHNNPVGTEW,0
Q498L9-1383,EKLRIENLFLKETKKCEHCD***********,0
Q04589-736,KPSNCTNELYMMMRDCWNAVPSQRPTFKQLV,0
O08628-185,TTPNWPESDYPPGISCSWHIIAPSNQVIMLT,0
Q8K2B3-89,LRAAFGLSEAGFNTACLTKLFPTRSHTVAAQ,1
P52272-114,TYVELLMDAEGKSRGCAVVEFKMEESMKKAA,1
G3UY72-68,YNGSWGGRGEVITTYCPANNEPIARVRQASL,1
Q9ULH1-219,AEEMEKERRLFQLQMCEYLIKVNEIKTKKGV,1
Q6YW50-422,GVILMYPMNTNMWDDCMMAVASDDDVFYAVG,0
Q6IRR0-569,PVECKDWDNEYCSNECVVKHCRDTFMSWIAT,0
P51660-189,LCNTLAIEGRKNNIHCNTIAPNAGSRMTETV,1
Q55GV9-425,QNDQIKKSPTTGNPLCGPCSSNNNKSSKNCH,0
Q7TQ07-279,AHGGALEKDFISEDHCVYIHTEHSPFWDPKQ,0
Q8L7C8-260,FCCIVLNNDYMLYYICPMHTLFTLMVYGALG,0
P78310-146,KKIHLVVLVKPSGARCYVDGSEEIGSDFKIK,1
P04014-410,NSNMQAKYVKDCAIMCRHYKHAEMKKMSIKQ,0
A1E295-331,QDHCGIESEIVAGIPCTPHF***********,0
Q93XX2-213,ETFADLIDQISCEIDCKCLHGGESHGMMTSG,0
A8C8X0-693,PGTFDLGGLYESIEECLINDPWVLLNASWFN,0
P02786-67,TKANVTKPKRCSGSICYGTIAVIVFFLIGFM,1
Q56ZQ3-203,DDRVEYELWTNSNDECGVKCDMLMEFVKDFK,0
P55072-105,NNLRVRLGDVISIQPCPDVKYGKRIHVLPID,1
Q09967-300,QQCDCQRCSGTDKALCDDGTCIMRTQVCDGK,0
O92972-226,SIVYEAADVIMHTPGCVPCVREGNSSRCWVA,0
Q9H7H0-347,PCPHELPCPQLTNLACSFSQAYHPIPFSWNK,0
F7A4A7-1816,FYGHSSCLNLREDCVCKNGTILHRPDKTLCI,0
Q8CIW6-465,IIVNLKGMMKQFSDICSLWKANRVDLLIWLV,1
A1ZA47-2140,NAYCEADWNELFTTKCFACGFPVEAGDRWVE,0
Q5FVG2-725,SSAPPLPGDSALKQKCLLTTEL*********,0
Q62768-744,YGNLNPVWEENFHFECHNSSDRIKVRVLDED,0
Q921C3-814,CRRKYANYSRRNADQCELSSGNESSGSVRHE,0
Q15185-75,DPNDSKHKRTDRSILCCLRKGESGQSWPRLT,1
Q80XN0-209,SSMLGRMANPARSPYCITKFGIEAFSDCLRY,1
Q98UI9-1094,CVSDFCGCDSVGDCECFCTSVAAYARSCSTA,0
P38646-366,FEGIVTDLIRRTIAPCQKAMQDAEVSKSDIG,1
Q10R93-262,EKLRVLPCRHKFHAACVDLWLTTWRTFCPVC,0
P04775-1182,PEACFTEDCVRKFKCCQISIEEGKGKLWWNL,1
Q9FWQ5-669,ARSCKPPGGRCQDQNCVTVQKLWSHMDNCAD,0
Q9JKJ9-332,KVSEDDLKKLLIIKWCILESVRLRAPGVITR,1
P33854-218,TNGQPRKILKKKFDNC***************,0
Q54P95-34,NQTKHCWANYVDYYGCVKHYNGDNSKCQTFF,0
P18564-617,CVCTNPGASGPTCERCPTCGDPCNSKRSCIE,0
B7ZAQ6-169,GVTLMALLSGFGAVNCPYTYMSYFLRNVTDT,0
O62664-159,NVSYYTRILPSVPRDCPTPMGTKGKKQLPDA,0
O08573-138,HRVPYHLVDTIAVSGCLKLSFITFQNSAAPV,1
P46166-36,GHRRQIGTCLGPQIKCCR*************,0
Q8VC12-80,AQELRQFGHIYMYRFCPSIEMRAYPIDQYPC,1
Q80ZK9-534,LRERSYDYQFRYCGHCNTTTDIKEANFFGSN,0
P19096-223,PDGTCRSFDDSGSGYCRSEAVVAVLLTKKSL,1
P63104-94,AREYREKIETELRDICNDVLSLLEKFLIPNA,1
P16872-13,***MMALGRAFAIVFCLIQAVSGESGNAQDG,0
Q9XFH4-434,KLHGILRPFILRRMKCDVELSLPRKKEIIMY,0
P13850-172,QEHLNFIPAPTTGSGCTRIPSFDMSATHYCY,0
Q01097-954,RSFTHSDCKSYNNPPCEENLFSDYISEVERT,1
B7NZ88-7,*********MNLAEICDNAKKGREYALLGNY,0
Q6NSW3-1666,KSWKVGDIFHAVVQYCKLHAEQKERTPSLFD,1
O75093-1136,PPHLPAPKSPCEGTECQNGANCVDQGNRPVC,0
Q08E25-382,LQVEQYQPEMAQCLRCQEPPQA*********,0
Q8GV50-75,PPCDDLDDCCMTHDNCVDLKGMTYVDCHKQF,0
G3V203-134,KILTFDQLALDSPKGCGTVLLSGPRKGREVY,1
O74508-179,KCTEEGKGITTWKRKCRLRECSNPTRPNSNY,0
O15230-529,RCLCKPNFQGTHCELCAPGFYGPGCQPCQCS,0
Q9UKU0-336,PLAHMFERVIQSVVYCHGGRVGFFQGDIRLL,0
B2LW77-60,SCRCDPGWEGLHCERCVRMPGCQHGTCHQPW,0
P13945-292,RRPARLLPLREHRALCTLGLIMGTFTLCWLP,1
Q6PF96-525,LEQGDGFRLQINAQNCVHCKTCDIKDPSQNI,1
Q8MJ46-158,RYNIKLWKTFTDCFNCLPIAAIVDEKIFCCH,0
Q9CPP6-17,AGLLKKTTGLVGLAVCDTPHERLTILYTKTL,1
P16332-558,DGNILALAVDAARARCTVGEITDALKKVFGE,1
P55264-105,QWLIQEPHKAATFFGCIGIDKFGEILKRKAA,1
Q96EY1-253,RCNGKGNEPGTKVQHCHYCGGSGMETINTGP,0
Q62919-327,LNCSPDSLPVHISGQCCKVCRPKCIYGGKVL,0
P56706-309,CNRTSPGADGCDTMCCGRGYNTHQYTKVWQC,0
Q02445-86,FNMNSHQCEEFIYGGCRGNKNRFDTLEECRK,0
P11850-135,DYNDINTFSVNPQLYCDYNVVLMRYDNTSEL,0
P63001-105,FENVRAKWYPEVRHHCPNTPIILVGTKLDLR,1
Q39250-80,CRYAIYDFDFVTAENCQKSKIFFIAWCPDIA,0
Q9QXY9-65,AQARRQYHFESNQRTCNMTVLSMLPTLREAL,1
P63242-129,LPEGDLGKEIEQKYDCGEEILITVLSAMTEE,1
Q8BMJ2-1095,SGHFSTKIDIRQGDSCESIIRRLMKTDRGIK,1
O70503-215,TIYSATKAFVDFFSQCLHEEYKSKGIFVQSV,1
Q91ZX7-2661,SSYFRLGVKGVLFQPCERTSLCYAPSWVCDG,1
Q9W0P8-447,EQIHITIDTHTGMFRCHVPKHLDCPIMEEMQ,0
Q6ZNB6-354,SRQKCVCGKKVAERSCASPLWHCDQVCGKTL,1
Q10743-608,ELCHVCCMKKMAPSTCASTGSLQWNKQFNGR,0
Q8CE50-103,ARDLFVTVDDPKKHVCTMETYITYRITTKST,0
D3YTT4-249,VGWNSQPTRAVIFEDCAVPVANRIGTEGQGF,1
P97865-313,ADCSWDETIKIYDPVCLTVPG**********,0
O08917-85,QVKIQGQNKEMLAAACQMFLGKTEAEIAHIA,1
P29974-163,VVIDPSGNTYYNWLFCITLPVMYNWTMIIAR,0
Q7SIG6-86,NEEQYTQALEKFGGNCVCRDDPDLGSAFLKF,1
Q6ZNB6-528,HRGSCYPCPETVDVKCNCGNTKVTVPCGRER,1
Q1JUZ1-237,DDTFVYHGHNEFYINCHIQEIPENGADIAHF,0
P30408-149,STEGQYLLDTSTWSECTEPKHIVEWNVSLFS,1
Q7TSK2-810,VCDQGFVLTGSAILTCHDRQAGSPKWSDRAP,0
P35221-461,GVKLVRMSASQLEALCPQVINAALALAAKPQ,1
Q922D8-143,TSVSAGKLARGDLNDCFIPCTPKGCLELIKE,1
O35375-902,LLYCTCSYSGLSSRSCTTLENYNFELYDGLK,1
O97831-83,DKICDADPFQMENVQCYLPDAFKIMSQRCNN,0
P52569-376,PRVIYAMAEDGLLFKCLAQINSKTKTPIIAT,1
E9QAQ1-351,YAFLDENFKRCFREFCIPTSSTIEQQNSARI,1
P0C6X4-6153,LGRELNCNVCSNRATCYNSRTGYYGCWRHSY,0
Q9CPV7-343,CCPLNRGVRTFFTSPCTEEPRIRLQKGEFIL,1
O88844-269,MVAQAMKSEGGFIWACKNYDGDVQSDSVAQG,1
Q8VDJ3-104,YKDMNQFGEGEQAKICLEIMQRTGAHLELSL,1
B4PDM5-432,LKFRPTYNEDRIIDICRISDDGQRIIIYQPD,0
Q2QM17-16,MSAQIAPAEQVCYVHCNFCNTILAVSVPGNS,0
P70398-1340,SKTVRQVAQEQFFLMCTRCCMGHRPLLFFIT,1
Q09564-801,GFIDGGSNSYMSSSICRFMTSYLKENVSMDI,0
Q91Z53-29,PLPAEGRAALAQAADCEVEQWNSDDPIPRKD,1
O88374-108,RRLCLPDFDKQELLECIRQLIEVDKDWVPDG,1
Q99LJ5-106,DKWQGLCWPMMDFLRCVTAALIYFVISITAV,0
Q8K441-440,AEHRSAPLFFLNPTSCFRKTANRNKVIERDL,1
P55067-1212,IRCRSNGKWDRPQIVCTKPRRSHRMRRHHHH,0
P34436-145,GPKETTGERYCINSVCMAFEKKD********,0
Q05794-581,DHMSIYKFMGRSHFLCTFTFNSNNKEYTFPI,0
Q15858-1562,LYWINVVFIILFTGECVLKLISLRHYYFTVG,0
P78380-46,YSPWWCLAAATLGVLCLGLVVTIMVLGMQLS,1
Q687X5-211,LFPMWRFPFYLSAVLCVFLFFYCVIRDVIYP,0
Q8BP47-370,FLTFEDLLNRLEDLVCDVVDRVLKSPVASIV,1
O15118-800,LDIKRQEKNRLDIFCCVRGAEDGTSVQASES,1
O70228-24,PVRHKKRVDSRPRAGCCEWLRCCGGGEPRPR,1
A0A075B6U4-44,PHFLGPQQGDVASMSCTYSVSRFNNLQWYRQ,0
P45844-406,MEGCHSFSASCLTQFCILFKRTFLSIMRDSV,1
A8BFN4-1433,RILKNRSNLFNISRWCDNFVLTMMLAYKNWI,0
Q9ER30-46,KFIDCTLKAGDKSFPCHRLILSACSPYFREY,0
F4J4Y5-513,PKFDLIHKTSVETVRCVGKTFMHMLSKVSRE,0
Q6PZE0-907,RILIESVPCCENGLTCSRKVIVTFQDQNIIL,0
A6PWR1-42,QRVEDGHRLCGDLVSCFQERARIEKAYAQQL,1
Q8VY27-498,NLLGDDWLNKHEDKLCAYAGNYEIAAWSNVF,0
P97433-691,ESLQCANCKANTHKGCKDAVPPCTKKFQEKY,0
Q96GP6-376,TKCSNGTYGEDCAFVCADCGSGHCDFQSGRC,0
P23574-417,YGYQCLEGKDCATFFCCFEDCRTGSWREGRI,0
P61769-45,YSRHPAENGKSNFLNCYVSGFHPSDIEVDLL,1
Q99NB7-424,SDFTKRPLWDPHYISCEVIDQVSEDDQIYYI,0
Q8S8P9-481,IGGYWEARDSGRWDDCPDIFGQVH*******,0
O15230-2167,PVPGGPVGHSIHCEVCDHCVVLLLDDLERAG,0
Q93WV7-133,QKTIKASAHKRCYYRCTYAKDQNCNATKRVQ,0
P15203-312,RALDTNYCFRNLEENCCVRPLYIDFRQDLGW,0
E0CXZ9-181,FHKIGVGAMTWSPLACGIVSGKYDSGIPPYS,1
P39877-64,GWGGRGTPKDGTDWCCWAHDHCYGRLEEKGC,0
P38551-121,IAYHGFVLDDAASSKCIMKERKGSGETFFMC,0
Q9QXZ6-439,GVQHPLYGEKNVLADCNTRCSCLTDTWDPVC,1
Q7X6T3-177,PIVRGTGFFIHGACNCCIRDIKKQASS****,0
Q8NI27-1044,ASCTENEASRYGRFLCCMLETVTRWHSDRAT,0
P36106-108,DMVQCDGCDTWQHIKCMTDGKDTIDGLMSED,0
P99029-96,KKGVLFGVPGAFTPGCSKTHLPGFVEQAGAL,1
Q8TF72-413,RERPSSWSSLDQKRLCRPQANSLGSLKSPFI,1
Q949T8-294,DNANDGVGCTNCGPNCDRSCVCRVQCISCSK,0
P40504-460,TFDEGYNFGCGCRCVCPKKGEDIEDHSTPCM,0
Q6YXT7-435,LGKNPAGMSYMVGFGCRYPRRAHHRGASMPS,0
Q9H3W5-606,ICIDIPTIYQKNRKKCVNVTTKGLHPDQKEY,0
P62956-224,MYRPHPAFYRPRLSDCSDYSGQFLQPEAWRR,1
Q07955-148,SWQDLKDHMREAGDVCYADVYRDGTGVVEFV,1
Q6PDG5-486,DTYRLNPQEYLTSTACRRNLAGDVCAIMRVH,1
Q6ZNB6-396,HVGACGECPRSGKRFCPCQKSKFSLPCTEDV,1
P62873-148,VRVSRELAGHTGYLSCCRFLDDNQIVTSSGD,1
Q91WN4-25,RVAVIGGGLVGALNACFLAKRNFQVDVYEAR,1
P21333-1723,FDIFYTAPQPGKYVICVRFGGEHVPNSPFQV,1
P98088-4943,HYITFDGTYYTFLDNCTYVLVQQIVPVYGHF,0
P31040-438,RHVNGQDQIVPGLYACGEAACASVHGANRLG,1
P19785-451,SSRFRMMNLQGEEFVCLKSIILLNSGVYTFL,1
O35490-217,AVRLVKAGASIVGVNCHFDPSVSLQTVKLMK,1
Q700K0-2871,HTQTRDCNVHPCTAQCPGNMVFRSAEKCLEE,0
Q2V424-79,CEVEDNETHCHCYGPC***************,0
Q8IX30-138,CQQSCVNMMGSYECHCREGFFLSDNQHTCIQ,0
Q54YG2-797,TPINVDDNNPCTIDACTKSTGVTHTPVNVDD,0
P53832-31,IYIRAALADQFTYKACYSASDIRKLGLTYKG,0
B8JI71-1025,LGFQCRCRKGFTGPRCEVNIDECSSNPCLNG,0
Q80XN0-221,SPYCITKFGIEAFSDCLRYEMHPLGVKVSVV,1
Q04164-854,NWSPVPANLTGCDQHCYCENGRVECRAACPP,0
P10599-62,EKYSNVIFLEVDVDDCQDVASECEVKCMPTF,1
P13639-41,AHVDHGKSTLTDSLVCKAGIIASARAGETRF,1
Q61180-447,NLYPSKYTQQVCIHSCFQENMIKKCGCAYIF,0
P17182-357,LKVNQIGSVTESLQACKLAQSNGWGVMVSHR,1
P16769-249,AYLDTHYRETMDWRLCG**************,0
O88569-50,ESLRNYYEQWGKLTDCVVMRDPASKRSRGFG,1
P52924-330,KRVWKNEEFFFDGTDCQAFFERNFSSLLFSK,0
P35564-195,FHDKTPYTIMFGPDKCGEDYKLHFIFRHKNP,1
Q7ZWU7-765,RHSSQRNKLMVVVHSCRNLIAFSEEGSDPYV,0
P18564-565,LLCGGNGDCDCGECVCRSGWTGEYCNCTTST,0
Q91WC9-168,FVFDPLGGKMAPYPPCIPEHLDSNSSNRLLT,1
Q8L866-560,VHQHFFIARMDMSVDCKPAEAFNQVVEVNVR,0
E7KUA5-118,EPAYLIIFRENTELNCFQVDLTMKHEFDGQV,0
F4IL05-25,VTMEDEQDAHHRRQICDNCDRPNAICLCHVL,0
Q9DCX2-101,YTALVDQEEKEDVKSCAEFVSGSQLRIQEYE,1
P98091-1131,REYDQGSVTSVGCNKCTCIKGSWNCTQNECQ,0
P14211-105,TLVVQFTVKHEQNIDCGGGYVKLFPSGLDQK,1
P78310-223,GTYSCTVRNRVGSDQCLLRLNVVPPSNKAGL,1
Q5SRN1-307,SAVRLFPLSGHLLLSCSMDCKIKLWEVYGER,1
Q7PLK0-838,FLYYNWAGTVRIPACCMYAHKLAYLIGQSIQ,0
P00186-203,VSQVVESVANVIGAMCFGKNFPRKSEEMLNI,1
P47879-170,VGTPREEPRPVPQGSCQSELHRALERLAASQ,1
E9Q5F9-1597,ALKNDEIIDATQKGNCSRFMNHSCEPNCETQ,0
O54735-405,RFPWTNENMGHINTHCIRSLLCTPIKNGKKN,0
Q02156-474,ILALARKHPYLTQLYCCFQTKDRLFFVMEYV,1
P0C6W9-4622,YSYMMPMLTMCHALDCELYVNNAYRLFDLVQ,0
Q04447-254,SMQKGGNMKEVFTRFCTGLTQIETLFKSKNY,1
Q6PB66-112,GRITKGLLQRVFESTCSSGSPGSNQALLLLR,1
Q10471-539,QIEGNSKLRHVGSNLCLDSRTAKSGGLSVEV,1
O35657-212,GIQKQREPGKGRLIVCGHGTLERDGVFCLLS,1
Q12955-70,EKALDYIKNGVDINICNQNGLNALHLASKEG,1
O04138-175,GANMDYCDKSNKQWPCQPGKKYYGRGPLQIS,0
F4JLS0-122,FWDDVILFHRCGWKNCIWTAKTDGLYLWNSA,0
Q99P72-884,KSEIANVQSGANSLPCSELPCDLSFKNTYPK,1
Q54J88-588,NNNIVIKNNKCQDEHCNEDHSNKNENNNNSN,0
P11717-1408,AITGTGDPEHYLINVCKSLAPQAGTEPCPPE,1
P30999-579,AEIGQKDSDSKLVENCVCLLRNLSYQVHREI,1
Q6XTK0-116,DWFMLMPKQKVSGPLCIRMDQAIMDKNIILK,0
Q61555-1828,ANGVCINQIGSFRCECPTGFSYNDLLLVCED,0
Q9VT04-344,WPAQTVKVLISLAVYCTFGLQFFVCLEIIWD,0
Q9Z129-471,VLIAQHFDEVWNADACNKMCDNCCKDVSFEK,0
Q8C165-432,IRSVFPEVDIVVPGICIANTDTRHYANITNG,1
P07724-114,CAIPNLRENYGELADCCTKQEPERNECFLQH,1
Q5BQE6-393,YEQHHVVQDMLVPMKCLSQALHTFQNDIHVY,0
P34465-207,TVAMGISERAAWKHTCWTKEGQMCAQQATSS,0
P51609-35,KCPSQCDQCPEEPPSCAPSVLLILDGCGCCP,0
Q9SSA4-309,YMAPEVLNGSPYNRKCDVYSFGICLWEIYCC,0
P00186-158,LKSFSIASDPTSASSCYLEEHVSKEANHLVS,1
Q9LUW0-672,GLEIWSAIKTWVTEYCTFYYNNDKTVQTDTE,0
P41091-434,AVKADLGKIVLTNPVCTEVGEKIALSRRVEK,1
A0A0A6YYL3-71,TLRSKMGKWCCHCFPCCRGSGKSNVGTWGDY,0
P62829-125,GEMKGSAITGPVAKECADLWPRIASNAGSIA,1
Q921F2-50,FPGACGLRYRNPVSQCMRGVRLVEGILHAPD,1
Q07076-388,EFSGYVESGLKTILQCALNRPAFFAERLYYS,1
Q8JSP8-578,CTCKPQAFIGWSSETCLQNGRCNIFANFILN,0
P27398-1510,VMVENRHENKWIHVKCDCQESYNVVSTRGEL,0
Q6NXM2-392,DGKYIHVHKAVLKIRCEHFRSMFQSYWNEDM,0
Q9BR39-678,EAEVEVEEVPNTILICMVILLNIGLAILFVH,1
Q8BMS4-156,HPGKPLSGMKILDVGCGGGLLTEPLGRLGAS,1
A6ZLG6-246,EQNLKPFVALCNNKDCGCVNHLKCLHRYFLD,0
Q38912-158,GEELKKLIGAPAYIECSAKTQQNVKAVFDAA,1
P47962-76,ICQIAYARIEGDMIVCAAYAHELPKYGVKVG,1
O08678-43,HIPPTKSSSRQNIPRCRNSITSATDEQPHIG,0
Q60604-424,VQIDPSSYGEFYGGDCYIILYTYPRGQIIYT,0
Q8BH00-447,HRVAKKLQSGLVWTNCWLIRELNLPFGGMKS,1
Q71LX6-504,SELKEIKGNVKRSIKCFETQPLYVIRDGSGQ,0
Q8NEZ4-1060,PKGGWKCKWCVWCRHCGATSAGLRCEWQNNY,0
A0JPG1-585,YDTYLRDAHRQFREYCAICLRWDWPGAAKAI,0
P60891-91,ACKIASASRVTAVIPCFPYARQDKKDKSRAP,1
Q65169-265,ASMCADTNVDTCASTCANTCASTEYTDLADP,0
B8JK39-483,VSIFLPGSINITAPQCHDGQQPVNCLNVTVC,0
Q9QZ41-550,MKARTPPCSPQEPHECDTENMENLPCGKIQR,0
Q7YSJ4-251,TKASNCLFETNMGFTCSYYDYCGICNGKGEC,0
Q55BA2-173,TTLNVPANGINYNVHCSSKVCDKTHDITNEI,0
O75925-402,IIDGLFMEILKYCTDCDEIQFKEDGTWAPMR,0
Q9FJ13-298,QSLIYTGLDFADVLTCERRPIIIDLPPTKKD,0
Q09277-85,VVRGFTQEMFLKNLGCGTDTCQNFPATVTSV,0
Q969X5-273,AIIGGTFTVAGILDSCIFTASEAWKKIQLGK,1
Q91WU5-251,IITVENKELEGVLGDCRFVSATFRLFKLPKT,1
P15105-99,MFRDPFRKDPNKLVLCEVFKYNRKPAETNLR,1
Q9SR79-308,SVKAVFVGHNHGLDWCCPYKDKLWLCFARHT,0
P97494-295,SAASPFYRGYVSDIDCRWGVISASVDDRTRE,1
P22105-719,VCVEGFRGPDCAIQTCPGDCRGRGECHDGSC,0
Q9JHK4-99,ELAALVKAELGFLESCLRVNPKSYGTWHHRC,1
Q00960-871,GKPGMVFSISRGIYSCIHGVAIEERQSVMNS,1
P34484-241,ELNCIVADLSDHNFQCSDFEAFAEKWMNNKS,0
P60334-130,NEMIKKSERTLRENQCAYINDSIGLHRVENV,1
Q3UQ44-246,KQTIITLRNPNAVLTCVDDSLSQEYQKELWE,1
Q91X72-230,VPPRYPLDARDYFVSCPGRGHGRPRNGTAHG,1
P32020-61,ALEDAQIPYSAVEQACVGYVYGDSTSGQRAI,1
Q0VCS6-161,DKCYQFYKESKSWQGCEYFCIAENSTMLKIN,0
F8WHM5-500,DRALNEACESVIQTACKHIRSGDPMILSCLM,1
Q9LJU0-291,NTMRGAYTHKKDPSECLYSKAGQYYKDLDFS,0
Q9P7S5-110,DYELTLCANCGYLFCCNHESDHSRKHFEKNK,0
P08572-42,LAQSVLAGVKKFDVPCGGRDCSGGCQCYPEK,1
P51609-280,NCTSVQPYKPKFCGQCSDGRCCTPHSTKTMH,0
P27701-2-74,FIGVGAVTMLMGFLGCIGAVNEVRCLLGLLK,1
Q8C419-354,PIKGLGFVLGAYQCICKAGFYHPRVFSVNNF,1
Q8CG65-2722,HTQTRDCNMHPCTAQCPGNMVFRSAEQCLEE,0
A0A7H0DN11-217,LNQCLLDIKELSYDICYRE************,0
Q9V6K3-646,YNKFSLESDVWAYGICLWEVFSFALQPYFGL,0
Q91YP0-273,TCAGLYSDRISELSGCNPDPQIVPFRGDYLV,1
Q0VF58-239,QLRIYCNANFLAEESCCNLSPTKCPEQDDFG,0
P53720-251,ANHWKNTNIGGMIAECAERDPTVFDHTSKPS,0
P05202-106,NLDKEYLPIGGLAEFCKASAELALGENNEVL,1
Q9V7S5-478,QWQIVFFIAAFVYIICGTFYNIFGSGERQYW,0
Q2PZL6-3955,SVNYCECNPCFNGGSCQSGVESYYCHCPFGV,0
O54898-313,CSLDYETYNSSSNTTCVNWNQYYTNCSAGEH,0
Q91YE5-1691,FLLLCDGCDRGCHIYCHRPKMEAVPEGDWFC,0
A2RT62-74,SLATPLSRVALAGGPCPPASGPASGPVSGPP,1
P59990-75,CRPVVYAAPSCQSSGCCQPSCTSVLCRPISC,0
Q6R325-1256,FNSPFIIASSNLSHPCPKTVYCTDAIARRLH,0
Q8VC28-145,PVNEQGKSLLDTVDFCDTWERLEECKDAGLV,1
P35486-261,GDFIPGLRVDGMDILCVREATKFAAAYCRSG,1
P00329-175,KIDGASPLDKVCLIGCGFSTGYGSAVKVAKV,1
Q8K440-1282,LVSTSFDEKPVIIASCLRKEYAGKQKHCLSK,1
Q6INS5-50,LCNPCFQMTVEKASLCCPFCRKRVSTWARLH,0
Q9M3H5-91,EQDHHNHHHHHHQHGCCSVELKAESKPQKML,0
Q9Z1Q2-205,RGTADTFLNRVKKLPCQITSYLVAHTLGRRM,1
P13265-264,KDCGRMLTRMWYCSYCQGLMMVKPCGGYCNV,0
Q9Z2H4-476,SLSVPYAYQCCAFWGCDSYANLNTEDNSPQE,0
Q9Z0L0-77,CPAACECSEAARTVKCVNRNLLEVPADLPPY,0
Q8C015-327,SYNSYTYPRLSEPTMCIPKVDYDRAQMVFSP,0
O62680-44,YNCINPAGSCTTAMNCSHNQDACIFVEAVPP,0
Q8R0Y6-762,GPQNHEAHLRKLVEYCQRGVKEGATLVCGGN,1
Q80XN0-288,GRKYFDEKIAKMETYCNSGSTDTSSVINAVT,1
Q05397-456,YMSPENPALAVAIKTCKNCTSDSVREKFLQE,1
O00220-263,LVVPLLLVAVLIVCCCIGSGCGGDPKCMDRV,1
Q8IVV2-1127,FAAGTDANIFIIIYGCDAVCTQQKYLCTNKR,0
H0YMW4-37,FQKASFKMSTVHEILCKLSLEGDHSTPPSAY,1
Q91ZX7-808,IRMYDAQQQQVGTNKCRVNNGGCSSLCLATP,1
O70589-698,ACIAMEKTKQEQQASCTWFGKKKKQYKDKYL,1
P39083-99,LSSSNEAYCSDCFKCCKCGENIADLRYAKTK,0
P47802-177,NEEELEKELYQEARECLTLLSQRLGSQKFFF,1
Q80U62-878,ERCMLCQAKGFICEFCQNEEDVIFPFELHKC,0
O08573-258,GNVLPDATRFHINLRCGGDIAFHLNPRFNEN,1
B9DGY1-329,SESFGTNDWVGIYEECALILYQEIDYINEAK,0
P30674-16,MAMNTLQKLCVVCSKCNECAMDVECLKYCDP,0
Q6VN19-501,TDESSMDDGHPRRQLCGGNQAATERIILFGR,1
Q3ECS3-39,QKVCNPECKAKEPFHCDNTHAFNRSGFPKNF,0
Q9BRT2-53,AFREGENTQVAEPEACDQMYESLARLHSNYY,1
P13569-524,GVSYDEYRYRSVIKACQLEEDISKFAEKDNI,1
P11717-2342,YKKERRETVISKLTTCCRRSSNVSYKYSKVN,1
Q9CPY7-313,NMDLMRADMGGAATICSAIVSAAKLNLPINI,1
Q96EQ9-301,AANSGYSWLITKGRNCYEYVDGQDESQANWM,0
O35465-285,ASQLKLDHYRAALRSCSQVLEHQPDNIKALF,1
P45844-315,KVCNLVPYLRDLGLNCPTYHNPADFVMEVAS,1
Q54JM2-311,ICNINNNICNFNYNNCNNNNNNNNNNNNNNN,0
Q9WTS4-711,MECGSHGVCSRGICQCEEGWVGPTCEERSCH,0
Q921X9-229,ENIKEEYNVRGYPTICYFEKGRFLFPYENYG,1
Q9H6X2-481,DRVSVMRPQPGDTGRCINFTRVKNNQPAKYP,1
O08599-110,PTAKYRAAHVFFTDSCPDALFNELVKSRAAK,1
P41243-144,RVLHRDGHLTIDEAVCFCNLMDMVEHYTRDK,0
Q921M4-981,EIQNPRERPGLGSNPCIPFFYRADENDEVKI,1
Q14789-3230,RTRSGVGWKRVLRSLCHSRTRVPLLAAIYFL,1
Q8TC41-441,CKIHIQRTEGCDHMTCSQCNTNFCYRCGERY,0
Q5BKC6-174,QESTLWIGSLGAHTPCHLDSYGCNLVFQVQG,0
P98158-208,GECILRAYVCDHDNDCEDNSDERNCNYDTCG,0
Q9XZ25-744,KCCVCGLIVRGVYAWCQGCSHGGHIEHLQKY,0
Q96JS3-698,EIILCRWYGDGIISLCSNAVGIEPVNEVSCC,0
P08249-275,FSLVDAMNGKEGVVECSFVQSKETECTYFST,1
Q922Q1-78,YPIKSCKGVSVCETECTDMGLRCGKVRDRFW,1
Q9R1S7-1248,DYARIPKEAPWRLPTCAAQPLWPCGGQIEFR,1
Q22431-8,********MDDEDMSCTSGDDYAGYGDEDYY,0
Q8IY84-318,RGVLQQIPTERYGIDCIMNDEWMQGVPYPTP,0
Q3TD49-226,AVDVTPVMICVFVVMCCFMLVLLYYFYDRLV,0
P98164-3630,TFNDCEDNSDEDSSHCASRTCRPGQFRCANG,0
Q80U35-608,KIQRMGAQQDDGNDVCPTSPDWAGDMTQGHR,0
Q9NZL4-22,RGSRLPLALPPASQGCSSGGGGGGSSAGGSG,1
Q9WVR8-230,VAERSWLYLKGSYMRCDRKMEVAFMVCAINP,0
A2A815-106,ILKEQESRKGLIAAICAGPTALLAHEVGFGC,1
Q9BWD1-383,HTLERMGRSRGVAALCIGGGMGIAMCVQRE*,1
Q3UM89-88,PAEPSLWMWVNPNIVCPINSKEAPNTIHKIL,0
Q9D517-254,SLLGILYGKKYEADMCVRRFPLEDIPADETS,1
P07724-500,CLLHEKTPVSEHVTKCCSGSLVERRPCFSAL,1
Q6S8J7-31,KPFGFRGKMGKWCCCCFPCCRGSGKNNMGAW,0
Q9D103-83,VGDTTGAQAFASTAKCLNISSLFFTILTAIV,1
Q8TGK6-75,LLNSYNIKRVLGVVYC***************,0
Q54HF1-376,KEEYDESGPSIVHRKCW**************,0
Q8NFT8-578,LNGTCICAPGFTGEECDIDINECDSNPCHHG,0
Q8C0P7-609,CPANSPPRGRWQCRICEDMFESQECVKQHCM,0
Q9Y6R7-2780,EGCQCDSGFLYNGQACVPIQQCGCYHNGAYY,0
P15392-82,PVFTIYLGSRRIVVLCGQETVKEALVDQAEE,1
P97501-116,LKYIQFETPVTSINKCPNFSTTGKWEVTTEK,1
A8MWY0-340,RCKDDSQFSEEGSSECTERPPCTTKDYFQIH,0
Q68D91-176,QLTVMHMPGHSRGSICLHDKDRKILFSGDVV,1
Q8CH36-140,YSDTVSFAMEASPWSCLQRQAAWGRQVVDFF,1
Q9W0A0-756,CPEGFYGEHCMNTCACPSANFQCHAAHGCVC,0
P78527-223,MTSAVREPKLPVLAGCLKGLSSLLCNFTKSM,1
P57083-131,QPYNLTIAWFRMGGNCAIPITVMEYTECSYN,0
Q6P3A8-226,VIPRSPFQAKGLLLSCIEDKNPCIFFEPKIL,1
P16395-393,KSSIKSTNTIKKSYTCFGSIKEWCIAWWHSG,0
Q9QYP0-152,FRFSLCPGGCQNHGQCKSPGVCVCEPGWGGP,0
Q5M8S2-3,*************MACGSVDPHGLLSSPLAS,0
Q62217-853,CPVDGVWSCWSSWSKCSATCGGGHYMRTRSC,0
A6QL48-190,YCPCCKESSVLNWQDCEAPQPQPRSPASAQC,0
P05202-295,NMGLYGERVGAFTVVCKDAEEAKRVESQLKI,1
P00511-114,LRAAHNLVKRGITNLCVIGGDGSLTGADTFR,1
Q32N48-603,NPLSDEKYHRYIKSYCPYQNITPQNYPCVRI,0
Q3UHA3-389,VPTHVFIPGDVPRGRCAFPQKEHVKSSDPGR,0
P80012-303,SSCRPDCPTGMEYKECVSPCHRTCRSLSITE,0
Q6UY61-1654,FMYLKELYNNVNKCGCCICLEWPGVVYCQDS,0
Q58G35-186,WSWKHQYERNQVPEECSYEYCLDCRGCQLSI,0
B3DMA2-520,MTEPNVSSSDATNMECSIQRDGGSYIVHGKK,0
P53026-66,GTVRLKSTPRPKFSVCVLGDQQHCDERKAVD,1
P56528-16,MANYEFSQVSGDRPGCRLSRKAQIGLGVGLL,1
Q80XN0-115,DSLKSDRLRTIQLNVCNSEEVEKAVETIRSG,1
Q5VTY9-188,LTVRCLYYTSFSLELCWQQLPAASTSYSFPW,1
Q99LB7-498,NMRRDPLHEELLGQGCVFQERQGWERPGWFN,1
Q9BUJ2-532,KMRPFEGFQRKAIVICPTDEDLKDRTIKRTD,1
Q9UMS4-16,MSLICSISNEVPEHPCVSPVSNHVYERRLIE,1
Q8BSN5-365,PMIECSLCGTWIHLSCAKIKKTNVPDFFYCQ,0
Q80X76-371,TGTEAAAGTGYQNLQCCQGVIYSMKIYFDRP,0
Q9DBW0-260,YLVFKEGRDHKRGLKCLHTFTNNVIAERVKE,1
P13639-290,KSATSPEGKKLPRTFCQLILDPIFKVFDAIM,1
P07275-521,EKLKFSAGNFYINDKCTGAVVSQQWFGGARM,0
Q8CJ70-128,VQKSLERCQVHRQCNCSQEATNATRIIHDNY,0
Q8VE96-254,SGNPRGVLEDALDAFCQVGRQPLIALALLGN,1
Q9Z0R8-538,AGTFLNMSELHICQPCGTEEWAPKESTTCFP,0
Q53H12-72,NAQVKKATVFLNPAACKGKARTLFEKNAAPI,1
Q6UWV2-215,SIEVSDDTDQEEEEACMARLCVRCAECLDSD,1
P39036-8,********MKFFIFTCLLAVAFAKHEMEHVS,0
Q8GXU5-306,LPIFEQISSFRNTLVC***************,0
Q8K1A5-44,GSAAPGSKDHLNEKPCAEAGSARTSLLILVS,1
Q9SL03-341,LLIWGEAANLRFLPECLCYIYHHMAFELYGM,0
Q7TPR4-41,DPAWEKQQRKTFTAWCNSHLRKAGTQIENIE,1
P60202-109,TGAVRQIFGDYKTTICGKGLSATVTGGQKGR,1
P51805-647,DFVFYNCSVLQSCMSCVGSPYPCHWCKYRHT,0
Q6ZMV5-98,KFQDPAGCQDIWKEICQAQGKDPSIQTTVNI,0
Q08786-185,VKQLQTTFLATAIVLC***************,0
Q8MJ47-157,RFNIKLWKTFTDCFNCLPIAAIVDEKIFCCH,0
Q9R1V7-756,VCSGHGVCSNEATCICDFTWAGTDCSIRDPV,0
Q04503-310,PTCIRGDGYLCNQTRCPHDYQCETISTNIVK,0
Q6DGT7-198,VARYFRARSDPHCPACNDFWPHEIPEMQAAQ,0
A6QR11-679,SCQNGFVMCRRMVCDCENPTVDLFCCPECDP,0
Q80T14-614,DSTGSCKVCHSSCASCSGPTAAHCIACIHPQ,0
Q9JLJ2-443,IQRAHRVAAELQAGTCYINNYNVSPVELPFG,1
B1AUC7-230,SLNPIAQQIPQIVETCCKFIEKHGLSSVGIF,0
Q01279-157,EILIGAVRFSNNPILCNMDTIQWRDIVQNVF,1
O35114-274,LISKDEVLYLFPSDLCRSVHITFSSFENVEG,1
P0C9J9-53,YAKTCDFCWDCQNDTCINKVINESISMNSIV,0
Q0VBD0-736,RMSASKKDKLILQSVCTRAVTYRREKPEEIK,1
Q3ULD5-267,GEEVSAEDLGGADLHCRKSGVTDHYALDDHH,1
Q9UQB3-857,WHPSIVKPYLTLLSECSNPDTLEGAAGALQN,1
Q70PY2-62,AVDYVIIHHSDNPNGCSTSEQCKRMIKNIQS,0
Q91XH5-172,SSLCALQPYKGWGLYCAGKAARDMLYQVLAA,1
O46392-1272,MRLLANHASQNITYHCKNSIAYMDEETGNLK,0
O15127-127,NLHVRQNNWPPLPSWCPVKPCFYQDFSTEIP,1
Q7Z202-263,INENNQIFNQYYPNLCIGFVGELGVDSTVNC,0
Q12841-98,ACLTGSKIQVDYDGHCKEKKSVSPSASPVVC,0
Q9W3Y1-196,MTKMGGKENVVGIHCCMRYDASAAFVMPFMA,0
Q8CFA2-325,PQLKGEVQRRRVGLICEGAPVRAHSPILNTE,1
O35927-987,SGSKAMSDDTVTAVCCTLHEVITKNMENAKA,1
Q63803-1115,TASGDGRHYCYPHFTCAVDTENIRRVFNDCR,0
O70325-93,VNYTQLVDLHARYAECGLRILAFPCNQFGRQ,1
O91083-37,CNNCYCKRCCYHCLYCFTKKGLGISYGRKKR,0
O76081-295,LRTEFSEENMLFWMACEELKKEANKNIIEEK,1
P07724-289,LLECADDRAELAKYMCENQATISSKLQTCCD,1
Q9TUN9-642,KFARAKLWLSYFDDKCTLPPPFNIIPSPKTI,0
Q9CQA3-251,LQDPFSVYRCHTIMNCTQTCPKGLNPGKAIA,1
P31645-622,RIIKSITPETPTEIPCGDIRLNAV*******,0
D3Z106-310,PKVIVEVLFKYPITQCLAAPGVYRMVLQQKT,1
Q9SHY8-109,GACQNCGAMTHTAKACMDRPRKIGAKYTNMN,0
O08564-143,PHFLAVCNPDWSKINCSDGYIENFVCQGNEQ,0
Q8R1B4-617,PVQILYNRTMVQLGICAFRQGLTKDAHNALL,1
Q14694-254,AGQPEGGPGADFGQSCFPAEAGRDTLSRTAG,1
Q3UQ22-225,RDWPWRPATPQHPHPCLPCQCHPIGATGGMC,0
P07724-472,VGTKCCTLPEDQRLPCVEDYLSAILNRVCLL,1
P31695-979,VLDACQSQPCHNHGTCTSRPGGFHCACPPGF,0
Q5S7W5-26,AGLMLLGVAVSACVRCQLYATKRGKDGSQGS,1
A4U7A9-447,REKTTIWTSGSSISFCGVNSDTVNWSWPDGA,0
P60174-164,QKVAHALAEGLGVIACIGEKLDEREAGITEK,1
F4JPP0-454,EARLKKIVSNYWNTHCHVFGYCTYGMPADKS,0
P33267-180,FDPVFILSRSVSNIICSVVFGSRFDYDDERL,1
P53831-52,GWDDNHYTNRPCVGWCNCNDEVISDGDYITT,0
Q9DBE0-171,NMYAMNLARFQRYPDCKQRGLRALPPLALFT,1
F6U329-1567,LYWINLVFVIFFTCECVLKMFALRHYYFTIG,0
Q9D9G2-86,FYMEMGNISCKIVPKCNLYRQKITAWQAPIV,0
Q672I1-1786,ATGAIQSNVPEAIRNCFAVFRTFAWNDRMPT,0
P0C6T8-4351,KDPVSYVLTHDVCQVCGFWRDGSCSCVSTDT,0
Q80UJ7-678,TSAEGAHLRARMQSACLLSDMESFKAANPGC,1
Q61923-482,RETEQEEQGQYTHVTCGQPTPDLKATDNGLG,1
Q9NYV4-850,HIKSFMKQLMEGLEYCHKKNFLHRDIKCSNI,0
Q8R4B8-955,LQMLELDNCSLTSHSCWNLSTILTHNHSLRK,1
Q5EA24-457,TDEEKQNLVLSLWTECLIQVV**********,0
H7BZX2-249,EAEADKIGLLLAAKACADIRASSVFWQQMEF,1
H7C234-79,CLVYCKNGRSRSAAVCTAYLMRHRGLSLAKA,1
P34327-307,ENALNHVKWDVVTFVCDGCDEEYTWKKYQEI,0
P32225-140,TCISFITLIVYLYKYCKISAKNNTYDTIYEL,0
Q05816-43,VGLALRKMAAMAKPDCIITCDGNNITVKTES,1
Q15233-145,DNMPLRGKQLRVRFACHSASLTVRNLPQYVS,1
P63319-66,HCTDFIWGIGKQGLQCQVCSFVVHRRCHEFV,0
Q99PG0-319,SELAQKYPGFIDVKACPLLANDNILHHLPKT,1
P08291-1371,KINMPMSVKTCDEECCPVNFKKCCPLVCGKA,0
F6SSP6-427,DHEISYAKYGSFFCDCGAKEDGSCLALVKRT,0
Q9QYY9-23,IKCKAAIAWKTGSPLCIEEIEVSPPKACEVR,1
P70280-21,AVVARGTTILAKHAWCGGNFLEVTEQILAKI,1
Q9BYQ0-144,CCRPACCETTCCRTTCFQPTCVSSCCQPSCC,0
Q8BPK2-345,KTCFKCGSRTHMSGTCTQDRCFRCGEEGHLS,0
O55029-276,YRLESTLNYGMERVWCVASLRGSNNVALGYD,1
Q8K441-838,VQETVSTMSLWRMQVCAIARLRILKLKRERK,1
P50645-195,NDFISRDEAIHTSASCCIYNNYLGDAPRPDE,0
P11716-2237,EIRFPKMVTSCCRFLCYFCRISRQNQRSMFD,1
Q9HCM2-811,QNKVHLYKCGAMRESCGLCLKADPDFACGWC,1
Q91WT7-217,MLDYCKSKDIILVSYCTLGSSRDKIWVDQKS,1
O19045-95,FWNKYVDGDQCESNPCQNQGTCKDGLGMYTC,0
Q9NYQ6-1916,GYLGINCVDACHLNPCENMGACVRSPGSPQG,0
Q91XH5-235,RSKLQKLKSDGALVDCGTSAQKLLGLLQKDT,1
P08865-148,PLTEASYVNLPTIALCNTDSPLRYVDIAIPC,1
Q9CZB6-167,RFQKHLERVIEMIQNCLASLPDDLPHSEAGM,1
Q8R0Y6-774,VEYCQRGVKEGATLVCGGNQVPRPGFFFQPT,1
Q9CZ13-380,IDDMVFFLQGQWMRLCTSATESEVTRGKNIL,1
Q9TU47-11,*****MAVRASFENNCEIGCFAKLTNSYCLV,0
G5E8R3-56,MVANRGEIAIRVFRACTELGIRTVAVYSEQD,1
A0PJZ3-348,CQWNYRPDHCMYGSNCREAEHEGVSVLHGNR,0
P04899-112,DPSRADDARQLFALSCTAEEQGVLPDDLSGV,1
O90304-165,DNCGNYPCHGGGKPGCSIGHPYMANGVRTRV,0
O09172-72,QISPDLVREFPDVLECTMSHAVEKINPDERE,1
A7XY94-8,********MRPTEACCYLKISLIILFYMGCY,0
C0HL13-153,TDEINCRYPVCQQQTCHNGACYNTSQRCDGE,0
P25688-195,TLPEVKDRCFATQVYCKWRYQRRDVDFEAIW,1
P32043-24,FYKQSPNIPAYNMQTCGNYGSASEVQASRYC,0
P29992-144,VSAIKTLWEDPGIQECYDRRREYQLSDSAKY,1
Q0DBW8-126,GCDKLEHPQRPGEHDCLHYLRFGRCKYGMNC,0
Q6XTD8-116,DWFMLMPKQKVEGPLCIRIDQAIMDKNIMLK,0
P30003-560,YITFTKQCASILATKCNINLDNLFIYITIGT,0
P30999-618,ALPTVANSTGPHAASCFGAKKGKDEWFSRGK,1
Q5ZJN4-442,HLMKSIPMYSKSQRPCTSTPMIDSFVRLMNE,0
P56528-258,QAWVMHDIEGASSNACSSSSLNELKMIVQKR,1
Q27571-342,RCIGRIQWSKLQVFDCRYVTTTSGMFEAICN,0
Q9DCW4-42,SGVVTDGVKHSMNPFCEIAVEEAVRLKEKKL,1
Q14457-165,TQLNVTENECQNYKRCLEILEQMNEDDSEQL,0
P80313-364,EETQIGGERYNFFTGCPKAKTCTIILRGGAE,1
Q63155-7,*********MENSLGCVWVPKLAFVLFGASL,0
Q9TZI1-390,ENVNPKDQLPPCLEPCPVCMKPQGNDKYDYH,0
E0CZF6-127,PIKNAPPGKKYVRCPCNCLLICKVTSQRIAC,1
Q9NRJ3-73,CDLAAVILHVKRRRICVSPHNHTVKQWMKVQ,0
B2GUZ1-800,TMETLGEHDPWYCPTCKKHQQATKKFDLWSL,0
Q9DBC7-362,CVKLDRPRFERVLGPCSDILKRNIQQYNSFV,1
Q8JUX6-80,GSAPARRMMSDRKYHCVCPMRSAEDPERLAN,0
A8MXZ3-128,SCCQPCCHPTCYQTICFRTTCCQPTCCQPTC,0
Q1EG27-193,TSVGTPFWMAPEVIACEQQYDSSYDARCDVW,0
P98133-1549,CYLDIRPRGDNGDTACSNEIGVGVSKASCCC,0
P48453-237,RRLDRFKEPPAFGPMCDLLWSDPSEDFGNEK,1
Q9GZP0-308,FPRCLLVQRCGGNCGCGTVNWRSCTCNSGKT,0
F4IHS2-2706,SILPDDVPGQPDDGNCEKMDTMQNNTSIDIG,0
D3Z106-102,LRDLTCRTANVFEQICGLQQGDHLALILPRV,1
F6RSH1-373,SCLKLRYADQRLSSDCEDQIRIIIQESALDY,1
P0C2W1-17,AAPAPGAGAASGGAGCSGGGAGAGAGSGSGA,1
P11725-303,MKTAKVAASDWTFLHCLPRKPEEVDDEVFYS,1
Q8K3K7-248,TNGLTDADVTKLVDTCYQSMRATFLQISQIP,1
Q9PTL2-289,LKLCQGCYDRVNRPGCRCKHSNTVCCKVPSV,0
Q9NY15-2050,GSGSCFCDEGWTGPRCEVQLELQPVCTPPCA,0
Q92622-894,ERCMLCQAKGFICEFCQNEDDIIFPFELHKC,0
H0Y3X1-203,KACAYQCHNLQGSYRCLCPPGQTLLRDGKAC,1
P97742-613,REGRTETVRSCTTESCNFVLAMMDPTTTAEQ,1
Q32KP9-114,FHQMFLLKNINDAWVCTNDMFRLALHNFG**,0
Q8BND5-455,QAMRSYVQFFFGCRDCADHFEQMAAASMHQV,0
P39053-86,LQLVNSTTEYAEFLHCKGKKFTDFEEVRLEI,1
Q61865-35,SRADRAMPKLADWKLCADEECSHPISMAVAL,0
Q80ZW2-29,AFFALLDGWYLVRVPCAVLRARLLQPRVRDL,1
Q8LAN3-265,RIVTPSGNCTDMNESCERWAVLGECTKNPEY,0
Q15233-208,VEFSGKPAARKALDRCSEGSFLLTTFPRPVT,1
Q8WTV0-462,VLLALGCVLLLVPVICQIRSQVGAGQRAARA,1
O35453-109,LLCSSRSNARVAGLGCEEMGFLRALAHSELD,1
O94952-518,YSIGLIMKHKRYGYNCVIYGWDPTCMMGHEW,0
P24448-73,KVVAKCDTEAEKKLPCKSKK***********,0
Q657W3-647,NQVHPKNWYPIPLIFCRPWGKLPEDVPCHPK,0
Q99JY9-235,SLETAKAVKERYSYVCPDLVKEFNKYDTDGS,1
P37040-566,REQGKEVGETLLYYGCRRSDEDYLYREELAR,1
P10518-75,QLEEMLRPLVEAGLRCVLIFGVPSRVPKDEQ,1
Q5RGL7-91,NANCQKKNWPMHKLECQAMCAFGENWRPSET,0
P62717-64,SQLKKMKKSSGEIVYCGQVFEKSPLRVKNFG,1
Q55EI8-260,YGEYSISIKIDDTPICGSPFHCTIIDELNPN,0
Q9M0B7-252,NIIFLVLLVVVYAMGCCAFRNNKEDRYGRSN,1
Q5GH62-289,TFFNIKGQNTKCPMSCYYTVRVLGTLGILTV,0
P08588-392,YCRSPDFRKAFQRLLCCARRAARRRHATHGD,1
Q99PE8-158,LTVRETLRYTAMLALCRSSADFYNKKVEAVM,1
P63244-153,CKYTVQDESHSEWVSCVRFSPNSSNPIIVSC,1
Q0V8T0-982,CHNGGKCVEKYSGYFCDCTNSPYEGPFCKKE,0
Q9UKJ8-496,SHQCPEDRYVQDGIPCSDSAYCYQKRCNNHD,0
G5E814-97,VREKPDDPLNYFIGGCAGGLTLGARTHSYGT,1
Q3ECU8-30,CSYYLRTGNCYLKQNCKYHHPKNITPSEPQC,0
Q4A3R3-331,WNTHNCGHHEDAGVICSDAQRSSTVIPDWWY,0
P78536-525,EGVQCSDRNSPCCKNCQFETAQKKCQEAINA,1
Q04592-1133,GPGFHGDQELGECKPCHRACENCTGSGYNQC,0
Q5W6L9-233,RQESSPEKQTSYQCRCSFLEVHNEQINDLLD,0
P00558-367,TKALMDEVVKATSRGCITIIGGGDTATCCAK,1
Q6VZ17-326,HYLVNMRKPDINDNVCHKNQFHQSEKYKMNK,0
Q39068-372,TLDGSRKWNSTCEFHCHYSEDQLMECSRKLV,0
Q8CGC7-350,SCCLRAKIDMSSNNGCMRDPTLYRCKIQPHP,1
Q9XEC7-5,***********MGKSCVVTSSFSLLLLFLQT,0
O94832-491,NSKLGKHAHFSSRKLCASDKILEFDRDFRIR,1
P59510-534,KGCFTQHVPPADGTDCGPGMHCRHGLCVNKE,0
Q9QXD1-485,LPQSVMYLATPRPARCPAQTAADFRCPEVYT,1
D6REF3-97,IREYRQMVETELKLICCDILDVLDKHLIPAA,1
Q3TWI9-327,NPKPCGHLCCCVVRGCEQVEAIEYYTKLEQR,1
O16242-427,VFFFKLTVPSNEMSWCKPLFILHCFASIQFA,0
B1H224-273,LASPRLPSQTWEGDPCAGVEGCDPVESSGNI,0
Q9VXG1-645,RRRHYNNMDCIVRLRCMTCDAKLETHQRFLD,0
Q99805-174,MPVTWCYDVEDGQRFCNPGFPIGCYITDKGH,1
A6NIM6-62,LLVELCERFTFFEVVCNMIPFCTIKLGYHNC,0
Q90Y54-209,NKFCRPRDEFFGHYTCDQNGNKTCLEGWTGP,0
O93308-556,NMDAIIVDSEKTGRDCIQYIKEQRGEPETFL,0
P06909-597,PRKEKYRVGDLLEFSCHSGHRVGPDSVQCYH,1
O00744-364,CGRGHNVLRQTRVERCHCRFHWCCYVLCDEC,1
Q9P2B2-848,LLIGVGLSTVIGLLSCLIGYCSSHWCCKKEV,1
Q9CR09-116,ELDGKTAKMYRGGKICLTDHFKPLWARNVPK,1
Q02747-112,IAEDPGTCEICAYAACTGC************,0
Q8BY89-106,NIVKCANPLVLLEFHCPTPQICVKQCPDRYL,1
P36005-330,HPYLSMWHDIDEEFSCQKTFRFEFEHIESMA,0
A7YWH9-577,EDPHEWPDDITKWPICTKSSAGNHTNHPHMD,0
Q6GUQ1-110,VCCQGWKKPHPGALTCDAICSKPCLNGGVCT,0
Q3UV70-27,VRNCELSRIYGTACYCHHKHLCCSPPYIPQN,0
Q8NHU3-348,FSWPLSWPPGCFKSSCKKYSRVQKIGEDNEK,1
P63241-22,FETGDAGASATFPMQCSALRKNGFVVLKGRP,1
P53668-575,GLNVRGFLDRYCPPNCPPSFFPITVRCCDLD,0
Q76LL6-1399,GHPPYAIREVNINKFCRIISEFALEYRTTRE,0
P11725-27,AALRKGHTSVVRHFWCGKPVQSQVQLKGRDL,1
P84099-17,SMLRLQKRLASSVLRCGKKKVWLDPNETNEI,1
Q96P20-415,QENEVLFTMCFIPLVCWIVCTGLKQQMESGK,0
Q86KC7-362,TCDTIPVGPDCTTVKCAMPVCEDGAKPTKNP,0
Q01995-38,DEELEERLVEWIIVQCGPDVGRPDRGRLGFQ,1
Q8VDU5-689,LFSSVKVQEKSTWKMCISAPGPSPSADLDPV,1
Q02248-466,VLRAGDREDITEPAICALRHLTSRHQEAEMA,1
Q8K3F6-256,MDRRGGTWKLLGSAICAHSKELITAWYIGFL,1
Q91VD9-463,SPKILQDIASGRHSFCEVLKDAKKPMVVLGS,1
Q91YQ5-478,SITKDPAAEARMKVACITEQVLTLVNKRLGL,1
P24585-270,KCICTYDRDMEVAWPCFNISVWYDHECPLCH,0
Q9QXE0-243,AYSHAEDSIRKLVEQCSLPFLPTPMGKGVVP,1
Q8BR63-109,LWFYMLRAATSTLSVCDFLGEKIASVLGIST,1
Q8C196-1049,ELSLERILDIYHQEACNGCIISVGGQIPNNL,1
D3Z041-221,KAKLLLEGVENKLTPCLKIIVIMDSYGSDLV,1
Q8TEY7-664,DSPAQIVTYDLLSVICHHGTASSGHYIAYCR,0
P50247-113,PVFAWKGETDEEYLWCIEQTLHFKDGPLNMI,1
P55072-209,EEESLNEVGYDDIGGCRKQLAQIKEMVELPL,1
P05362-52,ILPRGGSVLVTCSTSCDQPKLLGIETPLPKK,1
F8WHM5-309,DRHLYFACRDDRERFCENTQAGEGRVYKCLF,1
P22717-265,FSIIHPQVTFNISSICKFINSQFVLKTRKEM,0
E9Q484-156,LLYRGEPGAGSPVKGCTGDLLEIQQPVDLAA,1
P63244-286,KQEVISTSSKAEPPQCTSLAWSADGQTLFAG,1
P11352-76,QKRLGPRGLVVLGFPCNQFGHQENGKNEEIL,1
O82328-78,MKDRCLKYCGICCKDCQCVPSGTYGNKHECA,0
P62242-71,RALRLDVGNFSWGSECCTRKTRIIDVVYNAS,1
Q08156-879,FYKMIKEGYRMFSPECSPPEMYDIMKSCWDA,0
E9PXC3-213,IGKVNECTEILSSPGCQIFNAVPILIDYCPG,0
O88280-970,PINTCVQNPCQHGGTCHLSESHRDGFSCSCP,0
O54908-141,RHAMCCPGNYCKNGICMPSDHSHFPRGEIEE,0
D3Z4E2-99,YWEDFHSCTVTALTDCQEGAKDMWDKLRKES,1
Q9JJ00-194,REVMTLERPLRCSSCCFPCCLQEIEIQAPPG,0
Q7TMG8-103,CQEVLPKIHEGKQYPCTLVGTWNTWYGEQDQ,1
P28729-575,NLSCVQGECPYCFTHCEPTETATQAHYKVCQ,0
O16216-10,******MATQQAKILCCGDVNGNFVELIKKI,0
P11388-392,TKENMTLQPKSFGSTCQLSEKFIKAAIGCGI,1
Q5GH67-523,AFFHPNGPRFGQSPSCACDDPATAFSLPPEV,1
Q20390-9,*******MRYFPLLLCLLAITTAEFRNATKQ,0
F1LPQ2-324,NCKKILGENAKPNYGCQVTIQSEQEKQLMKQ,0
Q8R0Y6-404,QLLVRKLRGEDGESECVINYVEKAVKKLTLQ,1
Q8IH18-567,QLGSQARQHHPCNDDCRTINLSNIANHVHLE,0
Q69YQ0-79,GGVTVTNGVKGKKSTCPSAAPSASAPAMTTV,1
Q8NG78-204,ICASAHIGCMFRVQFCKFDVINHYFCDLISI,0
Q8R0Y6-537,HVGMSIQTFRYFAGWCDKIQGATIPINQARP,1
Q80TN5-590,FKVTTTSIESPFNHGCVRNIIDFFEFRCCGL,1
Q8CC86-484,QVEPLLRLYLQQGQLCEPLPSLDESRRFAQQ,1
Q01279-470,EISDGDVIISGNRNLCYANTINWKKLFGTPN,1
Q60759-176,RQKYLPGLAKGELLGCFGLTEPNHGSDPGGM,1
P55196-942,PDLQLPFLLPEDGYSCDVVRNIPNGLQEFLD,1
Q68798-1652,NEVTPTHPVTKYIMACMSADLEVITSTWVVA,0
O35490-104,YVAEKISGQKVNEAACDIARQVADEGDALVA,1
Q3ED15-230,VCQHQMRSDWARFMGCMTTFFVSGLIHELVY,0
P97333-875,TIIAMSALGVLLGAVCGVVLYCACWHNGMSE,1
P20659-2283,CTYRNYDAFQRHLPSCSPTMSSNETESDVSG,0
Q15031-276,EWYGIKGMQAHWIGDCVGCHLDFTLKVHGQA,0
Q8VHQ9-533,ETPEYQRGETLCSGFCLWREGDQMTKVSYYN,1
F8VQ03-522,CTDLFGKYAKGPNYVCAQEVNLQNDKFGNCH,0
A6BM72-768,CQCQNGASCDHISGKCTCRTGFTGQHCEQRC,0
Q9D6M3-52,QNQQNGQRMYASMSDCLIKTIRSEGYFGMYR,1
P41216-298,NPKGAMITHQNIINDCSGFIKATESAFIAST,1
Q62261-112,GERLPKPTKGRMRIHCLENVDKALQFLKEQR,1
Q8BYW9-61,HIPFFLHNNRHVASVCREDSHCPYKKHLENL,0
O35490-256,KAYLMSQPLAYHTPDCGKQGFIDLPEFPFGL,1
B0S5D5-121,YCFLLQPMRARHCKWCKRCVRRFDHHCPWID,0
Q8C196-1256,NVQFLVKGNDVLVIECNLRASRSFPFVSKTL,1
P06882-636,TAEGSYEDIQCYAGECWCVNSQGKEVEGSRV,0
P97379-73,QNDIHHKVLSLNFSECHTKIRHVDAHATLSD,1
Q8VCH0-381,VNPLGGAIALGHPLGCTGARQVVTLLNELKR,1
Q6NZL8-213,NQKDCTLTCNYGNGGCQHSCEDTDTGPMCGC,0
P08752-255,EMNRMHESMKLFDSICNNKWFTDTSIILFLN,1
Q8NEX5-72,IMTCVRPNHTCCWTYCGNICLDNEEPLKSML,0
P78380-36,GKKAKGLQFLYSPWWCLAAATLGVLCLGLVV,1
P54703-473,NELNHFYIGTEEGVICQAGRHGNRIVMNERY,0
P03239-124,MTSMMIHGYESWALHCHCSSPGSLQCIAGGQ,0
Q9ZVA0-93,QYLDQFGKTKVHIHGCVFFGQVEPAGQCNCP,0
Q9DBG7-252,KEKGKKAPRVWELGGCANKEVLDYSTPTTNG,1
P01871-244,PSFASIFLTKSTKLTCLVTDLTTYDSVTISW,1
Q8R000-299,CSPPYSSKIRSQVMNCHMLILETFLMTVLTR,0
P97328-57,NASNSCTVLSLLGARCAFMGSLAPGHVADFL,1
Q61176-303,EVKSTVNTAVALTLACFGTQREGNHKPGTDY,1
P29474-1009,RGAPSFRLPPDPSLPCILVGPGTGIAPFRGF,1
O14099-351,PYPYNTWISTIRCNDCNSRCDTKYHFLGHKC,0
Q9UBW7-801,EMKHFCDQHCLLRFYCQQNEPNMTTQKGPEN,0
Q568E2-49,CNIKSHLFNHMKYNLCKNSISLVSQRMEQTG,0
Q6UXH1-137,KTLKVCCSPGTYGPDCLACQGGSQRPCSGNG,0
P0C6Y1-3904,TTEKDPVGFCLRNKVCTVCQCWIGYGCQCDS,0
E9PW34-1947,EEEEEEEDTSWTGKLCALVYKIKGPPKPEKE,1
F6VQH5-180,IELPMDTKTNERRGFCFITYTDEEPVKKLLE,1
P17563-268,IRFLHDPSATQGFVGCALSSNIQRFYKNAEG,1
O14234-1465,GWNDVMHDYTISYPNCVNGDDFYNSDCGNKP,0
P24105-390,PERGSDPEVTYMWSNCRGEFFYCNMTWFLNW,0
Q9Z0V2-588,RSSLNAKMEECVKLNCEQPYVTTAIISIPTP,1
O22806-88,IDEYEGDDPLSPWIECIKWVQEAFPPGGECS,0
P18564-467,CNCDCQKEVEVNSSKCHHGNGSFQCGVCACH,0
P62702-181,TGKITDFIKFDTGNLCMVTGGANLGRIGVIT,1
Q9HDU6-345,KTMMLLTKSRLGLNRCRAHAR**********,0
Q6ZJM9-495,CFQDKDDDQIVMCDGCDEGYHIYCMRPARNT,0
B9EJG8-66,HAPYISIAGDDPPASCVFSQVMNMAAFLALV,0
Q9CQE8-19,RKLTALDYHNPSGFNCKDETEFRNFIVWLED,1
Q8VDD5-740,TPNSIPKGFMDGKQACVLMIKALELDSNLYR,1
P37040-363,LNNLDEESNKKHPFPCPTTYRTALTYYLDIT,1
O88728-86,AGNLEAARQYGSKAKCYNILAAMWTLVPPLL,1
A0A0G2JJZ9-65,GGLSIKKDEEVLKKNCPHIVVGTPGRILALA,1
Q9JIL4-339,AESIYSLARFSPLLYCQSQELPNGSVKEGPA,1
P62908-97,GSVELYAEKVATRGLCAIAQAESLRYKLLGG,1
Q9QXE5-391,TCTEFGFYVTCEGLQCPFSQLPALPFQLELC,0
P01027-720,YSCQRRARLITQGENCIKAFIDCCNHITKLR,1
Q68SP4-5,***********MMKQCARRQMTEPVFRVAVL,0
Q66HB3-522,TMVHTLAWCDTCNILCGLQDTRFTVWYYPNA,0
P53395-333,GLLQFPILNASVDENCQNITYKASHNIGIAM,1
P28347-359,FENGRFVYRINRSPMCEYMINFIHKLKHLPE,1
A6H8H2-194,DKNLNCGMWGSNVFLCYKKSVPASNAIAYKA,0
P04775-1052,DEIKPLEDLNNKKDSCISNHTTIEIGKDLNY,1
Q52T38-401,HCSTCDRCVEQFDHHCPWVSNCVGKKNKWEF,1
Q9Y3F4-152,KEISGHTSGIKKALWCSEDKQILSADDKTVR,1
Q7TPB0-119,GRGPGGVEGSINAGGCNFNSFLRRTVRFVGV,1
G3V645-331,WDIVAQRASQCLKQDCCYDDRDAPVPSWTVK,0
Q9LL45-462,DFVGASVVDKSATVKCEEPAENQQLMQDFPG,0
O15534-835,RGCHHGPAPPSRRHHCRSKAKRSRHHQNPRA,0
Q99MZ7-198,KSMALAWASSGVRINCVAPGTIYSQTAVDNY,1
O08914-551,KKGMKKGIGLPVAVQCVALPWQEELCLRFMR,1
Q9UT09-105,PKADELQDALCVVMRCYLEKPRTTIGWKGLV,0
Q2TPA8-71,TAAEEIEAAGGTALPCVVDVRDEQQINSAVE,1
P10608-184,IQMHWYRATHKQAIDCYAKETCCDFFTNQAY,0
Q92673-1344,GFQCQNGVCISLIWKCDGMDDCGDYSDEANC,0
P53675-1102,EHIGNLDRAYEFAERCNEPAVWSQLAQAQLQ,0
Q8BGA8-317,KTILNTLCRFPITTLCCVPTLFRLLVQEDLT,1
P0C2J7-1165,EDIVDMSDQTDMESNCQDGNNLKELKVTDKN,0
P46061-169,MGIGGGKILAAALTECHRKSSAQGKPLALKV,1
Q10352-88,PVTKEELAKHKTKEDCWIAIRGKVYNVSAYL,0
E0CXK2-1433,KKRRKAQRLPYYATYCPTRLLIHSMCTSHYL,1
O64425-48,TVSVPSDDTDDSNFDCNICLDSVQEPVVTLC,0
Q753Q4-739,ARRIKAIHHSNTFTHCEIHPSMILGVAASVI,0
Q6GTS8-7,*********MAQRCVCVLALVAMLLLVFPTV,0
Q5SW19-755,DQKQLLKDAAAFLLSCQIPGLVKDCTEYAVL,1
E9PZD8-713,DHYTGGMKQKYTVNQCQRQFEDFTVYLGERT,1
P35293-110,TFVKLDNWLNELETYCTRNDIVNMLVGNKID,1
P04191-364,CSDKTGTLTTNQMSVCKMFIIDKVDGDFCSL,1
P91645-267,TSFDNIGFAMLTVFQCITMEGWTAILYWTND,0
Q1PFG9-266,MKQFIALAIPSAMMICLEWWSFEILLLMSGL,0
O15230-1334,INAGRVWQGHANASFCPHGYGCRTLVVCEGQ,0
P82756-43,AKKCSNSWICEGDEKCKEKCMADYKGNGTCY,0
Q9P772-210,TPLGLQLIKNFAIEICHAKPNWSMENFVDKE,0
Q75N73-128,QEFCPTILQQLDSQACTSENQKSEENEQTEE,1
Q8VDQ8-148,ALAKELYPGQFKPTICHYFIRLLKEKGLLLR,1
P62702-41,VFAPRPSTGPHKLRECLPLIIFLRNRLKYAL,1
Q70E20-520,ATPCNMNTQCPDGGYCMEYGGSYLCVCHTDH,0
Q8CFE6-400,PVVIFPIRSSVTHLLCPTKEFSWLRHSIITV,1
G5ECH5-1286,QTFCFICAQILRDKQCDGIQFRYFFATPLQQ,0
P21731-2-347,TLWPSLEYSGTISAHCNLRLPGSSDSRASAS,1
A0A644F0T7-1523,SLATMGKTHLSVCPLCHEPYQ**********,0
Q04006-106,LTMRSCNMTFPHILKCYETVRYVPHPKNPSN,0
P50395-414,FISRTYDATTHFETTCDDIKNIYKRMTGSEF,0
P04850-454,QVPRPGTGDCSATNRCPGFCLTGVYADAWLL,0
P14824-114,KEIKDAISGVGTDEKCLIEILASRTNEQMHQ,1
P00511-577,GTKRRVFIIETMGGYCGYLATMAGLAAGADA,1
P34981-337,LMSQKFRAAFRKLCNCKQKPTEKPANYSVAL,1
P05202-187,AGMQLQGYRYYDPKTCGFDFSGALEDISKIP,1
P50431-329,MTTEFKIYQLQVLANCRALSDALTELGYKIV,1
Q9CYV5-234,AMSIIALVRTLVDSVCKHGPRHRCCKHYEDN,1
Q921F4-133,HHKVSVSPVVHVRGLCESVVEADLVEALEKF,1
Q8QZ72-110,KPGRRERMCMKIEHDCIFEVKHEGKVTGYAC,0
Q8QZY2-403,LEEALEAVAKAKGPVCLLAGGEPTVQLQGSG,1
P59510-1520,VGQVVEEMCDQSTRPCSQRRCWSQDCVQHKG,0
Q9R1T4-269,RQYPWGTVQVENEAHCDFVKLREMLIRVNME,1
Q9JK38-128,CAKRGRVEDVVVSDECRGKQLGKLLLSTLTL,1
P32020-365,LISKGHPLGATGLAQCAELCWQLRGEAGKRQ,1
Q61001-1846,LCMCPANYRGDSCQECAPGYYRDTKGLFLGR,0
Q96L73-1911,NCKATDENPCGIDSECINRMLLYECHPTVCP,0
Q1PEW8-102,AHYIKGIIWYFNLDHCDVDLHHIGIAANGGQ,0
G3UYK9-123,SPAKKLSHAISKSLGCVPSREPPHPVFPEQP,1
P10508-24,DCCRVRRVKCDRNKPCNRCIQRNLNCTYLQP,0
Q00174-1820,YCIPCECNGHSETCDCATGICSKCQHGTEGD,0
Q9UQB3-831,KKSQDQWDGVGPLPDCAEPPKGIQMLWHPSI,1
Q8I7P9-616,FKNQLIFDTTRSKYLCEHPFPGYTRHLIPLK,0
P10247-236,NYMPLQCHGSTGYCWCVFPNGTEVPHTKSRG,0
Q96KG7-699,IDRSCQCYPGWIGSDCSQPCPPAHWGPNCIH,0
P40240-179,TCPKKQLLESFQVKPCPEAISEVFNNKFHII,1
Q55FT1-947,VVALIDEDKCINCGKCYMTCNDSGYQAIKFD,0
P41413-739,AQCPEGSYQDIKKNICGKCSENCKTCTGFHN,0
Q9D6M3-271,LERGVNEDTYSGFLDCARKIWRHEGPSAFLK,1
Q9R0Q7-40,KDVNVNFEKSKLTFSCLGGSDNFKHLNEIDL,1
Q9CPV9-276,ARIPYTLSQTRAVFDCSAENTLFYVKESTLW,1
Q99250-910,FAVVGMQLFGKSYKECVCKISNDCELPRWHM,0
D4A523-38,KKFKMHLEDYPPEKGCVPIPRGQMEKADHLD,0
P51655-341,MQDNSVQVSQKVFQGCGPPKPLPAGRISRSI,1
Q9H1H9-1058,TLPLMVEAILSVSIGCVTARSTKLQRGLDSY,1
Q08I43-273,SRIVKKMCSENVEFECNRWWMEYEKNGWIPN,0
Q8CIZ8-570,LQGDCSDLRRQHSDPCSLNPRLTRFAEEACA,1
Q9NRY6-126,GAGQPLGQAAEESNCCARLCCGARRPLRVRL,1
Q63880-100,QPWEGVRDASINPPMCLQDVERMSNSRFTLN,1
Q9QXZ6-651,DTELAEMKLTEKESECTDVCRSPKVENDGEL,1
Q7TSH7-179,CQKCVWKFLEKPESSCPARVVAVLSFLLILV,1
P80012-848,REYAPGDRVKVDCNSCVCQDRKWNCTDHVCD,0
Q9Y446-569,GRRDLAGAPPGEVVGCFTPQSRRLRELPLAA,1
O09116-98,STNITEPDYTTIPGPCSTNITEPDYTTIPGP,0
Q99JW1-230,TSGMRVAFPDTKKTYCFDAFPNIEKVSKITS,1
Q9LN59-321,CICNNVTISGTDYANCGCSQGYEGNPYLPGG,0
P48509-79,LVVAGTVVMVTGVLGCCATFKERRNLLRLYF,1
Q9BYQ2-135,SCGSNCCQPCCRPACCETTCFQPTCVSSCCQ,0
Q78KK3-70,LQLLGGPVFGRFADQCGARAALSLSFLAASA,1
Q01339-260,EAECTKTGTWSFLPTCRESCKLPVKKATVLY,1
Q0VCW4-62,HLCKMWAERGCEHFVCSSAGNAGMAAAYAAR,0
Q8QZS1-335,TLQEVLIMEYRITQACMEGHDFHEGVRAVLI,1
Q6PF96-57,VEKAAQIGAHTLSGACLDPAAFKELFPDWKE,1
Q3UNX5-2-318,TSILQTLSKFPITVFCSAPTAYRMLVQNDMS,1
Q922B2-267,LYKQMCICADFEKVFCIGPVFRAEDSNTHRH,1
Q3UEG6-316,FLKEAFALVRERGGVCIADEVQTGFGRLGSH,1
P55098-280,YYCVKSSFLFDIYFTCPKCGTEVHSVQPLKA,0
O65451-591,GVQFQYGYVSSEKDICVFNLNTQKVERPYRN,0
P21926-153,PQRETLKAIHYALNCCGLAGGVEQFISDICP,1
Q8CBC6-592,VYNLTHLKPSTEYKICIDIPTVYQKSRKQCV,1
Q01339-79,FTCPLTGMWPINTLRCVPRVCPFAGILENGI,1
Q9QZI8-8,********MGSVLGLCSVASWIPCLCGSAPC,0
P35802-122,TGAIKDLYGDFKITTCGRCVSAWFIMLTYLF,1
Q01279-215,WGGGEENCQKLTKIICAQQCSHRCRGRSPSD,1
Q640L2-475,SLNWMWVFYFFIFMICMTTVFMVPLIVRETR,0
Q8QZY6-200,SCCVPDPAQKVVNTQCGYDVRIQLKSKWDEF,1
C3VD30-205,KQFLELKYGYFHCKDCKRRWESAYVWCISGT,0
Q9QYE5-249,GWMGKECKEAVCKQGCNLLHGGCTVPGECRC,0
P30822-596,FEFMHETHEGVQDMACDTFIKIVQKCKYHFV,0
Q9CPX7-26,AYHGGHLTIRLALGGCTNRPFYRIVAAHNKC,1
Q00612-158,PPTVYEAVTKNIQETCMSQTGWNRIIVEKPF,1
Q3ED15-216,SAIYRPGVYSPVRSVCQHQMRSDWARFMGCM,0
P54869-261,LASEYPLVDGKLSIQCYLRALDRCYAAYRKK,1
P35424-72,CTMYHVCQWCSQYGRCFLDDEPHLLRMRTFK,0
Q05D44-631,HGKNVNTEKLRAPIICVLGHVDTGKTKILDK,1
P39102-365,IANEGWPILDNPHGRCGDLYVFVHIEFPPDN,0
Q0P5H7-3,*************MACGFRRSIASQLSRVLD,0
O35678-55,TPKALIFVSHGAGEHCGRYDELAHMLKGLDM,1
P56593-163,IQEEAGCLIKMLQGTCGAPIDPTIYLSKTAS,1
A0A140LI88-636,NKKPKLSSNNYTEFICDENFDRQEPGHLEIN,0
O88427-1262,KEDAAEFDDDIEDSCCFRLHKVLEPYAPQWC,1
O35954-188,ADDWARTAAQTGPLMCAYKLCKVEFRYWGMQ,0
Q923B6-441,IPCAVLVLKCILIMPCIDKTLTRIRQGWERN,1
Q54C31-570,ICGPDGVTCAVEPKKCDDFNPCTFDSCISPQ,0
P20918-731,GRLKEAQLPVIENKVCNRVEYLNNRVKSTEL,1
Q3EDA9-5,***********MLWRCNWVKQRKRILNTLSF,0
Q9NYQ6-1307,TTISTQRVLPFDDNICLREPCENYMKCVSVL,0
Q9QXG4-104,GKIFTEWMKGATTNICYNVLDRNVHEKKLGD,1
Q8R3S2-156,LDLQNLIDFGQKKFSCCGGISYRDWSQNMYF,1
Q8GXC6-611,IDREEDEKYHKKKKVCW**************,0
Q9VUY8-303,HSQGSQMREIVDKFFCDNWTISVYMGMTVNL,0
Q7XTJ3-95,ELYEDMVLGRIFEDMCAQMYYRGKMFGFVHL,0
P13945-153,AVTNPLRYGALVTKRCARTAVVLVWVVSAAV,1
Q9JJL3-480,WEPVCGENGVTYISPCLAGCKSFRGDKKLMN,1
P25776-402,KYCYAWGCCPLEGATCCDDHYSCCPHEYPIC,0
Q8R0Y6-152,ADDGLDTGDLLLQKECDVLPDDTVSTLYNRF,1
Q8LBC0-84,QRLGMKLHVSQVTISCAMVMCHRFYMRQSHA,0
Q9JJZ2-213,SDCAFMVDNEAIYDICRRNLDIERPTYTNLN,1
Q9EP75-260,LLYNLTPDGMRFRKACNVVHEFTDAVIRERH,1
A2AEG6-62,VPTLGDRAGPLSSPGCFECCIKCLGGVPYAS,1
Q9UKS7-476,FNGEGEQIRAFKCEHCRVLFLDHVMYTIHMG,0
O15162-213,PPGVPIGYVIQTWHPCLPKFTIQNEKREDVL,1
Q27433-174,MPGGAKGPGIFFIVPCIDTYRKVDLRVLSFE,1
P02746-198,NLMRGRERAQKVVTFCDYAYNTFQVTTGGMV,0
Q9FKS0-269,LITQHIHTKLGQHDLCKIYPNVYVIQSTFQI,0
P06151-84,SLFLKTPKIVSSKDYCVTANSKLVIITAGAR,1
P56101-113,YFVLSSWWAKALFVFCGVITGCYFCCCLCCC,1
P17005-196,NPALYTQEVTPPXXKCGKENLAFFTLPTQFG,0
Q80UP8-438,SYSKKRLRYDSYSSYCNAVAEAEIEAEEGGV,1
Q5XF79-4,************MGNCLDSSARVGNRESTFG,0
Q64459-64,TVLNYYKGLWKFDMECYKKYGKTWGLFDGQT,1
Q8BW75-365,RKLVRLTKEERLRKLCELYAKVLNSQEALQP,1
Q9QYY9-273,VITELTAGGVDYSLDCAGTAQTLKAAVDCTV,1
Q2V3H6-87,SCIDHCKAIGEVIYVCFTYHCYCRKPPM***,0
O88455-205,FAMIKGYLFPTSAEDCKFTGNFFYNYMMGIE,1
P62873-204,SLSLAPDTRLFVSGACDASAKLWDVREGMCR,1
P0C9E0-181,GFQNICRQIDWIKEHCPRFPDPNQLGALLCT,0
Q8JL69-517,DVQTNTSETYDKEKDCWTLDNGHVLPYNYIM,0
H3BJG8-18,SGIPETVPLSTVNRQCSSGLQAVANIAGGIR,1
Q9EST4-146,DAQLRSTPFRYLLTPCLQKSVQNKIKSLNWL,1
P02462-1493,GNERAHGQDLGTAGSCLRKFSTMPFLFCNIN,1
Q9U6M0-151,KQQQCIIDLLEQMEDCGVMPDHEMEAMLLNV,0
Q9WTP6-92,EMVVELIEKNLETPSCKNGFLLDGFPRTVRQ,1
P22934-102,GTFTASQNHVRQCLSCKTCRKEMFQVEISPC,0
Q6P8J7-238,DDHFLFDKPVSPLLTCAGMARDWPDARGIWH,1
P08603-374,EHFETPSGSYWDHIHCTQDGWSPAVPCLRKC,0
Q9JI18-3628,CNGEPDCVDGSDEMDCVIECKEDQFQCKNKA,0
P07722-531,PVGAVVAFAILIAIVCYITQTRRKKNVTESP,1
Q9Z111-85,GDIALQIHFTLIQAFCCENDIDIVRVGDVQR,0
Q9JIF7-466,SVKIYRGALWILGEYCSTKEDIQSVMTEVRR,1
O92955-275,WEMYNCSQMRQNWSICQDVWGRGPPENWCTS,0
P47758-177,IDSMALKNSPSLLIACNKQDIAMAKSAKLIQ,1
P13726-277,VVIILVIILAISLHKCRKAGVGQSWKENSPL,1
Q02395-204,LEWDAGHKTNVQQCYCYCGGPGDWYLKMLQC,0
Q8R4P9-1400,GERGQNLSLGQRQLLCLARALLTDAKILCID,1
Q9BYK1-56,KVTGRFNGQFKTYAICGAIRRMVSVSLGFAH,1
Q8TCN5-257,YEQYGMYRCLFCSYTCGQQRMLKTHAWKHAG,0
O62664-59,QGICVRFGLDRYQCDCTRTGYYGPNCTIPEI,0
P21269-307,FWHNDSSVVKFNEENCQDMDKINHVYNDNIL,0
P22392-109,TNPADSKPGTIRGDFCIQVGRNIIHGSDSVK,1
Q6DE55-686,THRLRKLRTPSKCRECNSYVYFQGAECEECS,0
D3ZPG5-205,HSLEQQSEMAPRQVTCHTRGSPHPTTNPWKS,0
Q6ZQF0-76,DRFSGTVFDHLKQLGCRIVGPQVVTFCMRHQ,0
Q13191-411,CLTAWQESDGQGCPFCRCEIKGTEPIIVDPF,0
P58710-300,KKESSNLSHKIFSYECRFKQHVQDWAIPREK,1
Q9VNB3-157,SYRMSKLWIKTYVYCCYIGTIFWLALPIAYR,0
O65312-493,DCNNRFGGCNCAIGQCTNRQCPCFAANRECD,0
Q21502-831,QVKLCSAEIMYSCDVCAFKCSSYQTLEAHLT,0
Q8BGY2-38,SALRKNGFVVLKGRPCKIVEMSTSKTGKHGH,1
Q9Z1Z0-816,LCSQSLEITRLQTENCELLQRAETLAKSVPV,1
Q9CQ21-113,DKGAIKFVLSGANIMCPGLTSPGAKLYTAAV,1
Q15149-1405,ALLEEIERHGEKVEECQRFAKQYINAIKDYE,1
Q9JLV1-295,SSREGSPARSGTPVHCPSPIRVHTVVDRPQP,1
Q8VDN2-249,ENPLETRNIAFFSTNCVEGTARGIVVYTGDR,1
O08715-392,ASPSAEALPPKTYVSCLSSPLSGPTKDQKPK,1
Q8VHK5-52,DSKPKDLQLSKRLPPCFSYKTWVFSVLMGSC,1
P19096-2461,TYGEDLGADYNLSQVCDGKVSVHIIEGDHRT,1
Q86UE3-549,FRLQGELTRHHRIHTCEKPYECKECGKAFIH,0
Q2HW56-116,GQVSIVPQKHEPRPNCGDRGCWHTHCTSAVD,0
Q80UU9-75,LGAYRLWVRWGRRGLCSGPGAGEESPAATLP,1
E9PVZ8-3176,EHSEWESARTPIMGACGSQEQALLIDLPGHS,1
Q1RMM1-198,FLEAIENNKYGWFWVCPGGGDICMYRHALPP,0
Q05816-120,STITRKLKDGKMIVECVMNNATCTRVYEKVQ,1
Q6PCJ9-170,LYRLCYTQMGQTFSICNFWNDPHHHGIYVNV,0
O76555-84,KIAKMPAEHQNIVQQCSKDAKDVREHAKCLV,0
Q9BTC8-403,HQWYSWGPPNMQCRLCAICWLYWKKYGGLKM,0
P01870-105,KVDKTVAPSTCSKPTCPPPELLGGPSVFIFP,0
Q6DUA8-160,VRAVMTNGLLEVKISCIQTHEKKKVEVLLPG,1
Q9R112-127,QWIQDRVAELNPDENCIRTDSGKEISYRYLI,1
Q6NZL8-217,CTLTCNYGNGGCQHSCEDTDTGPMCGCHQKY,0
Q0VAX3-451,PRHNYHKVAPLVKSLCAKHGLQYINKPILKA,1
Q9R0Q7-58,GSDNFKHLNEIDLFHCIDPNDSKHKRTDRSI,1
Q8NFD5-676,QQMPPQYGQQGVSGYCQQGQQPYYSQQPQPP,0
P28799-171,SCCEDRVHCCPHGAFCDLVHTRCITPTGTHP,0
Q18LD9-126,TTQNGTLYVYKKCCKCPNNCLFNCTVLTNYG,0
Q32ZI3-38,QSINNPVSCVTHGGICWGRCPGSFRQIGTCG,0
A0AUV4-470,HIALAEDKPIRSRGWCRGIMRWTRRVGNAIR,0
Q9LYZ7-1178,SRAFQNPDLGMWRNDCSFIVGKPVEHSGVLA,0
O08715-80,VAPTVTQPPGREEQRCVDKPSTEPLALPRTR,1
P02768-416,FKPLVEEPQNLIKQNCELFEQLGEYKFQNAL,1
Q14181-554,IIPSELRYFVKDVLGCVCVNPGRLTKGQVGG,1
Q13530-72,QRKEMETYLKKIPGFCEGGFKIHEADINADK,1
B6EUB3-1370,CSTKENKLVNDELIGCRIEVWWPMDKRFYEG,0
P10493-401,QTCANNRHQCSVHAECRDYATGFCCRCVANY,0
F4IH21-132,RPDKDYQFWRWQPNHCDLPSFNASLMLETLR,0
P97384-224,KAMKGFGTDEQAIIDCLGSRSNKQRQQILLS,1
Q8BWQ1-31,CWAGCGFCSKVLVWPCDMSHWLNLKTILEEL,1
P35556-1708,IDECFAHPGVCGPGTCYNTLGNYTCICPPEY,0
Q3THE2-109,LNGTDPEDVIRNAFACFDEEATGTIQEDYLR,1
P98088-5066,PFSKFANNTEGQCGTCTNDRKDECRTPRGTV,0
Q5VMQ5-527,DKSENGELIEMYPDRCGNSEQSPDVPEALTC,0
Q8K441-1366,SAVGHQGDSRAEFGYCPQENGLWPNLTVKEH,1
Q7SY53-401,KFPYTAECYDSSYNSCSSEDSD*********,0
P45880-210,VNDGTEFGGSIYQKVCEDLDTSVNLAWTSGT,1
Q9Z211-85,ATEQSIQAADLAPRLCLTLANLNRVVYYICD,1
C0HKD2-380,WVSEWSSGDQGQRLSCKPIPSPVEKPLLTPD,0
G3X973-333,CHVSCKPHSCDRSATCQVTPDRKTSCVCKND,1
Q6GQD5-39,CSNNAPSLSVPECAICLQICVHPVSLPCKHI,0
O08749-85,IEKNETLGGTCLNVGCIPSKALLNNSHYYHM,1
P25391-1056,CQACNCSLVGSTHHRCDVVTGHCQCKSKFGG,0
Q91690-886,AENYSGQSNVSNFNQCQMTAHNQHFQNTRQA,0
E9PNW4-88,NDVTTRLRENELTYYCCKKDLCNFNEQLENG,1
Q9T065-399,VYEVKLNISPGSSCHCNEPGWFRVCFANLSE,0
Q6PIC6-695,FARTSPQQKLIIVEGCQRQGAIVAVTGDGVN,1
O54754-160,GNLCRCTGYRPIIDACKTFCKASACCQSKEN,0
P38811-641,FSYEEVIVFKDLFHECIIGLKFFKDHNEKLS,0
Q28833-720,CADTRKVPLDTSPATCHNNVMKQTMVDSSCR,0
O54828-641,NFFQIKMEMPTDSGTCLMDSDDPRAGESGDQ,0
Q14699-494,KNLEDQSSKAGDMGNCVSGQQQEGGVSEEMK,1
Q288N7-41,CTVWCPEDCGWYVGRCSCPKSCQREGWDDFF,0
Q8VE95-100,NHSGRYEASFPFLSLCGRERNFLRCEDRPVV,1
Q38912-21,FIKCVTVGDGAVGKTCLLISYTSNTFPTDYV,1
S4R2T3-34,DEVSMTAMSSSEEASCYRRYSSNRPAAPTDL,1
Q6AYQ2-7,*********MNSKCHCVKLNDGHFIPVLGFG,0
Q80Y14-63,DKVVVFLKGTPEQPQCGFSNAVVQILRLHGV,1
P06494-542,PTQCVNCSHFLRGQECVEECRVWKGLPREYV,0
Q8BWT1-103,LNRLCGSGFQSIVSGCQEICSKDAEVVLCGG,1
Q75N90-1748,ANGICINQIGSFRCECPAGFNYNSILLACED,0
Q9UQ26-126,QQQQEQKGDAPTCGICHKTKFADGCGHNCSY,0
P12791-445,STGQIFDQKSVGKRICLGESIARSELFLFFT,1
O75712-60,GDEQKDFDCNTKQPGCTNVCYDNYFPISNIR,0
Q8CAS9-393,TDYQEVWVTKGFKLSCQYVFHVAWHSQINKY,0
Q8K2V6-366,KIKMAFFTYPTLTEICRRLVSHYFLLTEEEL,1
Q6NSR8-284,LSIKGKTTMPGMKRDCGGAAAVLGAFRAAIK,1
D6RFE4-97,KLKAGDTVIPLYIPQCGECKFCLNPKTNLCQ,1
Q9FWQ5-1044,KNDEEIEESWVQCDKCQAWQHQICALFNGRR,0
Q6QNU9-657,MPHYIYILESNLACHCANAWMEPWVKRSTKT,0
B1AT06-82,PGYSSFPSPTGSEPSCKACGVHFASTTRKQT,1
P21333-2543,HETSSVFVDSLTKATCAPQHGAPGPGPADAS,1
Q99088-362,QKRCEDINECENPNTCTQICINLHGGYKCEC,0
Q8MHY7-64,NIWRCNCPKKFQGEHCEIDTLKTCYHGDGHS,0
O35927-664,EIRELVTGVLWNLSSCDALKMPIIQDALAVL,1
Q99719-300,NMLIRTHMHDLKDVTCDVHYENYRAHCIQQM,0
A6BM72-54,QESYAHPFDQIYYTRCTDILNWFKCTRHRIS,0
Q9US53-226,PFEDFVRKYQTSEDQCFETDLFPKFFTKDEH,0
O88799-4377,PLGTECKDSVDGGSNCTKIALQCPAHSHHTY,0
Q21041-1146,VEYIKTGNINKRPSNCHKDVYKIMKMCWQAS,0
Q9CPY7-462,LADVNNLGKYRSAGACTAAAFLREFVTHTKW,1
Q9Y6N6-880,PCSCHPQGSVSEQMPCDPVTGQCSCLPHVTA,0
Q99MZ7-79,ASLPPSSSAEVSAIQCNIRKEEEVSNLVKST,1
Q9WU39-33,RGPQAPTIKDLMHWYCLNTNTHGCRRIVVSR,1
O88839-444,FVDPGEQCDCGFPDECTDPCCDHFTCQLRPG,0
P51174-342,IQTVQHKLAELKTHICVTRAFVDSCLQLHET,1
Q9NZU5-301,IYFWKDGAPWCGRHYCESLRPRCSGCDEIIF,0
Q9XWD6-816,DRCDKPCEDGYYGPDCIKKCKCQGTATSSCN,0
Q9EQF6-22,SVRILIKGGKVVNDDCTHEADVYIESGIIQQ,1
P20428-213,CTPLRPSWTASRWRICLSPSQMKPCPTEIVC,0
Q9UK96-180,ALLASIDQHCSTTRLCNLVFTPAWFSPIMYK,1
Q9H4I8-306,SEPQHVASIISSFLQCTHMLPAQL*******,0
Q55E31-258,ELTKTNGEKSDDSKSCCK*************,0
O70475-288,GGSCFQKDVLNLVYLCEALNLPEVARYWQQV,1
Q8W4A7-505,YLGYNKPWLCFRDYDCNWNVDIFQEFASDEA,0
A8MVA2-19,CCSPGCQPTCCRTTCCRTTCWQPTIVTTCSS,0
Q9WTL4-214,RTDYRCWTSSHCQKVCPCPRGMACTAGGDCC,0
P17021-361,IRHQKVHTGERPFYCCECGKFFMDSCTLIIH,0
Q6AU80-401,LLEVVFTHTAEGESECQTISMRGIDNSSYYI,0
H3BTI4-52,KGPQRLEKYPDEKSVCLRGCPKVTEISNVKC,1
Q75EB9-5,***********MKRTCALASRAVPKSLLERQ,0
O95047-240,LQIQSREVQRKAFRTCFSHLCVIGLVYGTAI,0
Q9VB11-1589,DLMSSYNYYCTHKGYCHPFCYKRHMRSCTRL,0
B3M1F2-416,SDLFAMSKHGVQTQYCNPEGYIHETNTVYRV,0
Q6IE82-290,AHVSCALWIPEVSIACPERMEPVTKISHIPP,0
Q99PG0-339,NDNILHHLPKTYIITCQYDVLRDDGLMYVKR,1
Q9JJ28-241,SDVDLSCNDLTRVPECLYTLPSLRRLNLSSN,1
Q5FVQ8-372,EGHHQIAAACFLPSYCWLVCATLHFLHAPTS,0
Q68EV0-134,RYRSSVPSSCQMYRTCLAFSMVSVNAWFWST,0
A2VE56-127,KEGTFTVQFYDGVIRCLKRMHIKAMPEDAKG,0
P01889-283,WAAVVVPSGEEQRYTCHVQHEGLPKPLTLRW,1
Q6DGA6-166,EVVPVTKLKAGYSDTCHNYLSVSYPHRVTHI,0
O39927-2056,GHVKNGTMKITGPKTCSNTWHGTFPINATTT,0
Q6EBV9-234,GQFIFIVTFTTFLLRCVDYNVLFNNQPKNHT,0
Q96EW2-322,WLNPTEVEETSHAVNCCYLNAAVSAFFDRCR,0
Q64516-387,GLYAPYWEPSARGIICGLTQFTNKCHIAFAA,1
Q5NCU0-290,GEGRFNFSAYGMGPACLQAKDGISVKGANNN,1
Q9D2Y9-117,VDYSQSPRAMRMVHTCWLYYFSKFIELLDTI,0
P21729-341,LSKSFRKQFNTQLLCCQPGLMNRSHSTGRST,1
Q63722-265,DCRCQYGWQGLYCDKCIPHPGCVHGTCNEPW,0
Q63886-188,FLNKLPCSLDSEATQCPVPLSYVPKSLSFNS,1
P00158-70,YTSDTMTAFSSVTHICRDVNYGWLIRYMHAN,0
Q9EQF6-241,AEATHRVITIANRTHCPIYLVNVSSISAGDV,1
O13801-571,WLCECGFTNFRRRSNCLRCNAPHYSNMQIPA,0
Q9CRT8-38,AYFEQLKISPDAWQVCAEALAQKTYSDDHVK,1
P11588-156,EPDLSSDIKERFAQLCEKHGILRENIIDLSN,1
P12790-152,MGKRSVEERIKEEAQCLVEELKKYQGVPLDP,1
P53873-102,GKNFPLQLYSLMDGQCILSYDTMNKINGEYE,0
Q9XUY5-173,TFPCRFDLGLFEKANCGAKDQYGYKSGKPCV,0
Q8NH69-167,GIADALIHMTLAFRLCFCGSNEINHFFCDIP,0
O02002-5,***********MTDECVTRNYGVGIRSPNGS,0
P0C567-142,LRKQHRELKDKCDARCLVLGECFCLECYMQW,0
O61370-355,CHTYFFDFNRTTDRICTFKDIPCLVDNFANI,0
Q8HWS3-727,HSTSGLYPHHTEHGRCMAWTEQQLSRDFFSG,0
Q5SXR6-463,RKQLLEKWLKEDKLECSEELGDLVKSVDPTL,1
Q9Z2W0-411,VGVPLQDLMVRNDSPCGTTIGPILASRLGLR,1
Q58DT0-67,EYWTKRHVWEWLQFCCDQYKLDANCISFCHF,0
B3NBB6-411,RCEIRECHNYCVHGTCQMSESAYPKCYCQPG,0
P63038-237,GYISPYFINTSKGQKCEFQDAYVLLSEKKIS,1
Q8VC12-95,CPSIEMRAYPIDQYPCRTRAAAAIMHMIMNN,1
Q7TML3-271,QWDWKIALLFVAFALCMFCLYSFMPLVIKVT,0
P68762-140,VFYEGVNWSPHAAINCYRKNWTDIKLNFQKN,0
P11716-2363,ENANVVVRLLIRKPECFGPALRGEGGSGLLA,1
P20842-4,************MNHCLLAISAVYFKAKWLT,0
Q9ZVJ4-196,IGPNNRPKLAVVITECGEM************,0
Q9CXT8-389,VADMLHVVQNEWKRLCTDVTESEVARAKNLL,1
E9Q6G4-772,GIPEPWNFPFRRSYWCGPGPPKSSVLAPAPQ,1
Q91YP0-377,VFQHFSYGVNEMYKACFLSETVKHLQKFIPE,1
Q8BFV3-248,SSDCPNHFEGHYQYKCIPVEDNHKADISSWF,0
Q9R0P3-56,ESGKCPALYWLSGLTCTEQNFISKSGYQQAA,1
Q9H1C7-79,YVVEDQRRDELGPSTCLTACWTALCCCCLWD,1
O14329-335,DQLNYAAIWQPHYNTCIANIGLTVSGGEREQ,0
Q5Y5T5-245,NPFTRGCYGNVEHVLCSPLAPRYVVEPPRMP,1
Q9BRP7-461,KDYMIRVKTHNFSPDCTEDLIIGSVITSATS,0
Q8R0F8-132,KKGLPWTLAKSFTSSCPVSAFVPKEKIPDPH,1
Q5BK84-603,SRDCNDHGVCNNFNHCHCDKGYNPPYCESVK,0
Q3TDN2-194,GDDHQDSDEFCRNALCAPEVISLINSRMLFW,1
Q9HCJ6-140,RVMAFVNYNAWAEVVCTPVEFVYKIPDDMSF,0
P60866-70,RMPTKTLRITTRKTPCGEGSKTWDRFQMRIH,1
Q9ESB3-485,LTLPEANFPSFSLPNCNRSLQPEIQPFPQTA,1
Q6PHG8-153,RLMGVINKMGASHVGCLVHGCFNASVMKPNA,0
P15328-189,ACQPFHFYFPTPTVLCNEIWTHSYKVSNYSR,1
P30989-381,LVSANFRHIFLATLACLCPVWRRRRKRPAFS,1
Q6R0H7-1098,EFLRISTASGDGRHYCYPHFTCAVDTENIRR,1
Q3MHN7-261,KHYKVYKRPNCGQCCCKITVCRLGENNRMTY,0
P52746-374,RKHKKQGHPGSEELRCTFCPFATFNPVAYQD,0
P62855-23,NGRAKKGRGHVQPIRCTNCARCVPKDKAIKK,1
Q8R3L5-35,GDEAQRNKKKKKKVSCFSNIKIFLVSECALM,1
P04426-93,ILHSVSGGLQSAVRECKWQFRNRRWNCPTAP,1
Q08211-773,LEQRKGRAGRVRPGFCFHLCSRARFERLETH,1
Q571F8-136,ESSSGGLLDRELFQKCVSSNIVLLTQAFRKK,1
Q54D44-1166,GSLHSKEQSQIYFDKCEGFKYYSNNINLATS,0
P0CE96-59,QQWDSRAIEKTTIISCMRPANQEIYPLRHCE,0
Q8BYU6-342,TIIFTAAREGKETLKCLSYHVANAYTSSQKV,1
Q8CFG4-220,YADRKQEPKQRNCESCQSRQEEPVSNTHHHS,0
Q8IWR0-921,ICDRYMNGTCPEGNSCKFAHGNAELHEWEER,0
P18751-350,HQTGKKPFSCSKCGKCFAFLSDLTVHRRIHT,0
Q99JR5-134,DNCNRCTCHEGGHWECDQEPCLVDPDMIKAI,0
Q8C145-153,HRSHTVAGKNNRKAFCPDLDSDNSGKNPRTS,1
Q1ZXI2-524,TVDLPPHFIPMYITNCIDSCNNIKDKAMQQR,0
Q3UP75-331,MNSAFAHLPQGVLWTCKSSHWPKDVSLAPNV,1
