ID,Organism
Q6JTA8-86,Sus scrofa
P0C9W7-52,African swine fever virus
Q5BL07-734,Mus musculus
Q9CQN1-503,Mus musculus
P62917-115,Homo sapiens
D3ZB94-192,Rattus norvegicus
G3X973-72,Mus musculus
Q8TB22-770,Homo sapiens
P08100-323,Homo sapiens
Q2RAP0-311,Oryza sativa subsp. japonica
Q5BJQ7-335,Rattus norvegicus
Q641X7-319,Rattus norvegicus
P24530-402,Homo sapiens
P49429-72,Mus musculus
Q9QY93-110,Mus musculus
Q3TC72-214,Mus musculus
Q5U458-494,Mus musculus
P49698-188,Mus musculus
Q6SZ87-709,Arabidopsis thaliana
P52825-489,Mus musculus
P20334-87,Mus musculus
Q9Z2G0-465,Mus musculus
Q15012-19,Homo sapiens
P19637-234,Rattus norvegicus
D3Z106-310,Mus musculus
P41950-329,Caenorhabditis elegans
Q54C31-570,Dictyostelium discoideum
Q8CAS9-393,Mus musculus
P63244-240,Homo sapiens
Q64442-130,Mus musculus
Q8NG27-599,Homo sapiens
E1BMV3-235,Bos taurus
Q14BI2-618,Mus musculus
Q0P5D3-46,Bos taurus
P24270-232,Mus musculus
Q498L9-1383,Xenopus laevis
O35215-57,Mus musculus
P10166-199,Mus musculus
A0A8M9PQ61-180,Danio rerio
Q8IYH5-853,Homo sapiens
P04491-333,Human adenovirus A serotype 12
Q9R0Q7-40,Mus musculus
O23188-413,Arabidopsis thaliana
E9Q933-64,Mus musculus
Q7KZF4-440,Homo sapiens
Q09277-85,Caenorhabditis elegans
P47944-16,Homo sapiens
Q96L73-1911,Homo sapiens
P0C6Y5-3406,Porcine transmissible gastroenteritis coronavirus
C6S3N3-174,Drosophila melanogaster sigma virus
P08865-163,Homo sapiens
Q6ZQI3-205,Mus musculus
Q921I1-156,Mus musculus
E9Q0U7-34,Mus musculus
Q5M8N0-134,Mus musculus
Q9DBK0-540,Mus musculus
O62664-59,Bos taurus
Q9ZSM8-634,Arabidopsis thaliana
Q9NR16-137,Homo sapiens
Q8JZN7-216,Mus musculus
P63104-94,Homo sapiens
G3V511-1595,Homo sapiens
P09668-327,Homo sapiens
P0C991-234,African swine fever virus
Q9W3Y1-196,Drosophila melanogaster
O55058-39,Cricetulus griseus
A0A7H0DMZ9-421,Monkeypox virus
O83735-162,Treponema pallidum
O57220-125,Vaccinia virus
Q93WV7-133,Arabidopsis thaliana
P06795-430,Mus musculus
A8WFJ9-154,Caenorhabditis elegans
Q9GZY6-28,Homo sapiens
P05064-339,Mus musculus
P60710-217,Mus musculus
P36143-201,Saccharomyces cerevisiae
Q8NFD5-676,Homo sapiens
Q9LEW3-17,Arabidopsis thaliana
Q54D75-57,Dictyostelium discoideum
P49015-585,Cricetulus griseus
Q8IWZ5-53,Homo sapiens
Q9D8N0-266,Mus musculus
Q9WV32-26,Mus musculus
Q0GA42-373,Mus musculus
P07724-114,Mus musculus
Q9R1C6-38,Mus musculus
G3XAL1-249,Homo sapiens
Q9JK38-157,Mus musculus
Q9D6R2-127,Mus musculus
Q99MR6-489,Mus musculus
Q9P2B2-848,Homo sapiens
F4I116-36,Arabidopsis thaliana
Q12841-98,Homo sapiens
Q8BWQ1-516,Mus musculus
Q9H6R6-118,Homo sapiens
Q9Z0H8-133,Mus musculus
Q6PHG8-153,Danio rerio
F6Q3G7-183,Mus musculus
Q5SRN1-307,Homo sapiens
P52196-248,Mus musculus
Q9D1A2-192,Mus musculus
O15394-723,Homo sapiens
Q9Z2H4-476,Rattus norvegicus
Q62956-258,Rattus norvegicus
Q5DU41-109,Mus musculus
Q64337-2-113,Mus musculus
Q99KE8-181,Mus musculus
P49815-887,Homo sapiens
P29475-1280,Homo sapiens
Q86XA6-23,Homo sapiens
Q6PCW6-95,Mus musculus
Q8BHE3-319,Mus musculus
O13533-83,Saccharomyces cerevisiae
P28729-575,Seoul virus
Q9DCS9-125,Mus musculus
Q9BEA0-932,Canis lupus familiaris
P56706-309,Homo sapiens
P20489-131,Mus musculus
Q8R2Y2-274,Mus musculus
P11716-3170,Oryctolagus cuniculus
Q80T14-614,Mus musculus
P00889-202,Sus scrofa
P0DN93-109,Arabidopsis thaliana
Q9Z2T6-21,Mus musculus
Q9ESB3-89,Mus musculus
P62244-72,Homo sapiens
K7EJE8-507,Homo sapiens
Q96S59-594,Homo sapiens
P60202-139,Mus musculus
Q6GPM1-567,Xenopus laevis
P09411-99,Mus musculus
Q0VGT4-1144,Mus musculus
C7GNA4-543,Saccharomyces cerevisiae
P19137-299,Mus musculus
Q99KI0-385,Mus musculus
P28271-50,Mus musculus
Q14108-458,Homo sapiens
Q8NH53-191,Homo sapiens
Q9EQH2-432,Mus musculus
Q5VTY9-242,Homo sapiens
P56677-477,Mus musculus
P80012-303,Bos taurus
Q922B1-197,Mus musculus
Q9R049-371,Mus musculus
Q99KG5-113,Mus musculus
Q6GPH4-156,Homo sapiens
F8WHM5-500,Mus musculus
Q8JHW2-377,Danio rerio
Q8NBI5-226,Homo sapiens
Q80XN0-288,Mus musculus
Q9H3N1-165,Homo sapiens
O81123-16,Arabidopsis thaliana
Q54V61-48,Dictyostelium discoideum
Q12933-163,Homo sapiens
A8DYP0-2677,Drosophila melanogaster
P05817-174,Dictyostelium discoideum
P39083-99,Saccharomyces cerevisiae
Q4LDG0-152,Mus musculus
E9Q5F9-1597,Mus musculus
P39036-8,Sus scrofa
O88444-41,Mus musculus
Q8R0Y6-662,Mus musculus
Q8JL69-517,Ectromelia virus
S4R2T3-34,Mus musculus
Q92622-894,Homo sapiens
P35579-671,Homo sapiens
Q01279-470,Mus musculus
P62748-38,Mus musculus
Q07065-100,Homo sapiens
Q8K3J1-119,Mus musculus
Q0J3D9-127,Oryza sativa subsp. japonica
Q91VI7-97,Mus musculus
G5E814-97,Mus musculus
P0C9J9-53,African swine fever virus
P98167-1474,Bos taurus
Q01279-157,Mus musculus
Q8VC28-145,Mus musculus
Q922B2-349,Mus musculus
Q9BZ95-1349,Homo sapiens
Q8BSE0-106,Mus musculus
P41216-55,Mus musculus
P21333-2378,Homo sapiens
Q9QUH0-23,Mus musculus
Q81487-496,Hepatitis C virus genotype 3b
O43617-68,Homo sapiens
O09053-901,Mus musculus
Q9D379-182,Mus musculus
P87724-129,Rotavirus A
Q24459-530,Drosophila melanogaster
P35953-400,Oryctolagus cuniculus
Q99KW3-779,Mus musculus
Q704Y3-716,Mus musculus
Q9CQW3-137,Mus musculus
P14094-214,Mus musculus
Q5ZKD7-496,Gallus gallus
P42890-104,Oryctolagus cuniculus
Q8BGC4-218,Mus musculus
Q5ZLN8-389,Gallus gallus
Q9PTL2-289,Gallus gallus
Q9WUR2-279,Mus musculus
Q91X05-160,Mus musculus
E9PYI4-359,Mus musculus
O89746-106,Influenza A virus
Q6ZRP7-122,Homo sapiens
Q14699-494,Homo sapiens
Q4VA93-50,Mus musculus
Q9CPX6-264,Mus musculus
P62702-41,Mus musculus
P0C9G2-197,African swine fever virus
Q05144-157,Mus musculus
B2RX12-1431,Mus musculus
O77469-485,Caenorhabditis elegans
P06909-320,Mus musculus
A1L0T3-434,Mus musculus
Q9JIM1-378,Mus musculus
A0A0R4IDP3-159,Danio rerio
Q9D0I9-86,Mus musculus
Q9QXE0-415,Mus musculus
H0Y4R1-424,Homo sapiens
P43119-311,Homo sapiens
P42858-212,Homo sapiens
Q9D517-254,Mus musculus
O14099-200,Schizosaccharomyces pombe
P0C6X0-4598,Bovine coronavirus
Q9Z2T6-234,Mus musculus
E9PVB3-63,Mus musculus
Q9USL1-127,Schizosaccharomyces pombe
Q3V3V9-189,Mus musculus
Q9QW30-115,Rattus norvegicus
Q6AYE8-222,Rattus norvegicus
P11352-154,Mus musculus
Q9Z2U2-2354,Mus musculus
H3BN76-30,Homo sapiens
P05202-106,Mus musculus
Q54Q99-372,Dictyostelium discoideum
Q62261-1900,Mus musculus
P0C6X5-4344,Human coronavirus NL63
P07722-430,Rattus norvegicus
Q8BFU8-69,Mus musculus
Q9JL56-127,Mus musculus
O91936-229,Hepatitis C virus genotype 5a
Q80U19-729,Mus musculus
A2APX8-351,Mus musculus
Q96JM2-472,Homo sapiens
P98157-3476,Gallus gallus
Q61001-1846,Mus musculus
Q1RPR6-539,Sus scrofa
Q91YQ5-546,Mus musculus
Q8TGK6-75,Saccharomyces cerevisiae
Q6ZNB6-376,Homo sapiens
Q8B912-8,Porcine reproductive and respiratory syndrome virus
Q7SY53-401,Danio rerio
P68137-2,Sus scrofa
P49799-95,Rattus norvegicus
P07901-482,Mus musculus
O89013-66,Mus musculus
Q02645-828,Drosophila melanogaster
Q8IS16-287,Dictyostelium discoideum
Q9HB75-691,Homo sapiens
P01732-206,Homo sapiens
A0A024R9R8-83,Homo sapiens
Q6ZQF0-76,Mus musculus
Q717B4-147,Mus musculus
Q4PSU4-263,Arabidopsis thaliana
P51046-177,Danio rerio
Q67XC4-66,Arabidopsis thaliana
Q92673-1125,Homo sapiens
Q8BU14-82,Mus musculus
Q32KP9-114,Bos taurus
Q9VUK8-474,Drosophila melanogaster
Q6UWF3-42,Homo sapiens
P08172-324,Homo sapiens
G5ECH5-1286,Caenorhabditis elegans
Q04906-438,Rattus norvegicus
Q9UKC9-114,Homo sapiens
Q8BWT1-116,Mus musculus
Q19LI2-292,Mus musculus
Q96B33-53,Homo sapiens
Q94K98-364,Arabidopsis thaliana
Q9TUN9-642,Oryctolagus cuniculus
Q67253-116,Influenza A virus
P31386-3,Saccharomyces cerevisiae
Q66HF1-727,Rattus norvegicus
P04746-156,Homo sapiens
O55438-140,Bovine adenovirus 2
P10035-114,Drosophila melanogaster
Q99K67-240,Mus musculus
P48643-302,Homo sapiens
Q9LV75-64,Arabidopsis thaliana
Q8K410-636,Mus musculus
Q6XTC2-13,Influenza A virus
P98170-203,Homo sapiens
Q9W0P8-447,Drosophila melanogaster
Q68801-625,Hepatitis C virus genotype 3k
Q2V2S1-37,Arabidopsis thaliana
Q80XN0-115,Mus musculus
P01868-302,Mus musculus
Q62520-258,Mus musculus
P29699-114,Mus musculus
Q9ULJ3-780,Homo sapiens
Q54J88-588,Dictyostelium discoideum
Q9QUR6-225,Mus musculus
Q96P20-958,Homo sapiens
H3BKD1-78,Mus musculus
Q9USH8-123,Schizosaccharomyces pombe
Q9JJL3-480,Mus musculus
Q9CXT8-248,Mus musculus
Q9JII6-46,Mus musculus
P08572-42,Homo sapiens
Q90ZC7-310,Xenopus laevis
F6TTJ9-307,Mus musculus
P17128-374,Kluyveromyces lactis
Q91ZX7-35,Mus musculus
F4IUJ7-160,Arabidopsis thaliana
P25446-194,Mus musculus
Q869R1-317,Dictyostelium discoideum
P61769-45,Homo sapiens
Q9R0P9-90,Mus musculus
Q09388-577,Caenorhabditis elegans
Q9VUV9-336,Drosophila melanogaster
P06795-1225,Mus musculus
Q8WUA7-434,Homo sapiens
Q8CFJ7-245,Mus musculus
Q8TE60-943,Homo sapiens
Q571I9-71,Mus musculus
P68254-25,Mus musculus
Q8VCB3-45,Mus musculus
Q68ED2-542,Mus musculus
Q9QXY7-418,Mus musculus
B3LNB2-914,Saccharomyces cerevisiae
Q8VDD5-172,Mus musculus
E9Q484-156,Mus musculus
Q9CZR8-70,Mus musculus
P01375-30,Homo sapiens
Q66431-1470,Dugbe virus
Q9NY47-871,Homo sapiens
P29832-8,Murid herpesvirus 1
Q63722-345,Rattus norvegicus
H0YBN1-16,Homo sapiens
Q91X83-377,Mus musculus
Q9UGM3-1975,Homo sapiens
Q6NN02-112,Arabidopsis thaliana
Q9D172-175,Mus musculus
H1A988-460,Glycyrrhiza uralensis
O15127-127,Homo sapiens
P78527-223,Homo sapiens
P56716-1234,Mus musculus
Q61292-1108,Mus musculus
Q9UIL8-197,Homo sapiens
P34715-303,Trypanosoma cruzi
Q9D0G0-143,Mus musculus
P12392-152,Rattus norvegicus
P18564-467,Homo sapiens
P58735-39,Mus musculus
P07814-1301,Homo sapiens
F7A4A7-700,Mus musculus
Q924X2-86,Mus musculus
P50247-113,Mus musculus
Q9Y2Z4-78,Homo sapiens
Q6NTR6-254,Xenopus laevis
Q9DBL1-234,Mus musculus
Q12465-509,Saccharomyces cerevisiae
P25445-178,Homo sapiens
P21333-810,Homo sapiens
Q9H3T3-532,Homo sapiens
Q8TF62-242,Homo sapiens
Q9VER6-311,Drosophila melanogaster
Q9WU84-96,Mus musculus
O13744-237,Schizosaccharomyces pombe
Q8K3X3-309,Cricetulus griseus
Q8R534-635,Mus musculus
Q9P0U4-505,Homo sapiens
B3P3K2-347,Drosophila erecta
O62640-136,Sus scrofa
Q9DCG2-125,Mus musculus
A5JTQ2-477,Medicago sativa subsp. varia
O61307-621,Drosophila melanogaster
O35657-212,Mus musculus
Q14457-165,Homo sapiens
P10608-184,Rattus norvegicus
P56593-437,Mus musculus
G3X973-1282,Mus musculus
O35516-1443,Mus musculus
D3ZYR1-809,Rattus norvegicus
Q8NCG7-310,Homo sapiens
Q8VCC2-254,Mus musculus
S4R1M8-51,Mus musculus
P25688-95,Mus musculus
Q7XTJ3-95,Oryza sativa subsp. japonica
E1B328-1243,Arabidopsis thaliana
Q9DC50-210,Mus musculus
Q9VSR3-669,Drosophila melanogaster
P11716-537,Oryctolagus cuniculus
P0DTC3-153,Severe acute respiratory syndrome coronavirus 2
O70433-92,Mus musculus
P46530-174,Danio rerio
Q3ULD5-167,Mus musculus
Q9FFK0-89,Arabidopsis thaliana
Q8VHE0-366,Mus musculus
O88441-246,Mus musculus
Q61656-354,Mus musculus
Q64458-151,Mus musculus
P03994-252,Rattus norvegicus
Q8IY84-318,Homo sapiens
A8BIQ0-39,Giardia intestinalis
A1E295-331,Sus scrofa
Q8R0Y6-17,Mus musculus
P19096-180,Mus musculus
P07550-341,Homo sapiens
Q61865-35,Mus musculus
Q9SHI2-6,Arabidopsis thaliana
Q9QYY9-23,Mus musculus
Q9D5T0-137,Mus musculus
P01115-233,Harvey murine sarcoma virus
P51809-183,Homo sapiens
P35505-315,Mus musculus
Q8TEY7-664,Homo sapiens
Q8CIF6-430,Mus musculus
Q9FFI0-384,Arabidopsis thaliana
P39087-871,Mus musculus
Q9DBC0-485,Mus musculus
Q7KWT9-136,Dictyostelium discoideum
D6R9I9-65,Homo sapiens
Q921F2-50,Mus musculus
Q9DBD0-599,Mus musculus
P29293-267,Rattus norvegicus
B6CHA3-317,Xenopus laevis
Q6U7R4-310,Mus musculus
P24270-377,Mus musculus
Q6NQ87-241,Arabidopsis thaliana
Q9NY15-2050,Homo sapiens
Q2V2Y0-92,Arabidopsis thaliana
Q9CZ13-268,Mus musculus
Q18823-835,Caenorhabditis elegans
Q6VNB8-2377,Mus musculus
Q9D5E4-480,Mus musculus
Q60766-356,Mus musculus
Q9P2N4-931,Homo sapiens
P21783-562,Xenopus laevis
Q4KRV1-206,Sus scrofa
Q8VDJ3-53,Mus musculus
Q9R0Y8-406,Mus musculus
F4IDY5-196,Arabidopsis thaliana
P34508-158,Caenorhabditis elegans
Q01459-201,Homo sapiens
P31649-62,Mus musculus
A0A5K4F1D0-1863,Schistosoma mansoni
Q5Z6A4-325,Oryza sativa subsp. japonica
O16374-142,Caenorhabditis elegans
P54097-84,Gallus gallus
Q5NCU0-290,Mus musculus
Q9CXF0-245,Mus musculus
Q5FYA8-543,Homo sapiens
O00391-452,Homo sapiens
O95498-361,Homo sapiens
Q8LE43-78,Arabidopsis thaliana
Q9HFS7-539,Kluyveromyces lactis
Q9EQF5-483,Mus musculus
Q8TCN5-257,Homo sapiens
Q7Z7M0-1224,Homo sapiens
Q02156-98,Homo sapiens
Q8CIF6-676,Mus musculus
P03470-274,Influenza A virus)
Q12986-423,Homo sapiens
B0V3H4-182,Danio rerio
P06494-542,Rattus norvegicus
P14326-238,Dictyostelium discoideum
P22723-431,Mus musculus
P48995-591,Homo sapiens
Q6NKW7-282,Arabidopsis thaliana
O88451-256,Mus musculus
Q69YQ0-79,Homo sapiens
Q8TAT5-264,Homo sapiens
Q3LFN0-195,Caenorhabditis elegans
F8WHM5-389,Mus musculus
O15072-605,Homo sapiens
Q9R059-263,Mus musculus
Q9M0B7-65,Arabidopsis thaliana
Q6Q2J0-323,Sus scrofa
Q15637-292,Homo sapiens
P03141-313,Hepatitis B virus genotype A2 subtype adw2
M0QWE2-94,Mus musculus
Q8W4K1-994,Arabidopsis thaliana
O73590-85,Gallus gallus
Q9V9I4-317,Drosophila melanogaster
Q680I0-275,Arabidopsis thaliana
Q9VCU9-1155,Drosophila melanogaster
P46531-323,Homo sapiens
Q8R086-265,Mus musculus
P51636-122,Homo sapiens
P08670-328,Homo sapiens
B4HND9-83,Drosophila sechellia
P28347-53,Homo sapiens
B1H224-273,Rattus norvegicus
Q7SYR1-145,Xenopus laevis
O75882-987,Homo sapiens
P16563-196,Mus musculus
Q9W0A0-756,Drosophila melanogaster
Q5ZK92-217,Gallus gallus
O14763-113,Homo sapiens
O97439-247,Giardia intestinalis
Q9CQ21-113,Mus musculus
Q9Z0L0-329,Mus musculus
Q9GZX9-175,Homo sapiens
E9PZ36-3873,Mus musculus
P08069-1237,Homo sapiens
F4JBM4-96,Arabidopsis thaliana
Q9P258-428,Homo sapiens
P47758-177,Mus musculus
Q60605-32,Mus musculus
Q54YG2-797,Dictyostelium discoideum
P28465-312,Drosophila melanogaster
Q921I1-58,Mus musculus
Q9C5S1-196,Arabidopsis thaliana
Q9H5I5-503,Homo sapiens
Q9LJU0-291,Arabidopsis thaliana
Q18823-384,Caenorhabditis elegans
P24588-129,Homo sapiens
P47735-755,Arabidopsis thaliana
Q99572-362,Homo sapiens
O60159-123,Schizosaccharomyces pombe
Q9Z0E0-469,Mus musculus
Q6DFW0-5,Mus musculus
P45818-150,Saccharomyces cerevisiae
A0PJZ3-348,Homo sapiens
Q9D2C2-157,Mus musculus
Q86BF9-10,Drosophila melanogaster
Q8JZR0-121,Mus musculus
Q9QZI8-8,Mus musculus
Q2KHX4-45,Bos taurus
A2AMH3-68,Mus musculus
Q90703-803,Gallus gallus
Q9CR40-509,Mus musculus
P0C567-142,Murine polyomavirus
Q9H5V7-399,Homo sapiens
Q9D2L6-60,Mus musculus
Q3UPL0-457,Mus musculus
O95967-309,Homo sapiens
Q8QZT1-193,Mus musculus
Q9DBA8-155,Mus musculus
Q00655-601,Sus scrofa
Q8BP67-36,Mus musculus
P30280-66,Mus musculus
Q18LD9-126,Elephantid herpesvirus 1
Q8JPR1-1045,Bunyavirus La Crosse
Q5PR73-105,Mus musculus
Q80XL6-292,Mus musculus
P58006-411,Mus musculus
Q5XIL0-256,Rattus norvegicus
Q9QXS1-4261,Mus musculus
P82279-39,Homo sapiens
P55956-97,Caenorhabditis elegans
P43657-9,Homo sapiens
Q61425-211,Mus musculus
P03159-340,Hepatitis B virus genotype A2 subtype adw2
A0A0U1RRM8-276,Homo sapiens
P36578-96,Homo sapiens
Q96NT5-21,Homo sapiens
P0C6X5-4271,Human coronavirus NL63
P10247-236,Rattus norvegicus
P33267-180,Mus musculus
B4HR35-123,Drosophila sechellia
P12790-152,Mus musculus
Q9NWF9-703,Homo sapiens
P06882-636,Rattus norvegicus
P62913-150,Homo sapiens
Q05925-171,Homo sapiens
B4DR61-19,Homo sapiens
P63244-138,Homo sapiens
O01700-773,Caenorhabditis elegans
P34914-230,Mus musculus
Q91ZX7-2661,Mus musculus
Q9URU2-688,Schizosaccharomyces pombe
Q8GRN0-194,Arabidopsis thaliana
Q5FVJ8-52,Rattus norvegicus
O35400-78,Mus musculus
Q9CW42-152,Mus musculus
Q7XSJ6-170,Oryza sativa subsp. japonica
O74446-74,Schizosaccharomyces pombe
Q07417-151,Mus musculus
Q1RMM1-198,Bos taurus
P29466-331,Homo sapiens
O35927-805,Mus musculus
Q9Y4K3-242,Homo sapiens
P60468-39,Homo sapiens
Q75JQ3-393,Dictyostelium discoideum
Q04447-254,Mus musculus
Q925H1-1248,Mus musculus
Q2T9K6-357,Xenopus laevis
Q8VDD5-917,Mus musculus
Q9SJZ3-150,Arabidopsis thaliana
Q8C196-1256,Mus musculus
P62910-91,Homo sapiens
P54763-256,Mus musculus
P52788-337,Homo sapiens
P21731-2-373,Homo sapiens
Q8BY46-128,Mus musculus
Q8C963-309,Mus musculus
Q4V3D2-388,Arabidopsis thaliana
Q96N67-655,Homo sapiens
P0DJX7-45,Encephalomyocarditis virus
B1AUC7-230,Mus musculus
P11716-2021,Oryctolagus cuniculus
P34897-91,Homo sapiens
A0A0A6YYL3-71,Homo sapiens
Q76P24-38,Dictyostelium discoideum
P10508-24,Saccharomyces cerevisiae
Q6RYS9-193,Caenorhabditis elegans
Q8SQ23-78,Sus scrofa
P55072-105,Homo sapiens
P01027-1537,Mus musculus
O13803-476,Schizosaccharomyces pombe
Q8CBC6-592,Mus musculus
Q19981-222,Caenorhabditis elegans
A2VE56-127,Bos taurus
A8MQX3-40,Arabidopsis thaliana
Q9I7T7-348,Drosophila melanogaster
Q9XTN2-744,Drosophila melanogaster
Q9CQU5-222,Mus musculus
Q9UBW7-801,Homo sapiens
O70503-215,Mus musculus
Q54TC3-150,Dictyostelium discoideum
Q6NP91-312,Drosophila melanogaster
Q5SXR6-463,Mus musculus
Q8I4F7-272,Caenorhabditis elegans
Q13591-853,Homo sapiens
Q8K0Z7-109,Mus musculus
Q56XW8-482,Arabidopsis thaliana
Q61656-234,Mus musculus
Q28660-635,Oryctolagus cuniculus
Q8BSN3-6,Mus musculus
A2A3W1-70,Mus musculus
P50427-178,Mus musculus
Q06636-183,Saccharomyces cerevisiae
Q9VQN8-85,Drosophila melanogaster
Q9NR96-268,Homo sapiens
Q8BLN6-1536,Mus musculus
Q8BH00-447,Mus musculus
P18564-565,Homo sapiens
Q6ZWV3-195,Mus musculus
P46531-730,Homo sapiens
P30518-342,Homo sapiens
Q6DPK1-261,Influenza A virus
O08997-41,Mus musculus
P23092-262,Cas-NS-1 murine leukemia virus
P57764-191,Homo sapiens
Q93454-62,Caenorhabditis elegans
Q9Z1L1-186,Rattus norvegicus
P21849-525,Giardia intestinalis
Q99JY9-189,Mus musculus
P30408-107,Homo sapiens
Q9H175-228,Homo sapiens
Q497V5-757,Mus musculus
Q99L47-208,Mus musculus
P06814-23,Oryctolagus cuniculus
P47754-157,Mus musculus
P35555-1242,Homo sapiens
P53819-9,Saccharomyces cerevisiae
Q9FN79-312,Arabidopsis thaliana
P0C6Y5-4301,Porcine transmissible gastroenteritis coronavirus
Q08460-79,Mus musculus
P54703-473,Dictyostelium discoideum
Q1SGF1-113,Medicago truncatula
P49207-49,Homo sapiens
Q03734-259,Mus musculus
E9Q7S6-152,Mus musculus
B4HIK1-614,Drosophila sechellia
Q68FD5-151,Mus musculus
Q91W43-230,Mus musculus
Q8NFT8-578,Homo sapiens
O42184-1417,Gallus gallus
Q03555-284,Rattus norvegicus
P07724-58,Mus musculus
Q6NSI8-402,Homo sapiens
P29825-96,Myxoma virus
Q8BGQ7-947,Mus musculus
P11161-469,Homo sapiens
Q91WN2-44,Mus musculus
Q93XX2-213,Arabidopsis thaliana
Q8VCH7-320,Mus musculus
P30999-394,Mus musculus
Q6ZW61-318,Homo sapiens
A0A023PZE4-8,Saccharomyces cerevisiae
P53622-249,Saccharomyces cerevisiae
Q8C088-63,Mus musculus
Q9R1P4-182,Mus musculus
Q9SV02-303,Arabidopsis thaliana
P85107-2,Rattus norvegicus
P62192-58,Mus musculus
A0A1D5NSM8-3545,Danio rerio
P26516-116,Mus musculus
G5EDT1-639,Caenorhabditis elegans
Q8VCZ9-205,Mus musculus
Q9CZV8-101,Mus musculus
Q9BXN1-79,Homo sapiens
O14014-50,Schizosaccharomyces pombe
Q66802-2169,Sudan ebolavirus
B0R0C0-317,Mus musculus
Q9CW42-303,Mus musculus
O95450-610,Homo sapiens
Q95218-1537,Oryctolagus cuniculus
O73932-267,Xenopus laevis
Q8K2B3-475,Mus musculus
A2AQR0-546,Mus musculus
P31645-147,Homo sapiens
P15460-98,Arabidopsis thaliana
Q8BR63-109,Mus musculus
Q6AWG9-985,Drosophila melanogaster
Q8LB60-88,Arabidopsis thaliana
P53712-699,Bos taurus
P01027-816,Mus musculus
P61014-36,Mus musculus
Q9W0R6-214,Drosophila melanogaster
Q8C7D2-326,Mus musculus
Q8BGY2-73,Mus musculus
O35598-223,Mus musculus
P53669-53,Rattus norvegicus
Q91VI7-329,Mus musculus
Q91YP0-273,Mus musculus
Q8VDD5-816,Mus musculus
Q90923-91,Gallus gallus
P00329-83,Mus musculus
Q6P689-319,Rattus norvegicus
Q9Z1B3-17,Mus musculus
Q8L866-560,Arabidopsis thaliana
P33981-465,Homo sapiens
Q922H4-389,Mus musculus
Q70PY2-62,Drosophila melanogaster
Q92348-129,Schizosaccharomyces pombe
Q9D404-264,Mus musculus
P59509-1073,Mus musculus
P40240-179,Mus musculus
Q8K348-491,Mus musculus
E9PXC3-213,Mus musculus
Q55FQ6-440,Dictyostelium discoideum
E9Q5S3-258,Mus musculus
Q9N337-53,Caenorhabditis elegans
P60335-54,Mus musculus
P29122-961,Homo sapiens
Q9UKZ4-580,Homo sapiens
Q9BWF2-49,Homo sapiens
A1A5R8-399,Rattus norvegicus
F4JCB2-35,Arabidopsis thaliana
Q8JHW2-402,Danio rerio
Q8LF89-51,Arabidopsis thaliana
P63017-574,Mus musculus
Q7Z434-508,Homo sapiens
Q96S59-284,Homo sapiens
Q80XL6-650,Mus musculus
P46061-575,Mus musculus
Q8IZJ1-403,Homo sapiens
Q8TCJ0-320,Homo sapiens
Q9JI18-3628,Mus musculus
P14824-114,Mus musculus
Q18823-435,Caenorhabditis elegans
Q9DC50-107,Mus musculus
O88839-444,Mus musculus
P48023-82,Homo sapiens
Q60759-289,Mus musculus
P53811-187,Mus musculus
Q921C3-814,Mus musculus
Q9IBI3-310,Hepatitis B virus genotype G
Q69S39-174,Oryza sativa subsp. japonica
P61247-201,Homo sapiens
Q704Y3-391,Mus musculus
Q91VI7-204,Mus musculus
Q32Q12-134,Homo sapiens
P38242-167,Saccharomyces cerevisiae
B6EUB3-1370,Arabidopsis thaliana
P53396-519,Homo sapiens
Q6NRE7-424,Xenopus laevis
P32241-37,Homo sapiens
Q90472-163,Danio rerio
P47962-100,Mus musculus
P07207-85,Drosophila melanogaster
P27773-244,Mus musculus
F4JPP0-454,Arabidopsis thaliana
P31040-305,Homo sapiens
Q05D44-631,Mus musculus
E9QKH0-1426,Mus musculus
Q00554-832,Oryctolagus cuniculus
Q8R0Y6-774,Mus musculus
Q02257-341,Mus musculus
A4IFB4-263,Bos taurus
A2ANU3-192,Mus musculus
Q5S7W5-26,Gallus gallus
Q22127-81,Caenorhabditis elegans
Q6ZNB6-396,Homo sapiens
Q8CG65-4227,Mus musculus
O43175-369,Homo sapiens
Q68SA9-1487,Mus musculus
Q8R4K8-471,Mus musculus
P09760-797,Rattus norvegicus
A0A0G2JJZ9-139,Homo sapiens
P22934-102,Rattus norvegicus
Q55DJ8-507,Dictyostelium discoideum
P38241-13,Saccharomyces cerevisiae
Q54TB8-728,Dictyostelium discoideum
Q9SXB5-314,Arabidopsis thaliana
P78527-974,Homo sapiens
Q9DBA8-19,Mus musculus
P82635-63,Arabidopsis thaliana
O08678-43,Rattus norvegicus
Q9GSB0-318,Dictyostelium discoideum
Q8TC41-441,Homo sapiens
Q9EPQ7-58,Mus musculus
P20827-92,Homo sapiens
Q9FMS4-57,Arabidopsis thaliana
Q02789-944,Mus musculus
P60866-36,Homo sapiens
P45844-394,Homo sapiens
P97443-74,Mus musculus
P16144-749,Homo sapiens
C3VD30-26,Mus musculus
Q6NS52-766,Mus musculus
P04850-454,Parainfluenza virus 5
Q09884-915,Schizosaccharomyces pombe
B3SRS0-72,Rotavirus A
Q6P4U0-97,Mus musculus
P50431-198,Mus musculus
Q8R0Y6-587,Mus musculus
Q924H0-350,Mus musculus
Q3UGB5-85,Mus musculus
Q28833-720,Sus scrofa
Q9QXD6-282,Mus musculus
Q9JHS1-362,Rattus norvegicus
P00558-379,Homo sapiens
P13174-693,Influenza A virus
Q9D7J9-31,Mus musculus
Q64442-179,Mus musculus
Q12968-816,Homo sapiens
Q8BS40-165,Mus musculus
Q21281-303,Caenorhabditis elegans
Q9R1V7-756,Mus musculus
Q9WUQ2-90,Mus musculus
P04233-44,Homo sapiens
A1IGU4-122,Mus musculus
Q9Y520-895,Homo sapiens
A0A0G2JJZ9-65,Homo sapiens
Q91Z53-29,Mus musculus
Q8VBV2-42,Rattus norvegicus
B4N1W9-528,Drosophila willistoni
Q920A5-152,Mus musculus
Q9FFP1-209,Arabidopsis thaliana
Q2QP13-79,Oryza sativa subsp. japonica
D3YUL4-39,Mus musculus
Q5RHY1-774,Danio rerio
P82627-69,Arabidopsis thaliana
P47757-62,Mus musculus
Q8BFY6-238,Mus musculus
Q9SZ28-93,Arabidopsis thaliana
P25340-464,Saccharomyces cerevisiae
Q9QJ26-1269,Human herpesvirus 6B
Q1JUZ1-237,Drosophila melanogaster
Q8IWR0-921,Homo sapiens
Q9GZX9-70,Homo sapiens
Q8CGC7-910,Mus musculus
Q8C2K5-5,Mus musculus
Q00918-189,Rattus norvegicus
Q99PG0-319,Mus musculus
P47967-117,Rattus norvegicus
Q3UN70-824,Mus musculus
Q8IX30-138,Homo sapiens
P33534-345,Mus musculus
E1B7Q7-1538,Bos taurus
P61570-405,Homo sapiens
Q6R0H7-913,Mus musculus
Q8CH36-140,Mus musculus
B0QY90-319,Homo sapiens
Q922Q1-78,Mus musculus
Q91WN4-25,Mus musculus
P31596-38,Rattus norvegicus
B4PDM5-432,Drosophila yakuba
Q8CAY6-65,Mus musculus
O88427-1262,Mus musculus
Q9D0I9-312,Mus musculus
G5EBL3-1844,Caenorhabditis elegans
O09687-116,Influenza A virus
P61026-24,Homo sapiens
Q65153-110,African swine fever virus
Q9R112-379,Mus musculus
P10605-319,Mus musculus
P0C6V2-2145,Porcine transmissible gastroenteritis coronavirus
Q9HCE5-260,Homo sapiens
P26262-57,Mus musculus
P22725-104,Mus musculus
M0R230-549,Homo sapiens
P0C9K2-44,African swine fever virus
H9BW96-83,Epinephelus coioides
Q8LBC0-84,Arabidopsis thaliana
Q61554-1612,Mus musculus
Q8VFV4-313,Mus musculus
Q27433-174,Caenorhabditis elegans
Q86KC7-362,Dictyostelium discoideum
P21804-723,Gallus gallus
P31040-266,Homo sapiens
Q02745-67,Sus scrofa
Q8VHQ9-533,Mus musculus
Q92785-345,Homo sapiens
P11388-392,Homo sapiens
Q1K9Q1-193,Influenza A virus
O17581-72,Caenorhabditis elegans
Q99L45-224,Mus musculus
Q3UQ22-225,Mus musculus
Q8VE09-460,Mus musculus
P62334-193,Mus musculus
P27398-1510,Drosophila melanogaster
A4U7A9-447,Influenza A virus
Q3KNM2-188,Mus musculus
Q91ZX7-1076,Mus musculus
Q9Z1Z0-816,Mus musculus
Q5SW28-8,Mus musculus
Q8K3W0-34,Mus musculus
Q13625-1083,Homo sapiens
P97742-32,Mus musculus
Q62167-317,Mus musculus
Q03555-4-212,Rattus norvegicus
P39053-86,Mus musculus
Q0JA82-47,Oryza sativa subsp. japonica
Q8NF37-216,Homo sapiens
Q17QL9-157,Bos taurus
Q05135-227,Human papillomavirus 15
Q8NEX5-54,Homo sapiens
Q9DCH6-33,Mus musculus
P40798-798,Drosophila melanogaster
Q0VFX9-6,Bos taurus
A8WH74-56,Bos taurus
P49660-363,Mus musculus
P17427-171,Mus musculus
Q03350-876,Mus musculus
Q8MJ47-157,Canis lupus familiaris
O08999-1764,Mus musculus
Q02817-4581,Homo sapiens
Q8N608-465,Homo sapiens
P62956-224,Mus musculus
Q27433-140,Caenorhabditis elegans
Q9QZG1-430,Rattus norvegicus
P40142-386,Mus musculus
Q6WQJ1-318,Mus musculus
Q9CXN7-24,Mus musculus
B4I9X1-125,Drosophila sechellia
Q63886-188,Mus musculus
Q921I1-597,Mus musculus
O09173-416,Mus musculus
Q9LN59-321,Arabidopsis thaliana
Q9UBG0-496,Homo sapiens
Q60751-303,Mus musculus
P22273-441,Rattus norvegicus
Q9WVH8-131,Rattus norvegicus
Q9JLI8-487,Mus musculus
Q02395-204,Mus musculus
P16056-544,Mus musculus
O75925-402,Homo sapiens
Q6Q473-268,Mus musculus
P03140-222,Hepatitis B virus genotype C subtype ad
Q9DBN5-405,Mus musculus
Q6P1H4-19,Mus musculus
P58242-415,Mus musculus
Q9CWW7-591,Mus musculus
P16761-656,Human cytomegalovirus
Q9WUM4-343,Mus musculus
P00817-84,Saccharomyces cerevisiae
A2RT62-74,Mus musculus
Q86VZ5-187,Homo sapiens
Q9UKU0-336,Homo sapiens
Q8R0Y6-86,Mus musculus
P53668-28,Mus musculus
Q9WUP4-43,Mus musculus
P13797-167,Homo sapiens
A6QL48-190,Bos taurus
Q8K2B3-287,Mus musculus
O35375-902,Mus musculus
Q06639-24,Saccharomyces cerevisiae
A0A1L8G2K9-563,Xenopus laevis
P56391-30,Mus musculus
Q9SIZ8-637,Arabidopsis thaliana
P11717-2342,Homo sapiens
Q13586-437,Homo sapiens
Q14344-318,Homo sapiens
P12067-75,Sus scrofa
Q94BY6-163,Arabidopsis thaliana
P36578-250,Homo sapiens
Q759K3-491,Eremothecium gossypii
Q5DTZ0-1267,Mus musculus
Q9GZU1-565,Homo sapiens
O35465-285,Mus musculus
Q91YP3-100,Mus musculus
Q3V3R4-813,Mus musculus
Q91V45-115,Mus musculus
Q9ZUG3-336,Arabidopsis thaliana
Q6P5E8-165,Mus musculus
Q9Z0W3-868,Mus musculus
P26011-448,Mus musculus
Q9WUM5-60,Mus musculus
Q9UK96-180,Homo sapiens
Q283N4-141,Mus musculus
Q9LZP6-372,Arabidopsis thaliana
Q61699-140,Mus musculus
P08603-374,Homo sapiens
Q8BUN5-270,Mus musculus
P14151-171,Homo sapiens
Q9ULF5-435,Homo sapiens
Q921M4-981,Mus musculus
P80012-848,Bos taurus
P10599-62,Homo sapiens
D3Z106-92,Mus musculus
P41951-101,Caenorhabditis elegans
P01027-720,Mus musculus
Q01621-20,Rattus norvegicus
Q8BIV3-188,Mus musculus
Q18206-586,Caenorhabditis elegans
Q5T8D3-16,Homo sapiens
Q6ZNB6-698,Homo sapiens
Q8R4S5-604,Mus musculus molossinus
P16793-570,Human cytomegalovirus
Q922D8-143,Mus musculus
P47708-137,Mus musculus
A5LGW7-342,Human hepatitis A virus genotype IIIB)
Q14667-1709,Homo sapiens
Q8NHU3-348,Homo sapiens
H0YIS7-37,Homo sapiens
P11716-305,Oryctolagus cuniculus
Q769J6-729,Mus musculus
Q9DBG7-361,Mus musculus
Q05895-432,Mus musculus
Q9QXE0-243,Mus musculus
P38085-619,Saccharomyces cerevisiae
Q9SFD5-80,Arabidopsis thaliana
Q8TCE9-67,Homo sapiens
P0C5J4-341,Mus musculus
Q5JWT2-874,Homo sapiens
P52924-330,Saccharomyces cerevisiae
A7E3N2-45,Rattus norvegicus
Q5M9B3-126,Xenopus laevis
P02462-1493,Homo sapiens
Q55GA8-35,Dictyostelium discoideum
Q9ERU9-2496,Mus musculus
P48960-802,Homo sapiens
Q9R0H0-297,Mus musculus
O15230-2020,Homo sapiens
Q91XU0-267,Mus musculus
P29992-144,Homo sapiens
Q9CQI6-52,Mus musculus
Q93052-441,Homo sapiens
Q5GN48-1745,Sus scrofa
F8VQ03-522,Mus musculus
Q9Y210-255,Homo sapiens
Q8R1B4-441,Mus musculus
Q8JSP8-578,Porcine hemagglutinating encephalomyelitis virus
P47911-51,Mus musculus
Q8IYH5-823,Homo sapiens
P28883-185,Parainfluenza virus 5
Q91X72-230,Mus musculus
Q925Q3-123,Mus musculus
Q7TNG8-251,Mus musculus
O70133-610,Mus musculus
P51609-35,Xenopus laevis
Q5FVG2-725,Rattus norvegicus
Q9JJZ2-213,Mus musculus
P21333-2601,Homo sapiens
Q7X8C5-317,Arabidopsis thaliana
O45380-641,Caenorhabditis elegans
Q54ED7-626,Dictyostelium discoideum
Q9D819-242,Mus musculus
Q9QJ59-42,Human herpesvirus 6B
P16331-265,Mus musculus
Q8K182-497,Mus musculus
H3BLL2-214,Mus musculus
P97315-167,Mus musculus
Q15031-276,Homo sapiens
Q91WT7-217,Mus musculus
P0C9J5-50,African swine fever virus
P29293-226,Rattus norvegicus
P97501-294,Mus musculus
Q8TAA9-107,Homo sapiens
Q91WG8-520,Mus musculus
Q9CYV5-234,Mus musculus
P25776-402,Oryza sativa subsp. japonica
Q9U7D5-138,Caenorhabditis elegans
Q27237-227,Drosophila melanogaster
P29474-1009,Homo sapiens
Q55GA8-45,Dictyostelium discoideum
Q08CA1-342,Danio rerio
Q61457-325,Mus musculus
Q868Z9-151,Drosophila melanogaster
Q921I1-506,Mus musculus
Q6PIC6-364,Mus musculus
Q0IMG5-8,Oryza sativa subsp. japonica
P58710-19,Mus musculus
Q9VAC5-482,Drosophila melanogaster
Q4V8G5-225,Rattus norvegicus
Q921B4-87,Mus musculus
P25911-419,Mus musculus
Q9QYY9-245,Mus musculus
B8JI71-1062,Danio rerio
Q5IBH7-62,Mus musculus
Q8VE09-472,Mus musculus
Q7ZSY6-40,Danio rerio
Q8QZR4-216,Mus musculus
Q9LNU6-756,Arabidopsis thaliana
Q8R4P9-1400,Mus musculus
P34576-2010,Caenorhabditis elegans
A6BM72-768,Homo sapiens
Q75N90-1748,Homo sapiens
P78371-289,Homo sapiens
P28665-86,Mus musculus
Q8BYI9-312,Mus musculus
P14448-55,Gallus gallus
P60866-70,Homo sapiens
Q8IZJ3-1144,Homo sapiens
Q9NX07-271,Homo sapiens
O88451-171,Mus musculus
Q10567-95,Homo sapiens
J3KTM6-135,Homo sapiens
O83388-257,Treponema pallidum
A6QPM3-327,Bos taurus
Q91VI7-137,Mus musculus
Q92372-498,Schizosaccharomyces pombe
G5EDW1-7,Caenorhabditis elegans
Q3UTY6-991,Mus musculus
Q924T7-887,Mus musculus
P10649-115,Mus musculus
P13707-200,Mus musculus
P13707-162,Mus musculus
Q9ESB3-288,Mus musculus
Q9Z2W0-445,Mus musculus
O60502-215,Homo sapiens
Q8C196-516,Mus musculus
Q8S1V1-80,Oryza sativa subsp. japonica
P40222-523,Homo sapiens
Q63148-730,Rattus norvegicus
A6H8H2-194,Mus musculus
Q91WL6-182,Mus musculus
P16284-622,Homo sapiens
Q8VC82-115,Mus musculus
Q8S8P9-481,Arabidopsis thaliana
Q76638-213,Human immunodeficiency virus type 2 subtype B
P23333-169,Swinepox virus
Q8BKF1-869,Mus musculus
P08588-414,Homo sapiens
Q9CXF0-45,Mus musculus
Q3MHH9-153,Bos taurus
Q504Y3-71,Homo sapiens
Q9H340-177,Homo sapiens
P12970-199,Mus musculus
P51660-175,Mus musculus
O35633-47,Mus musculus
Q9Y287-38,Homo sapiens
Q5SRY7-16,Mus musculus
Q9BTU6-124,Homo sapiens
P03388-636,Mink cell focus-forming murine leukemia virus
Q6UWE3-93,Homo sapiens
O89344-927,Hendra virus
Q5NAV3-107,Oryza sativa subsp. japonica
Q9UTE6-28,Schizosaccharomyces pombe
Q64702-422,Mus musculus
Q5RI56-498,Danio rerio
P19758-571,Sendai virus
Q30KQ8-82,Homo sapiens
P16615-447,Homo sapiens
A6NLI5-446,Homo sapiens
Q8AYM8-187,Danio rerio
O93308-556,Xenopus laevis
Q1LZ53-520,Rattus norvegicus
Q753Q4-739,Eremothecium gossypii
G5E9R5-18,Homo sapiens
Q8VDZ4-237,Mus musculus
P24549-186,Mus musculus
S4R2F3-1385,Mus musculus
O88427-456,Mus musculus
P99999-18,Homo sapiens
A0A0R4IF99-158,Danio rerio
Q08I43-273,Schizosaccharomyces pombe
P34884-81,Mus musculus
P82792-79,Arabidopsis thaliana
Q5FWL3-120,Xenopus laevis
Q5SQX6-334,Mus musculus
Q3V5L5-387,Homo sapiens
Q6A4J8-133,Mus musculus
Q6GQT6-22,Mus musculus
Q8R0G7-44,Mus musculus
Q6IDS6-107,Arabidopsis thaliana
Q54MZ8-196,Dictyostelium discoideum
Q92673-1085,Homo sapiens
Q61316-167,Mus musculus
F8VPN4-1055,Mus musculus
Q8K1A5-44,Mus musculus
Q9D826-71,Mus musculus
A1L1V4-226,Danio rerio
Q9ESW8-149,Mus musculus
O88587-234,Mus musculus
Q9NPF4-277,Homo sapiens
Q8BP47-449,Mus musculus
P04412-302,Drosophila melanogaster
Q69ZU6-620,Mus musculus
P50431-374,Mus musculus
Q1RPR6-702,Sus scrofa
P35221-720,Homo sapiens
O48713-183,Arabidopsis thaliana
H0YMW4-37,Homo sapiens
Q8R4K8-1425,Mus musculus
Q03135-143,Homo sapiens
Q80915-365,Human papillomavirus 44
Q8GX47-298,Arabidopsis thaliana
B3N8M1-100,Drosophila erecta
P52429-138,Homo sapiens
Q6GQD5-39,Xenopus laevis
Q9D8T7-2-95,Mus musculus
B5DF45-165,Rattus norvegicus
Q92953-115,Homo sapiens
Q9JHK4-99,Mus musculus
Q6NQ51-483,Arabidopsis thaliana
O60950-483,Dictyostelium discoideum
Q6ZNB6-528,Homo sapiens
O97831-83,Bos taurus
Q0D252-52,Bos taurus
Q9ERZ3-310,Mus musculus
Q922D8-408,Mus musculus
Q5JMF3-494,Oryza sativa subsp. japonica
S4R197-18,Mus musculus
D6RHN4-43,Mus musculus
Q923B6-289,Mus musculus
E9PLD0-23,Homo sapiens
Q9VB11-1589,Drosophila melanogaster
Q8N2G6-192,Homo sapiens
Q91VD9-463,Mus musculus
Q80TL1-911,Mus musculus
D3Z494-271,Mus musculus
Q9DBL1-261,Mus musculus
Q86WI1-1882,Homo sapiens
Q91VI7-215,Mus musculus
Q6UXH1-137,Homo sapiens
P30408-121,Homo sapiens
Q6JIY4-170,Danio rerio
Q9EQQ0-268,Mus musculus
Q791V5-160,Mus musculus
Q2KHP8-410,Xenopus laevis
Q8R1G2-198,Mus musculus
Q99LB7-610,Mus musculus
P34914-78,Mus musculus
O15230-2167,Homo sapiens
Q53H12-72,Homo sapiens
Q7Z5M8-6,Homo sapiens
P25116-387,Homo sapiens
Q8GV50-75,Arabidopsis thaliana
Q9DCC4-49,Mus musculus
Q9UKL3-919,Homo sapiens
P0C1C7-123,Nipah virus
P08545-462,Theiler's murine encephalomyelitis virus
D3Z106-175,Mus musculus
Q54S77-1519,Dictyostelium discoideum
Q9DBG7-252,Mus musculus
Q25C79-3,Rattus norvegicus
E9Q8I9-2983,Mus musculus
P34343-927,Caenorhabditis elegans
P27048-19,Mus musculus
Q9CPY7-376,Mus musculus
P0C6B8-3539,Rattus norvegicus
Q687X5-211,Homo sapiens
O60603-609,Homo sapiens
Q96EQ9-301,Mus musculus
Q9SY33-60,Arabidopsis thaliana
Q61646-207,Mus musculus
P11541-598,Bos taurus
P25398-106,Homo sapiens
Q9JLF6-118,Mus musculus
Q9LZR8-289,Arabidopsis thaliana
O43390-214,Homo sapiens
Q5F2F2-169,Mus musculus
G5E8R3-131,Mus musculus
O70194-19,Mus musculus
Q02202-187,Saccharomyces cerevisiae
P0C9M3-284,African swine fever virus
Q8R164-234,Mus musculus
P07310-146,Mus musculus
Q9WU38-43,Mus musculus
Q9DCS3-332,Mus musculus
Q91WL5-373,Mus musculus
Q6ZQ18-763,Mus musculus
A2VEC9-1006,Homo sapiens
Q8JZN7-545,Mus musculus
O60097-404,Schizosaccharomyces pombe
Q75QN2-888,Homo sapiens
Q9QWS8-295,Rattus norvegicus
B2LW77-60,Sus scrofa
O00300-83,Homo sapiens
P50395-414,Homo sapiens
O74360-82,Schizosaccharomyces pombe
Q05397-456,Homo sapiens
Q9UKC9-103,Homo sapiens
Q571F8-199,Mus musculus
Q58A42-90,Dictyostelium discoideum
Q29RL0-515,Bos taurus
P53668-575,Mus musculus
Q9Z2A9-2-36,Mus musculus
Q923B6-441,Mus musculus
P17987-357,Homo sapiens
Q9H6R7-507,Homo sapiens
Q68FE7-530,Mus musculus
E7F240-109,Danio rerio
Q9UKF5-551,Homo sapiens
P05388-27,Homo sapiens
O88799-4377,Mus musculus
P11716-2565,Oryctolagus cuniculus
Q5N8X6-681,Oryza sativa subsp. japonica
Q5T1H1-943,Homo sapiens
Q80XL6-174,Mus musculus
O35386-205,Mus musculus
Q7TMS5-374,Mus musculus
Q10185-156,Schizosaccharomyces pombe
M0R230-531,Homo sapiens
P10605-211,Mus musculus
Q13753-464,Homo sapiens
P01375-49,Homo sapiens
Q9BVA1-239,Homo sapiens
Q92673-1344,Homo sapiens
Q64281-98,Mus musculus
Q8S3U9-606,Arabidopsis thaliana
P38109-336,Saccharomyces cerevisiae
P07901-375,Mus musculus
Q00960-871,Rattus norvegicus
Q9D034-37,Mus musculus
Q9H3W5-606,Homo sapiens
P07355-133,Homo sapiens
Q8WXB4-542,Homo sapiens
Q8VHS2-1164,Mus musculus
P31649-569,Mus musculus
Q6NSW3-1666,Mus musculus
Q3UHA3-389,Mus musculus
D3YUG9-137,Mus musculus
P22717-265,Rattus norvegicus
Q54WC3-324,Dictyostelium discoideum
Q9WUA5-109,Mus musculus
B9VUU3-1695,Human enterovirus 71
D3YVP5-170,Mus musculus
Q2V3H6-87,Arabidopsis thaliana
P08752-140,Mus musculus
O55135-152,Mus musculus
Q75N90-69,Homo sapiens
Q01083-29,Drosophila melanogaster
Q9JIA7-124,Mus musculus
Q86VW2-25,Homo sapiens
P30084-213,Homo sapiens
Q9Z1Q2-258,Mus musculus
Q8N0W3-777,Homo sapiens
Q9M0Y5-6,Arabidopsis thaliana
Q9H3N1-207,Homo sapiens
P26619-192,Xenopus laevis
Q9CPW0-563,Mus musculus
O70133-440,Mus musculus
P21926-153,Homo sapiens
Q96DN2-681,Homo sapiens
Q8BHI7-96,Mus musculus
P50824-9,Human papillomavirus type 64
P24270-460,Mus musculus
Q01405-74,Mus musculus
Q9R1K2-739,Rattus norvegicus
Q9DBW0-406,Mus musculus
Q9EQE1-552,Rattus norvegicus
P53855-469,Saccharomyces cerevisiae
Q80YQ1-552,Mus musculus
Q6PG29-174,Danio rerio
Q9EQR5-31,Mus musculus
Q6ERW7-176,Oryza sativa subsp. japonica
Q8K441-838,Mus musculus
Q7TNS5-55,Mus musculus
Q8CBX0-566,Mus musculus
Q8NGG0-162,Homo sapiens
Q9D2P8-47,Mus musculus
Q0VF59-16,Mus musculus
Q99MG9-43,Rattus norvegicus
Q9DBJ6-3,Mus musculus
Q99036-419,Hypocrea jecorina
Q8R0T2-294,Mus musculus
Q6TMA8-340,Rattus norvegicus
P97379-73,Mus musculus
Q8L7C8-260,Arabidopsis thaliana
Q99KY4-87,Mus musculus
G3X982-154,Mus musculus
Q09419-156,Caenorhabditis elegans
Q89273-778,Rabbit hemorrhagic disease virus
P09528-40,Mus musculus
Q9TUI4-52,Sus scrofa
Q9NVS2-108,Homo sapiens
Q9DCL9-63,Mus musculus
Q9SB38-42,Arabidopsis thaliana
P32299-357,Mus musculus
Q9QYJ0-280,Mus musculus
Q8VDM4-448,Mus musculus
O54814-299,Rattus norvegicus
Q3TBT3-91,Mus musculus
P26006-1016,Homo sapiens
P05556-568,Homo sapiens
Q9HCE9-1226,Homo sapiens
P0C6V8-3207,Breda virus 1
Q91WU5-62,Mus musculus
Q8MJS1-132,Sus scrofa
Q3E818-27,Saccharomyces cerevisiae
Q54S52-2379,Dictyostelium discoideum
A2ARV4-3603,Mus musculus
Q9BSW7-34,Homo sapiens
P97315-25,Mus musculus
Q24567-369,Drosophila melanogaster
Q9FJX9-259,Arabidopsis thaliana
Q924H5-366,Mus musculus
O15015-1054,Homo sapiens
P34927-181,Mus musculus
Q3E735-45,Saccharomyces cerevisiae
Q3YBR2-314,Homo sapiens
Q9BWD1-360,Homo sapiens
Q15637-282,Homo sapiens
Q1LUT1-351,Danio rerio
K3W4M8-905,Mus musculus
Q9LYZ7-1178,Arabidopsis thaliana
Q75N73-319,Mus musculus
Q6DIB5-776,Mus musculus
Q8CIP5-1075,Mus musculus
Q3MHN7-261,Bos taurus
P27285-902,Sindbis virus subtype Ockelbo
P07724-461,Mus musculus
Q54UA9-28,Dictyostelium discoideum
Q09439-202,Caenorhabditis elegans
Q29116-470,Sus scrofa
O09173-180,Mus musculus
Q700K0-2871,Rattus norvegicus
P62873-25,Homo sapiens
P47738-388,Mus musculus
O88737-1918,Mus musculus
P23492-142,Mus musculus
Q5JZQ9-151,Canis lupus familiaris
Q3UMB9-936,Mus musculus
F7C312-321,Mus musculus
P17182-389,Mus musculus
Q9VUY8-303,Drosophila melanogaster
Q2QMH1-132,Oryza sativa subsp. japonica
P40115-497,Sinapis alba
Q9UGQ2-74,Homo sapiens
Q9DC70-194,Mus musculus
Q9FNI6-367,Arabidopsis thaliana
O76260-156,Drosophila teissieri
Q8BMJ2-1095,Mus musculus
Q5DX34-563,Caenorhabditis elegans
P47791-355,Mus musculus
O73606-99,Gallus gallus
P52430-42,Mus musculus
B0V2P6-836,Mus musculus
P40240-85,Mus musculus
Q8CFX1-390,Mus musculus
E9PYF7-185,Mus musculus
A2A815-106,Mus musculus
Q91Y97-158,Mus musculus
Q562R1-286,Homo sapiens
Q8BVE3-47,Mus musculus
Q9UIG8-331,Homo sapiens
O08807-151,Mus musculus
O35453-341,Mus musculus
A0A0R4IBK5-6,Danio rerio
Q9QJ19-59,Human herpesvirus 6B
P04388-147,Drosophila melanogaster
P00329-98,Mus musculus
P52438-802,Human herpesvirus 7
H0Y3X1-103,Homo sapiens
Q9BUH6-9,Homo sapiens
P62280-116,Homo sapiens
O60477-276,Homo sapiens
P36888-563,Homo sapiens
Q18425-58,Caenorhabditis elegans
Q15697-45,Homo sapiens
Q5NDL9-453,Canis lupus familiaris
P97943-251,Rattus norvegicus
P02751-545,Homo sapiens
Q8BH04-306,Mus musculus
Q80U72-224,Mus musculus
P53621-245,Homo sapiens
P35262-658,Lake Victoria marburgvirus)
C3VD30-205,Mus musculus
Q5ZKD1-195,Gallus gallus
P08071-216,Mus musculus
Q3SY46-70,Homo sapiens
F4JJL3-230,Arabidopsis thaliana
Q80XN0-209,Mus musculus
Q8N4T8-115,Homo sapiens
O35516-654,Mus musculus
Q9SUA9-26,Arabidopsis thaliana
Q14344-18,Homo sapiens
P29615-93,Drosophila melanogaster
Q91690-886,Xenopus laevis
Q9H4I8-306,Homo sapiens
Q9BZY9-114,Homo sapiens
Q9EQ20-86,Mus musculus
Q9QYY9-45,Mus musculus
O00592-344,Homo sapiens
P14148-208,Mus musculus
H3BLL4-63,Mus musculus
Q91WL5-84,Mus musculus
Q9URU2-354,Schizosaccharomyces pombe
P34981-337,Homo sapiens
Q8VCH7-288,Mus musculus
D3YZC1-31,Mus musculus
P13639-466,Homo sapiens
Q4LDG0-370,Mus musculus
O13798-1047,Schizosaccharomyces pombe
Q8TAU3-354,Homo sapiens
P17887-1269,Human herpesvirus 6A
P05549-14,Homo sapiens
Q8VC12-265,Mus musculus
Q9U2Q9-8,Caenorhabditis elegans
P69182-62,African swine fever virus
Q8K441-1281,Mus musculus
Q02248-381,Mus musculus
G3V203-134,Homo sapiens
Q9D1P4-24,Mus musculus
Q9ERM3-396,Rattus norvegicus
P97441-365,Mus musculus
F4IIS6-79,Arabidopsis thaliana
O88986-103,Mus musculus
A8DYP0-3791,Drosophila melanogaster
Q14524-1176,Homo sapiens
Q8H1G0-226,Arabidopsis thaliana
Q5XIL2-170,Rattus norvegicus
Q6KAS7-891,Mus musculus
P38551-121,Sus scrofa
P05689-215,Bos taurus
Q3TWN3-399,Mus musculus
F4J5S1-1100,Arabidopsis thaliana
Q9SN68-198,Arabidopsis thaliana
D3YPD5-303,Human herpesvirus 1
Q6AZI2-221,Xenopus laevis
Q1PA41-2622,Toxoplasma gondii
P62702-181,Mus musculus
P46013-1251,Homo sapiens
P04899-66,Homo sapiens
Q8VDK1-63,Mus musculus
Q922E4-296,Mus musculus
Q0WPS0-108,Arabidopsis thaliana
Q54QR7-111,Dictyostelium discoideum
Q8BSE0-381,Mus musculus
Q3UV74-612,Mus musculus
Q14181-554,Homo sapiens
Q39068-382,Arabidopsis thaliana
P29401-468,Homo sapiens
P11456-147,Bos taurus
O83270-545,Treponema pallidum
Q12908-314,Homo sapiens
Q13444-471,Homo sapiens
Q8TEQ6-1122,Homo sapiens
Q13459-1673,Homo sapiens
P27024-173,Human respiratory syncytial virus A
D3Z106-196,Mus musculus
O35709-468,Mus musculus
O01514-302,Caenorhabditis elegans
P00748-110,Homo sapiens
P43577-128,Saccharomyces cerevisiae
Q3USB7-1060,Mus musculus
Q92598-376,Homo sapiens
P07275-521,Saccharomyces cerevisiae
Q6L4L4-617,Oryza sativa subsp. japonica
P47053-139,Saccharomyces cerevisiae
P80315-221,Mus musculus
Q9D0N8-122,Mus musculus
Q9S9N5-295,Arabidopsis thaliana
P62888-92,Homo sapiens
P16070-53,Homo sapiens
Q9H6Y7-248,Homo sapiens
Q3UHK1-603,Mus musculus
E9QKI2-247,Mus musculus
Q91YE5-1691,Mus musculus
Q9DC28-255,Mus musculus
Q3YAW7-113,Oryctolagus cuniculus
P10980-429,Rattus norvegicus
A0JNB0-487,Bos taurus
Q8LG64-138,Arabidopsis thaliana
Q9CWR8-152,Mus musculus
O91734-1381,Echovirus 1
E0CZF6-127,Mus musculus
P31939-241,Homo sapiens
P55098-280,Mus musculus
Q08101-288,Bovine herpesvirus 1.2
A4Z943-343,Bos taurus
Q10R93-262,Oryza sativa subsp. japonica
Q9R0P3-56,Mus musculus
Q99N43-109,Mus musculus
P27659-114,Mus musculus
P40237-174,Mus musculus
P22888-644,Homo sapiens
F6S9Y6-141,Homo sapiens
Q9QYY9-104,Mus musculus
Q67ZU1-63,Arabidopsis thaliana
O43683-427,Homo sapiens
P52792-382,Mus musculus
P24643-504,Canis lupus familiaris
P17751-177,Mus musculus
P34914-120,Mus musculus
D4A612-149,Rattus norvegicus
Q80WJ7-75,Mus musculus
P52840-66,Mus musculus
P0C6U0-1179,Bovine coronavirus
Q5U239-86,Xenopus laevis
Q63803-666,Rattus norvegicus
E9Q484-382,Mus musculus
Q9VS24-748,Drosophila melanogaster
Q86SE8-42,Homo sapiens
P16615-875,Homo sapiens
P80315-410,Mus musculus
Q64435-126,Mus musculus
Q9CR21-140,Mus musculus
P48509-184,Homo sapiens
P58710-300,Mus musculus
O35969-169,Mus musculus
O54734-130,Mus musculus
Q9FG30-42,Arabidopsis thaliana
P33418-845,Saccharomyces cerevisiae
P90846-288,Caenorhabditis elegans
Q9JJZ5-200,Mus musculus
Q7Z699-352,Homo sapiens
P82756-43,Arabidopsis thaliana
G3V0E5-272,Homo sapiens
Q12879-870,Homo sapiens
P51830-54,Mus musculus
Q8NGW6-22,Homo sapiens
Q7YTU4-387,Caenorhabditis elegans
Q7Y214-18,Arabidopsis thaliana
Q4V3D2-347,Arabidopsis thaliana
D3Z5L9-114,Mus musculus
O08836-119,Rattus norvegicus
Q8SSY6-1240,Dictyostelium discoideum
P70375-303,Mus musculus
O92532-306,Hepatitis C virus genotype 6h
P60882-2014,Mus musculus
Q9LNU1-171,Arabidopsis thaliana
Q28717-256,Oryctolagus cuniculus
P41091-434,Homo sapiens
A2AN08-1594,Mus musculus
H3BJZ7-1012,Mus musculus
Q8IZP7-206,Homo sapiens
G3V928-3354,Rattus norvegicus
F7BWT7-185,Mus musculus
Q91W43-608,Mus musculus
Q22271-409,Caenorhabditis elegans
Q64516-67,Mus musculus
Q99LJ5-106,Mus musculus
Q96P20-415,Homo sapiens
Q4A3R3-726,Sus scrofa
Q3L254-152,Gallus gallus
L7N244-70,Mus musculus
Q23835-382,Drosophila ananassae
Q9W1B0-1337,Drosophila melanogaster
P15459-95,Arabidopsis thaliana
Q8BWT1-128,Mus musculus
Q9P6M0-70,Schizosaccharomyces pombe
Q8VCX1-195,Mus musculus
F1QW93-96,Danio rerio
A2CEK3-178,Mus musculus
Q91X83-35,Mus musculus
P23785-478,Rattus norvegicus
Q7SYS2-114,Xenopus laevis
Q9CQ92-41,Mus musculus
Q9DBN5-372,Mus musculus
P48776-266,Mus musculus
Q61765-172,Mus musculus
Q6ZWS4-108,Mus musculus
P09612-254,Bunyavirus La Crosse
Q2V392-34,Arabidopsis thaliana
P68368-295,Mus musculus
P52825-512,Mus musculus
Q9C004-186,Homo sapiens
Q9R0M8-357,Mus musculus
Q9CZB0-107,Mus musculus
A4D0S4-1759,Homo sapiens
P35700-71,Mus musculus
Q9LM92-43,Arabidopsis thaliana
P47026-363,Saccharomyces cerevisiae
Q498T3-368,Rattus norvegicus
P41220-116,Homo sapiens
G5EGU2-227,Caenorhabditis elegans
Q8VC30-382,Mus musculus
Q8BH86-54,Mus musculus
P97391-117,Mus musculus
Q8BHY3-370,Mus musculus
P23945-644,Homo sapiens
Q9Y230-227,Homo sapiens
Q3SYZ2-122,Bos taurus
E0CXZ9-263,Mus musculus
Q86UE3-549,Homo sapiens
Q9UQ80-296,Homo sapiens
P21981-553,Mus musculus
P54643-33,Dictyostelium discoideum
Q9DCM2-176,Mus musculus
Q12246-43,Saccharomyces cerevisiae
Q3TF84-59,Mus musculus
P17181-463,Homo sapiens
Q1RPR6-565,Sus scrofa
Q1AHB2-584,Oryza sativa subsp. indica
P30822-596,Saccharomyces cerevisiae
O75083-507,Homo sapiens
Q9UHC7-236,Homo sapiens
O08688-512,Mus musculus
E0CYZ3-350,Mus musculus
P11680-332,Mus musculus
P25656-80,Saccharomyces cerevisiae
A2ATU0-809,Mus musculus
Q9UM47-271,Homo sapiens
B1AYL1-323,Mus musculus
A6NIJ9-95,Homo sapiens
B1AR13-81,Mus musculus
P28665-251,Mus musculus
Q54C31-630,Dictyostelium discoideum
Q9N2V9-654,Caenorhabditis elegans
D0EZM8-116,Primate bocaparvovirus 1
Q96NZ8-114,Homo sapiens
O14116-624,Schizosaccharomyces pombe
P30988-394,Homo sapiens
Q90Y54-209,Danio rerio
Q65156-95,African swine fever virus
P70606-300,Rattus norvegicus
E9PW34-1947,Mus musculus
P31040-536,Homo sapiens
P47883-76,Homo sapiens
B4QMF4-604,Drosophila simulans
I3L1H3-44,Homo sapiens
P31943-22,Homo sapiens
G5ECE8-284,Caenorhabditis elegans
P09483-273,Rattus norvegicus
Q5M9B3-425,Xenopus laevis
P52272-694,Homo sapiens
Q9BUJ2-532,Homo sapiens
Q08857-272,Mus musculus
B9FKM7-692,Oryza sativa subsp. japonica
P47738-68,Mus musculus
P29724-21,Treponema pallidum
P08121-1462,Mus musculus
Q9D517-217,Mus musculus
Q922B2-76,Mus musculus
Q6DQ21-564,Influenza A virus
P41951-144,Caenorhabditis elegans
P28330-351,Homo sapiens
F8VV69-343,Homo sapiens
P35613-242,Homo sapiens
Q9QXG4-104,Mus musculus
Q9JJY3-132,Mus musculus
O88799-2792,Mus musculus
Q92667-64,Homo sapiens
Q8NHX4-188,Homo sapiens
P35447-568,Xenopus laevis
Q6T3U4-981,Mus musculus
Q8VE95-132,Mus musculus
Q78KK3-70,Mus musculus
P24668-33,Mus musculus
P0C748-52,Drosophila x virus
Q9BYF1-498,Homo sapiens
Q9D6M3-271,Mus musculus
P70404-81,Mus musculus
Q9JLJ2-45,Mus musculus
P16460-132,Mus musculus
Q9BVA1-354,Homo sapiens
S4R3Z2-183,Homo sapiens
Q8NDA2-4780,Homo sapiens
H0YN29-132,Homo sapiens
P15170-381,Homo sapiens
Q3TWI9-327,Mus musculus
Q90827-510,Gallus gallus
P21333-2543,Homo sapiens
B1AS29-859,Mus musculus
Q9UKT4-411,Homo sapiens
P08249-212,Mus musculus
Q8QZR5-89,Mus musculus
Q6ING9-311,Xenopus laevis
Q01705-1549,Mus musculus
Q58DT8-5,Bos taurus
Q1G1A4-324,Arabidopsis thaliana
P70404-235,Mus musculus
Q8R3P0-4,Mus musculus
O39927-2056,Hepatitis C virus genotype 6a
Q99805-120,Homo sapiens
Q8TEA1-415,Homo sapiens
Q8R0I4-168,Mus musculus
P19253-38,Mus musculus
Q9SKC2-164,Arabidopsis thaliana
Q92782-331,Homo sapiens
P07768-862,Oryctolagus cuniculus
P11497-1882,Rattus norvegicus
D3YZ18-106,Mus musculus
Q8CHR6-904,Mus musculus
Q6XVG2-51,Mus musculus
P17427-330,Mus musculus
P0C6X4-5676,Human coronavirus HKU1
Q94218-421,Caenorhabditis elegans
Q8R2H2-487,Rattus norvegicus
Q9D2P8-26,Mus musculus
Q9WU84-227,Mus musculus
F4JAA5-665,Arabidopsis thaliana
Q2V460-40,Arabidopsis thaliana
Q8CC86-484,Mus musculus
Q96N64-233,Homo sapiens
O09127-72,Mus musculus
D3Z106-102,Mus musculus
Q8CCT7-348,Mus musculus
Q3UQ44-42,Mus musculus
P26443-112,Mus musculus
O35682-286,Mus musculus
Q8VC12-296,Mus musculus
P16045-61,Mus musculus
Q9JIL4-339,Mus musculus
Q4LDG0-389,Mus musculus
Q80X95-109,Mus musculus
P32043-24,Mus musculus
O70475-288,Mus musculus
F8WHM5-309,Mus musculus
Q6P1E1-679,Mus musculus
Q5SXR6-757,Mus musculus
Q99J39-401,Mus musculus
Q91YE2-319,Mus musculus
Q61425-99,Mus musculus
P47955-61,Mus musculus
P53798-374,Mus musculus
Q921X9-463,Mus musculus
E9P860-1777,Caenorhabditis elegans
O94952-518,Homo sapiens
Q6QNU9-657,Mus musculus
Q9USK8-251,Schizosaccharomyces pombe
Q923B6-156,Mus musculus
Q61211-446,Mus musculus
Q80U23-61,Mus musculus
Q4A3R3-331,Sus scrofa
Q9D6G9-92,Mus musculus
Q9NR16-789,Homo sapiens
Q8BGT5-476,Mus musculus
Q9FK76-676,Arabidopsis thaliana
P07269-369,Saccharomyces cerevisiae
P48381-544,Mus musculus
Q8R0W0-2748,Mus musculus
Q14289-463,Homo sapiens
Q680N1-50,Arabidopsis thaliana
Q9BVA1-129,Homo sapiens
Q60604-424,Mus musculus
Q3T0P7-89,Bos taurus
Q07444-114,Homo sapiens
Q9EPQ2-618,Mus musculus
P0DOT1-43,Variola virus
Q91XH5-172,Mus musculus
Q8BJ48-133,Mus musculus
Q5FVR7-124,Rattus norvegicus
Q16819-557,Homo sapiens
Q9R1V7-717,Mus musculus
A8MU10-48,Homo sapiens
Q9XZ14-875,Drosophila melanogaster
O88728-52,Mus musculus
P62137-172,Mus musculus
Q00174-2061,Drosophila melanogaster
Q60634-88,Mus musculus
Q02053-179,Mus musculus
Q4U0X6-520,Human T-cell leukemia virus 3
O95428-538,Homo sapiens
Q5TA79-16,Homo sapiens
P10041-544,Drosophila melanogaster
Q02890-168,Saccharomyces cerevisiae
Q15858-1562,Homo sapiens
P05083-30,Gallus gallus
Q98867-100,Danio rerio
O35453-109,Mus musculus
O70589-698,Mus musculus
Q3TIR3-122,Mus musculus
P34484-241,Caenorhabditis elegans
P0CW97-31,Arabidopsis thaliana
F5H2F4-464,Homo sapiens
O88844-73,Mus musculus
Q9ULH1-219,Homo sapiens
P03899-39,Mus musculus
Q9LUW0-672,Arabidopsis thaliana
D3Z041-221,Mus musculus
P49757-37,Homo sapiens
P36888-241,Homo sapiens
P16331-357,Mus musculus
P97711-561,Rattus norvegicus
Q14766-913,Homo sapiens
O75592-4602,Homo sapiens
Q94BR5-699,Arabidopsis thaliana
Q6NZL8-213,Mus musculus
O43854-158,Homo sapiens
Q61586-812,Mus musculus
Q02445-174,Rattus norvegicus
P0DUN4-28,Bothrops brazili
P00533-797,Homo sapiens
Q5VVY1-22,Homo sapiens
Q9EQF6-22,Mus musculus
Q8BGA2-62,Mus musculus
P34125-240,Dictyostelium discoideum
Q8VIK5-666,Mus musculus
Q1RKN3-1565,Schizosaccharomyces pombe
Q9V6K3-646,Drosophila melanogaster
Q8JSD9-290,Influenza A virus
Q0WN60-340,Arabidopsis thaliana
B1ARD6-318,Mus musculus
P16473-699,Homo sapiens
P25962-358,Mus musculus
P14824-59,Mus musculus
Q6PJF5-476,Homo sapiens
B7ZNY8-386,Mus musculus
Q1PFG9-266,Arabidopsis thaliana
P16581-268,Homo sapiens
P40085-152,Saccharomyces cerevisiae
Q9QXE5-391,Mus musculus
P28799-544,Homo sapiens
P03473-193,Influenza A virus))
Q8CFA2-325,Mus musculus
Q9VX32-550,Drosophila melanogaster
E9Q484-408,Mus musculus
Q65696-263,Rotavirus A
P22723-427,Mus musculus
O35488-301,Mus musculus
Q9UBS8-433,Homo sapiens
Q8TE23-520,Homo sapiens
Q9EPE9-333,Mus musculus
P25432-69,Xenopus laevis
D3YW54-34,Mus musculus
D3YUM1-197,Mus musculus
Q9XEE6-274,Arabidopsis thaliana
O35927-664,Mus musculus
Q80YD6-364,Mus musculus
Q00839-607,Homo sapiens
O35490-299,Mus musculus
P61922-269,Mus musculus
Q96Q42-232,Homo sapiens
Q4U925-163,Theileria annulata
Q9R099-330,Mus musculus
P16395-393,Drosophila melanogaster
O49782-6,Arabidopsis thaliana
P06909-597,Mus musculus
Q8R4H7-106,Mus musculus
Q61694-68,Mus musculus
B1AY10-835,Mus musculus
D3YUM1-416,Mus musculus
Q8N2C3-117,Homo sapiens
O35486-27,Mus musculus
Q6TEK5-50,Mus musculus
Q6NSI8-196,Homo sapiens
P43297-387,Arabidopsis thaliana
P07724-591,Mus musculus
P91645-267,Drosophila melanogaster
D4AD53-105,Rattus norvegicus
Q700E3-257,Arabidopsis thaliana
Q9M3H5-91,Arabidopsis thaliana
P19785-451,Mus musculus
Q99LB7-498,Mus musculus
F6RSH1-148,Mus musculus
Q8R3S2-156,Mus musculus
P32568-776,Saccharomyces cerevisiae
Q8GYD9-964,Arabidopsis thaliana
Q13948-649,Homo sapiens
C9JZR9-155,Homo sapiens
O70325-93,Mus musculus
A6PWR1-42,Mus musculus
Q9VTT0-565,Drosophila melanogaster
P11859-340,Mus musculus
Q757S0-39,Eremothecium gossypii
P87311-511,Schizosaccharomyces pombe
P21246-89,Homo sapiens
Q9CQ26-264,Mus musculus
Q94AL8-5,Arabidopsis thaliana
P11976-753,Dictyostelium discoideum
P04637-275,Homo sapiens
Q9GZU1-53,Homo sapiens
H2L008-425,Caenorhabditis elegans
Q4VPQ3-225,Giardia intestinalis
P0CE95-30,Dictyostelium discoideum
P04186-612,Mus musculus
Q8VCB3-564,Mus musculus
Q16827-706,Homo sapiens
Q9LUI9-107,Arabidopsis thaliana
Q14195-448,Homo sapiens
Q54KM0-669,Dictyostelium discoideum
Q9WTP6-42,Mus musculus
P19096-2461,Mus musculus
A2RT67-1032,Mus musculus
P02468-502,Mus musculus
P35293-110,Mus musculus
Q6PF96-205,Mus musculus
Q8CIZ8-570,Mus musculus
Q68EV0-134,Xenopus laevis
Q8GU83-1110,Oryza sativa subsp. japonica
Q5VV63-899,Homo sapiens
A2BDX3-154,Mus musculus
Q9EQ20-317,Mus musculus
Q5DU02-76,Mus musculus
Q1W668-463,Bos taurus
Q81487-226,Hepatitis C virus genotype 3b
Q19294-341,Caenorhabditis elegans
Q8BH00-271,Mus musculus
Q9CQR2-56,Mus musculus
Q9NVE5-798,Homo sapiens
P0DJW5-249,Influenza A virus
P17987-236,Homo sapiens
P60174-79,Homo sapiens
Q8SQB8-481,Bos taurus
P22605-157,Mus musculus
Q7JM44-1600,Caenorhabditis elegans
P00186-158,Mus musculus
M0QWJ1-58,Mus musculus
Q6DFW0-252,Mus musculus
Q9UBU7-561,Homo sapiens
Q5HYJ1-191,Homo sapiens
Q9EQF5-242,Mus musculus
Q32NR9-4,Xenopus laevis
K7EMM6-92,Homo sapiens
P0DPE2-880,Bos taurus
Q54HY0-307,Dictyostelium discoideum
Q2QMT2-108,Oryza sativa subsp. japonica
P46165-61,Bos taurus
Q8NDW8-1234,Homo sapiens
O16216-10,Caenorhabditis elegans
Q5DTK1-786,Mus musculus
Q8K0P3-184,Mus musculus
P17563-268,Mus musculus
B8JK39-483,Mus musculus
Q99JY0-436,Mus musculus
Q9BLY8-199,Drosophila simulans
Q62167-223,Mus musculus
Q8BFZ2-114,Mus musculus
Q9CZ13-410,Mus musculus
P97952-181,Mus musculus
P83882-77,Mus musculus
Q8R0Y6-238,Mus musculus
P53396-229,Homo sapiens
Q3TB82-178,Mus musculus
H3BQF1-83,Homo sapiens
O70475-241,Mus musculus
P51152-208,Canis lupus familiaris
Q7RTV0-23,Homo sapiens
P48448-219,Homo sapiens
Q8IWX8-168,Homo sapiens
Q3UVU3-167,Mus musculus
P49327-1141,Homo sapiens
O35954-188,Mus musculus
Q6ZNB6-589,Homo sapiens
Q9BTU6-175,Homo sapiens
P14209-154,Homo sapiens
P38268-144,Saccharomyces cerevisiae
Q6Q5X2-39,Saccharomyces cerevisiae
Q4V645-23,Drosophila melanogaster
Q8R4D5-1033,Mus musculus
P19096-1397,Mus musculus
Q9D7J9-183,Mus musculus
Q3UR85-759,Mus musculus
Q921F4-133,Mus musculus
Q19791-1865,Caenorhabditis elegans
Q9HDU6-345,Schizosaccharomyces pombe
P07947-42,Homo sapiens
Q86IA3-175,Dictyostelium discoideum
Q01339-260,Mus musculus
P25620-5,Saccharomyces cerevisiae
P36106-108,Saccharomyces cerevisiae
Q9VVY3-633,Drosophila melanogaster
F6NSX9-860,Danio rerio
H0YAR2-208,Homo sapiens
Q9Z1Q2-205,Mus musculus
Q8CH72-579,Mus musculus
Q9QZE5-258,Mus musculus
B2RXS4-313,Mus musculus
Q8TF66-453,Homo sapiens
Q9DBA8-136,Mus musculus
P21269-307,Saccharomyces cerevisiae
Q8CGK3-898,Mus musculus
Q9T065-399,Arabidopsis thaliana
O64650-58,Arabidopsis thaliana
F6YLI0-37,Mus musculus
P00186-404,Mus musculus
Q1L721-169,Xenopus laevis
P56213-181,Mus musculus
P26710-212,African swine fever virus
Q1ZXI6-199,Dictyostelium discoideum
Q9FJB4-96,Arabidopsis thaliana
A6QLZ7-221,Bos taurus
Q86WI1-886,Homo sapiens
Q8C4G9-390,Mus musculus
Q3E7Z4-29,Saccharomyces cerevisiae
P62873-204,Homo sapiens
Q9ZV33-107,Arabidopsis thaliana
Q9NP58-50,Homo sapiens
Q12113-1428,Saccharomyces cerevisiae
O54828-641,Mus musculus
P42082-264,Mus musculus
Q9QXX4-566,Mus musculus
F8VPN4-172,Mus musculus
Q8BZQ2-154,Mus musculus
Q99LB2-89,Mus musculus
P28829-591,Schizosaccharomyces pombe
Q9HAK2-160,Homo sapiens
Q8BYJ6-915,Mus musculus
Q06639-31,Saccharomyces cerevisiae
Q6ZWJ8-275,Homo sapiens
Q91WD5-347,Mus musculus
Q14B48-775,Mus musculus
Q8K3K1-3223,Rattus norvegicus
Q55B06-658,Dictyostelium discoideum
P98160-1190,Homo sapiens
P17182-357,Mus musculus
Q5XF79-4,Arabidopsis thaliana
Q21339-82,Caenorhabditis elegans
Q02413-77,Homo sapiens
Q9FGE7-185,Arabidopsis thaliana
P30003-560,Human herpesvirus 6A
A0A286YF77-82,Homo sapiens
Q62217-853,Mus musculus
Q61205-56,Mus musculus
P30531-325,Homo sapiens
P30408-149,Homo sapiens
Q16881-214,Homo sapiens
Q14694-254,Homo sapiens
Q8CI94-446,Mus musculus
Q8LAN3-265,Arabidopsis thaliana
P23945-672,Homo sapiens
P00511-577,Oryctolagus cuniculus
Q9WUM3-25,Mus musculus
Q60749-19,Mus musculus
Q8VCB3-575,Mus musculus
Q14108-245,Homo sapiens
P56288-273,Schizosaccharomyces pombe
B1B0P8-128,Mus musculus
Q9JJ28-241,Mus musculus
Q6NZL8-217,Mus musculus
P98118-218,Oryctolagus cuniculus
Q91WC9-202,Mus musculus
F8VX04-391,Homo sapiens
Q9W7R3-771,Danio rerio
Q9SMQ6-221,Arabidopsis thaliana
P21333-1018,Homo sapiens
Q9R0P3-181,Mus musculus
Q00987-449,Homo sapiens
Q8R179-426,Mus musculus
P08581-624,Homo sapiens
Q6ZWZ6-50,Mus musculus
A0A023PYK2-107,Saccharomyces cerevisiae
Q5DTM8-943,Mus musculus
Q6PB66-129,Mus musculus
P35569-970,Mus musculus
Q8W4H8-312,Arabidopsis thaliana
Q6P3A8-175,Mus musculus
Q757E3-584,Eremothecium gossypii
Q6YCH2-56,Mus musculus
Q9BSJ8-635,Homo sapiens
Q9CR24-39,Mus musculus
Q9Y233-802,Homo sapiens
Q86KF9-616,Dictyostelium discoideum
D3Z0R6-94,Mus musculus
Q8BTK5-335,Mus musculus
Q8BFZ2-182,Mus musculus
P31720-153,Rattus norvegicus
Q99805-174,Homo sapiens
G1JTE6-331,Homo sapiens
D3YXG0-5205,Mus musculus
O16262-272,Caenorhabditis elegans
Q8BYK4-195,Mus musculus
P52480-358,Mus musculus
Q8BM55-222,Mus musculus
Q9UM47-1475,Homo sapiens
Q6GUQ1-110,Mus musculus
Q9WTP2-220,Mus musculus
P18206-1053,Homo sapiens
Q91V76-187,Mus musculus
Q9DC37-33,Mus musculus
Q9JM61-332,Mus musculus
Q6GPB6-36,Xenopus laevis
Q9ES58-319,Rattus norvegicus
A2APX8-1180,Mus musculus
O89020-499,Mus musculus
P63017-17,Mus musculus
Q9DCM0-34,Mus musculus
O15118-800,Homo sapiens
P38720-365,Saccharomyces cerevisiae
Q7TSQ8-515,Mus musculus
E9Q6G4-1229,Mus musculus
Q9JKZ2-662,Mus musculus
A5WWA0-734,Danio rerio
P04191-674,Oryctolagus cuniculus
O88908-322,Mus musculus
Q8CGC7-1377,Mus musculus
O15118-956,Homo sapiens
Q5SXR6-1261,Mus musculus
Q8NG78-204,Homo sapiens
P61858-12,Drosophila hydei
Q8VDJ3-948,Mus musculus
Q9D3P9-110,Mus musculus
P97784-402,Mus musculus
P10041-246,Drosophila melanogaster
Q8VCB3-395,Mus musculus
Q5VTY9-188,Homo sapiens
Q96P20-844,Homo sapiens
G5ECR9-316,Caenorhabditis elegans
P41149-173,Mus musculus
Q8VC74-130,Mus musculus
Q8NCR0-30,Homo sapiens
Q8JUX5-905,Chikungunya virus
O95500-104,Homo sapiens
Q9QX47-1580,Mus musculus
F1MAB7-284,Rattus norvegicus
Q03721-143,Homo sapiens
Q9XEX4-292,Arabidopsis thaliana
Q9HCK5-618,Homo sapiens
Q9SL03-341,Arabidopsis thaliana
A0A1D5NSM8-1305,Danio rerio
Q64374-262,Mus musculus
Q9D1X9-89,Mus musculus
O88799-2663,Mus musculus
Q9V477-757,Drosophila melanogaster
Q9Z268-618,Mus musculus
Q9Z2Z6-58,Mus musculus
P00533-291,Homo sapiens
Q61789-316,Mus musculus
Q60766-371,Mus musculus
Q6ZN84-326,Homo sapiens
Q91XD4-286,Mus musculus
Q8BLC3-37,Mus musculus
P51863-197,Mus musculus
F8WI14-444,Mus musculus
Q9GL30-471,Bos taurus
P24585-270,Caenorhabditis elegans
P11499-564,Mus musculus
Q60991-349,Mus musculus
Q9Z0H8-802,Mus musculus
Q96EK9-103,Homo sapiens
O70503-38,Mus musculus
Q9VNB3-157,Drosophila melanogaster
Q8R0Y6-152,Mus musculus
Q91VD9-367,Mus musculus
Q3TF84-48,Mus musculus
P48026-122,Mus musculus
Q04592-941,Mus musculus
P62746-107,Mus musculus
P47791-112,Mus musculus
P35555-845,Homo sapiens
Q8BKC5-266,Mus musculus
P21839-382,Bos taurus
P30215-307,Human coronavirus OC43
A2APR8-628,Mus musculus
G5E8R3-663,Mus musculus
O08858-319,Mus musculus
P18688-551,Oryctolagus cuniculus
Q8CIE6-1013,Mus musculus
A8MQA4-58,Arabidopsis thaliana
Q64310-32,Mus musculus
Q40374-122,Medicago truncatula
Q7TPR4-180,Mus musculus
Q62850-135,Rattus norvegicus
A8MVA2-19,Homo sapiens
Q8VI59-1109,Mus musculus
Q93YU6-49,Arabidopsis thaliana
Q8VCB3-214,Mus musculus
O94856-1221,Homo sapiens
Q8K440-1282,Mus musculus
Q9M0B7-252,Arabidopsis thaliana
Q8C729-57,Mus musculus
Q9NWQ8-37,Homo sapiens
Q3U9N9-126,Mus musculus
Q9JLJ2-267,Mus musculus
P09564-198,Homo sapiens
Q9DBN5-137,Mus musculus
Q9C6H5-124,Arabidopsis thaliana
P53996-54,Mus musculus
P17790-306,Gallus gallus
P13639-751,Homo sapiens
Q19319-3983,Caenorhabditis elegans
Q8C0P7-609,Mus musculus
Q7TML3-271,Mus musculus
Q9JLJ2-220,Mus musculus
F4HVS0-1233,Arabidopsis thaliana
A2RT62-47,Mus musculus
F6RSH1-398,Mus musculus
P13944-2736,Gallus gallus
Q64617-203,Rattus norvegicus
Q9D7B6-157,Mus musculus
Q99PL5-1198,Mus musculus
P35355-32,Rattus norvegicus
Q571F8-542,Mus musculus
Q9SKC4-161,Arabidopsis thaliana
Q922Q1-274,Mus musculus
Q9FWQ5-1044,Arabidopsis thaliana
Q61907-70,Mus musculus
P01870-105,Oryctolagus cuniculus
Q7TPB0-119,Mus musculus
P53935-140,Saccharomyces cerevisiae
Q8QZS1-270,Mus musculus
Q9UTR9-76,Schizosaccharomyces pombe
Q99MZ7-79,Mus musculus
Q50L42-304,Mus musculus
P12672-166,Mus musculus
P01871-244,Homo sapiens
P11716-2555,Oryctolagus cuniculus
Q9DCM0-80,Mus musculus
Q5ZKI0-116,Gallus gallus
Q8C181-53,Mus musculus
Q8K4G1-1095,Mus musculus
P62908-119,Mus musculus
Q8JZR0-259,Mus musculus
P54869-261,Mus musculus
A4GCL6-610,Influenza A virus
Q61176-168,Mus musculus
P16671-243,Homo sapiens
A6ZQG3-34,Saccharomyces cerevisiae
D3YY75-103,Mus musculus
Q7M334-144,Oryctolagus cuniculus
O82328-78,Arabidopsis thaliana
Q9Z2I0-329,Mus musculus
Q8VYH0-612,Arabidopsis thaliana
Q9R049-337,Mus musculus
O14828-190,Homo sapiens
P11836-220,Homo sapiens
Q80943-389,Human papillomavirus type 60
Q91XL2-458,Mus musculus
Q91XW9-777,Mus musculus
Q9JJ00-194,Mus musculus
Q922B1-244,Mus musculus
Q3ZC66-3,Bos taurus
P14824-96,Mus musculus
P22105-204,Homo sapiens
Q8C5H8-321,Mus musculus
Q64442-45,Mus musculus
Q27571-342,Drosophila melanogaster
Q3EDH0-540,Arabidopsis thaliana
Q3UN16-341,Mus musculus
P03239-124,Human adenovirus C serotype 2
Q9UQB3-831,Homo sapiens
Q91VR5-513,Mus musculus
Q01484-305,Homo sapiens
G3UYK9-123,Mus musculus
C7GQY3-390,Saccharomyces cerevisiae
P29371-311,Homo sapiens
Q6EE22-140,Canis lupus familiaris
E9PUQ0-613,Mus musculus
Q6DC60-183,Danio rerio
Q8C1R0-21,Mus musculus
A2AIR7-1122,Mus musculus
Q6A0A9-917,Mus musculus
P46471-377,Mus musculus
P11589-82,Mus musculus
Q93045-24,Homo sapiens
Q8K3F6-256,Mus musculus
P48453-237,Mus musculus
C9J841-125,Homo sapiens
Q9BW27-35,Homo sapiens
Q00839-497,Homo sapiens
O95047-240,Homo sapiens
P24588-36,Homo sapiens
Q80YX1-221,Mus musculus
F1NV61-121,Gallus gallus
P55264-159,Mus musculus
Q99KG3-219,Mus musculus
P21981-619,Mus musculus
E0CXK2-267,Mus musculus
A0A131MBU3-100,Caenorhabditis elegans
Q9LVC3-440,Arabidopsis thaliana
A4D7S0-326,Bos taurus
Q8BPS4-133,Mus musculus
Q30KN4-42,Mus musculus
Q9NXU5-53,Homo sapiens
Q54XH9-857,Dictyostelium discoideum
P18572-203,Mus musculus
Q9JJY3-425,Mus musculus
Q8QZY6-200,Mus musculus
P57096-70,Mus musculus
P51882-84,Rattus norvegicus
O94502-419,Schizosaccharomyces pombe
O02666-401,Oryctolagus cuniculus
O09131-191,Mus musculus
Q8R127-218,Mus musculus
O01737-1232,Caenorhabditis elegans
Q6PA06-402,Mus musculus
P97772-565,Mus musculus
Q8BG51-229,Mus musculus
P55017-436,Homo sapiens
Q9D6M3-52,Mus musculus
O35490-131,Mus musculus
Q03135-133,Homo sapiens
Q9D733-79,Mus musculus
Q8JZ13-57,Rotavirus A
Q61176-303,Mus musculus
Q9WTU0-863,Mus musculus
Q18823-909,Caenorhabditis elegans
A8MWY0-340,Homo sapiens
P62274-39,Mus musculus
C0HKD2-380,Mus musculus
Q59E83-63,Caenorhabditis elegans
Q5W7P8-389,Canis lupus familiaris
P13611-3296,Homo sapiens
Q5Y5T5-245,Mus musculus
O14744-22,Homo sapiens
Q9Y2B1-338,Homo sapiens
Q8T2A1-757,Dictyostelium discoideum
Q9VXE0-49,Drosophila melanogaster
A2CEK3-119,Mus musculus
Q9QZB1-67,Mus musculus
Q60700-127,Mus musculus
Q6ZQ93-929,Mus musculus
Q99719-300,Homo sapiens
Q9TYM6-280,Caenorhabditis elegans
P68958-84,Canine adenovirus serotype 1)
Q9Y446-569,Homo sapiens
P68762-140,Influenza C virus
Q63722-265,Rattus norvegicus
Q8BJ64-244,Mus musculus
Q3U5C7-158,Mus musculus
P52480-326,Mus musculus
Q8BU33-315,Mus musculus
Q9BYQ8-89,Homo sapiens
P84091-337,Mus musculus
Q91Y47-544,Mus musculus
P19157-48,Mus musculus
Q4PJX1-274,Mus musculus
Q54LR3-337,Dictyostelium discoideum
Q9NTI7-128,Homo sapiens
Q4V7W2-3,Xenopus laevis
Q80X90-1434,Mus musculus
Q99523-783,Homo sapiens
Q99P30-72,Mus musculus
Q7T0P6-149,Xenopus laevis
Q8BYU6-342,Mus musculus
P49283-341,Drosophila melanogaster
P98164-3754,Homo sapiens
Q9DC50-578,Mus musculus
O97507-135,Sus scrofa
Q99L04-256,Mus musculus
P39654-533,Mus musculus
O14329-335,Schizosaccharomyces pombe
P98088-4943,Homo sapiens
Q9WV34-310,Mus musculus
Q32ZE1-203,Zika virus
H3BTI4-52,Homo sapiens
Q03983-457,Saccharomyces cerevisiae
P97607-227,Rattus norvegicus
P56657-372,Mus musculus
Q5RKR3-533,Mus musculus
D3YVF0-123,Mus musculus
Q9S9P0-595,Arabidopsis thaliana
Q80TN5-590,Mus musculus
Q6UWN5-156,Homo sapiens
P23977-580,Rattus norvegicus
Q75M35-793,Oryza sativa subsp. japonica
Q5RJI2-427,Mus musculus
B2RX14-1325,Mus musculus
O43897-745,Homo sapiens
Q9Z2I9-158,Mus musculus
E9Q4Z2-86,Mus musculus
Q3B8N0-297,Xenopus laevis
Q8CGC7-1076,Mus musculus
O15118-816,Homo sapiens
Q21629-396,Caenorhabditis elegans
P34550-335,Caenorhabditis elegans
Q15149-1405,Homo sapiens
P61169-182,Rattus norvegicus
P61514-42,Mus musculus
F5GY55-128,Homo sapiens
P41216-626,Mus musculus
Q2Q1W2-301,Homo sapiens
D3ZB94-317,Rattus norvegicus
Q9QYB1-35,Mus musculus
Q80IU6-242,Hepatitis B virus genotype E
P05202-272,Mus musculus
Q13530-295,Homo sapiens
Q9DBG1-230,Mus musculus
Q9D8T7-2-48,Mus musculus
Q64516-387,Mus musculus
P00338-131,Homo sapiens
P07724-269,Mus musculus
Q8VCZ9-414,Mus musculus
P26369-442,Mus musculus
P06151-84,Mus musculus
Q29053-2,Sus scrofa
Q9ULU4-1046,Homo sapiens
P23574-417,Rattus norvegicus
Q99PE8-158,Mus musculus
Q8HZK2-3,Sus scrofa
Q9D2Y9-117,Mus musculus
D3YUM1-116,Mus musculus
Q9C8T8-189,Arabidopsis thaliana
Q9QXZ6-651,Mus musculus
Q9UNK0-214,Homo sapiens
A2AQR0-188,Mus musculus
Q99KK2-392,Mus musculus
Q9LZT5-80,Arabidopsis thaliana
Q9ZVI6-58,Arabidopsis thaliana
Q99PL5-1136,Mus musculus
P0C6T8-4351,Bovine coronavirus
P97946-278,Mus musculus
K9N5Q8-1164,Middle East respiratory syndrome-related coronavirus
O08917-17,Mus musculus
Q8VE18-566,Mus musculus
Q91W98-30,Mus musculus
P04775-1052,Rattus norvegicus
Q8BMJ2-575,Mus musculus
Q8JSZ3-1207,Crimean-Congo hemorrhagic fever virus
O45657-479,Caenorhabditis elegans
Q01339-23,Mus musculus
Q812A2-658,Mus musculus
P49137-98,Homo sapiens
A6BM72-394,Homo sapiens
Q9LL45-462,Oryza sativa subsp. japonica
P54868-389,Homo sapiens
A8BFN4-1433,Giardia intestinalis
P21333-1157,Homo sapiens
P0C6X8-6258,Murine coronavirus
Q9ZUT8-642,Arabidopsis thaliana
Q9BWM5-220,Homo sapiens
Q8R0Y6-404,Mus musculus
P35858-566,Homo sapiens
Q9CR55-30,Mus musculus
P04863-637,Canine parvovirus type 2
P11047-1003,Homo sapiens
Q08AN1-523,Homo sapiens
Q9P7Q7-752,Schizosaccharomyces pombe
F4JLS0-122,Arabidopsis thaliana
P42669-291,Mus musculus
Q9H9B1-595,Homo sapiens
P27426-69,Bovine herpesvirus 4
P27960-571,Hepatitis C virus
P97494-295,Mus musculus
P82756-47,Arabidopsis thaliana
Q91575-12,Xenopus laevis
A2T3M0-324,Rotavirus A
P97865-313,Mus musculus
O14258-450,Schizosaccharomyces pombe
Q9WTR1-673,Mus musculus
A0MZ66-631,Homo sapiens
O43707-793,Homo sapiens
Q8VIK5-146,Mus musculus
Q8BWF0-81,Mus musculus
Q6PDG5-486,Mus musculus
Q0V8T0-982,Canis lupus familiaris
Q9EST4-146,Mus musculus
Q71LX6-504,Rattus norvegicus
P50285-423,Mus musculus
Q99J23-378,Mus musculus
Q9D3P9-61,Mus musculus
Q3UNX5-2-318,Mus musculus
P32745-283,Homo sapiens
P0DTD1-5191,Severe acute respiratory syndrome coronavirus 2
Q8VCY8-116,Mus musculus
P21981-669,Mus musculus
Q9HC84-1259,Homo sapiens
Q12852-403,Homo sapiens
Q8CFN2-2-157,Rattus norvegicus
Q8L4H0-100,Arabidopsis thaliana
P47740-220,Mus musculus
P19564-46,Bovine immunodeficiency virus
A6BM72-148,Homo sapiens
Q01341-444,Mus musculus
F6UDT8-89,Mus musculus
P05202-187,Mus musculus
E9Q401-2271,Mus musculus
Q8LAS7-18,Arabidopsis thaliana
Q8JZQ2-524,Mus musculus
Q84VX0-70,Arabidopsis thaliana
P78380-46,Homo sapiens
Q3E8J4-223,Arabidopsis thaliana
P0DOI9-154,KI polyomavirus
O54874-271,Rattus norvegicus
Q16549-704,Homo sapiens
Q9JJX6-227,Mus musculus
P41266-434,Puumala virus
A0A7H0DN52-356,Monkeypox virus
Q3ULJ0-216,Mus musculus
P19334-472,Drosophila melanogaster
Q9VGL8-74,Drosophila melanogaster
Q571I9-59,Mus musculus
Q62825-507,Rattus norvegicus
Q13639-328,Homo sapiens
P48486-137,Arabidopsis thaliana
Q5SXR6-938,Mus musculus
A0A023PZF5-45,Saccharomyces cerevisiae
Q9WTR8-1691,Rattus norvegicus
Q1ZXI5-740,Dictyostelium discoideum
O94527-248,Schizosaccharomyces pombe
Q8BWN8-303,Mus musculus
Q8VCH6-499,Mus musculus
Q8VDS4-220,Mus musculus
Q8TCN5-250,Homo sapiens
Q8BTF7-485,Mus musculus
Q559A9-1579,Dictyostelium discoideum
Q80Z71-228,Mus musculus
A3B6V0-18,Oryza sativa subsp. japonica
P70313-617,Mus musculus
Q76NQ1-294,Drosophila melanogaster
E9Q390-1118,Mus musculus
P98164-4399,Homo sapiens
Q6H7M1-150,Oryza sativa subsp. japonica
Q9NX77-108,Homo sapiens
Q9UPY5-327,Homo sapiens
P02469-531,Mus musculus
P08292-195,Coxsackievirus B4
Q8R0Y6-762,Mus musculus
P08255-323,Drosophila melanogaster
Q5ZKA2-975,Gallus gallus
P47964-48,Mus musculus
Q8IZJ0-199,Homo sapiens
A2AEG6-62,Mus musculus
Q9Z2G9-172,Mus musculus
Q99K82-381,Mus musculus
P18094-390,Human immunodeficiency virus type 2 subtype A
Q56ZQ3-203,Arabidopsis thaliana
P11716-36,Oryctolagus cuniculus
P24549-50,Mus musculus
Q9WVF7-2167,Mus musculus
O75376-662,Homo sapiens
Q6PF96-326,Mus musculus
Q3UHK1-303,Mus musculus
P34425-76,Caenorhabditis elegans
A2AQR0-84,Mus musculus
Q9NXP7-254,Homo sapiens
Q8BTZ7-149,Mus musculus
Q9BYU5-89,Homo sapiens
Q9UK96-49,Homo sapiens
Q59H18-413,Homo sapiens
Q8NHU3-331,Homo sapiens
Q3UNX5-2-134,Mus musculus
Q02257-90,Mus musculus
Q5BK68-376,Rattus norvegicus
O88799-2437,Mus musculus
Q059Y8-691,Mus musculus
Q3MII6-354,Homo sapiens
G5E8G3-244,Mus musculus
A1ZA47-2171,Drosophila melanogaster
P0C9J3-85,African swine fever virus
P53675-1102,Homo sapiens
O08749-484,Mus musculus
P53214-4,Saccharomyces cerevisiae
F8WJ05-541,Mus musculus
Q6TH22-274,Danio rerio
P08768-894,Eastern equine encephalitis virus
Q9UMS4-16,Homo sapiens
A8MZH6-31,Homo sapiens
Q18LD3-332,Elephantid herpesvirus 1
P0C6U0-891,Bovine coronavirus
Q96BI3-245,Homo sapiens
A1Z713-1197,Drosophila melanogaster
P47801-136,Mus musculus
P33854-218,Variola virus
Q63880-434,Mus musculus
P51863-335,Mus musculus
Q4KLV2-294,Xenopus laevis
Q63562-101,Rattus norvegicus
Q61092-462,Mus musculus
Q922H4-181,Mus musculus
Q86SE9-42,Homo sapiens
B2LW77-66,Sus scrofa
P19096-1222,Mus musculus
P23685-770,Canis lupus familiaris
Q80XN0-63,Mus musculus
Q64326-253,Mus musculus
Q497N7-107,Mus musculus
Q9UTL5-291,Schizosaccharomyces pombe
Q9CRT8-38,Mus musculus
O15162-149,Homo sapiens
Q01643-68,Drosophila melanogaster
Q96S99-178,Homo sapiens
Q9WU38-557,Mus musculus
P38702-198,Saccharomyces cerevisiae
Q9DBN5-751,Mus musculus
Q8VCN5-171,Mus musculus
P45844-406,Homo sapiens
P22723-415,Mus musculus
A2IBY7-25,Canis lupus familiaris
Q01102-474,Mus musculus
P11881-56,Mus musculus
Q9UKS7-476,Homo sapiens
Q9DCC4-129,Mus musculus
Q9ERZ4-176,Mus musculus
Q8CHC4-1051,Mus musculus
O43657-177,Homo sapiens
Q60614-311,Mus musculus
P28799-171,Homo sapiens
Q6ZTR5-1683,Homo sapiens
P20909-1755,Rattus norvegicus
Q07076-302,Mus musculus
Q9LRE6-323,Oryza sativa subsp. japonica
Q6GTS8-7,Homo sapiens
Q6DGA6-166,Danio rerio
Q922D8-195,Mus musculus
P0CU04-212,Schizosaccharomyces pombe
P78536-525,Homo sapiens
Q8BP47-277,Mus musculus
A6ZLG6-246,Saccharomyces cerevisiae
P21128-28,Homo sapiens
Q94K43-399,Arabidopsis thaliana
P26443-172,Mus musculus
Q921I1-526,Mus musculus
Q8IVV2-1127,Homo sapiens
Q9P7H8-649,Schizosaccharomyces pombe
Q80YQ1-520,Mus musculus
P98164-4401,Homo sapiens
Q3UEG6-316,Mus musculus
Q8VDM4-459,Mus musculus
E7F3F0-1999,Danio rerio
Q74ZY6-56,Eremothecium gossypii
P20028-356,Drosophila melanogaster
Q9CRB3-35,Mus musculus
Q02248-466,Mus musculus
Q6WQJ1-349,Mus musculus
B3SRS2-8,Rotavirus A
Q913D4-306,Hepatitis C virus genotype 1c
Q9LXD6-253,Arabidopsis thaliana
Q9HCM2-811,Homo sapiens
Q8R164-206,Mus musculus
Q8BVZ1-319,Mus musculus
Q9BRP7-461,Homo sapiens
Q9Y5L0-303,Homo sapiens
Q61838-594,Mus musculus
P04426-93,Mus musculus
Q9ERG0-412,Mus musculus
P20591-52,Homo sapiens
P16615-498,Homo sapiens
P25023-356,Rattus norvegicus
P0C6X8-609,Murine coronavirus
Q9ZVJ4-196,Arabidopsis thaliana
Q9DCN1-177,Mus musculus
Q9DCP2-369,Mus musculus
Q9CPU4-56,Mus musculus
Q21313-335,Caenorhabditis elegans
Q61586-598,Mus musculus
Q9DBW0-260,Mus musculus
Q38912-21,Arabidopsis thaliana
O88342-325,Mus musculus
P0C9M6-350,African swine fever virus
Q5SSE9-2882,Mus musculus
O88587-200,Mus musculus
Q6PF96-187,Mus musculus
Q7TMG8-103,Mus musculus
P00355-282,Sus scrofa
Q6ZNB6-365,Homo sapiens
D3YTY9-83,Mus musculus
Q71MM5-143,Danio rerio
Q95LI3-748,Bos taurus
Q9IBG7-1641,Xenopus laevis
Q6NYX8-17,Danio rerio
P52189-50,Mus musculus
P97685-213,Rattus norvegicus
P16460-331,Mus musculus
Q9BR39-29,Homo sapiens
Q80X90-1280,Mus musculus
P0CA94-141,African swine fever virus
P54318-119,Rattus norvegicus
O43435-398,Homo sapiens
Q6IVV8-530,Danio rerio
O02002-5,Drosophila melanogaster
F8VV56-76,Homo sapiens
Q07FI2-447,Influenza A virus
P02457-85,Gallus gallus
P21333-444,Homo sapiens
Q05144-189,Mus musculus
Q6IVU7-90,Arabidopsis thaliana
Q4DUK4-188,Trypanosoma cruzi
F7BWT7-171,Mus musculus
E9Q0U7-269,Mus musculus
Q8VYA1-196,Arabidopsis thaliana
O57329-47,Gallus gallus
Q8NEZ4-1060,Homo sapiens
D3YTT4-249,Mus musculus
Q2VLH6-591,Mus musculus
P51579-140,Rattus norvegicus
P32304-404,Mus musculus
Q8BKD6-238,Mus musculus
Q9DBM2-471,Mus musculus
P02465-1193,Bos taurus
P11714-446,Mus musculus
Q9Z2V4-407,Mus musculus
Q6H3X3-50,Homo sapiens
Q8W0A1-799,Oryza sativa subsp. japonica
Q9Z0M6-182,Mus musculus
Q5VV63-1031,Homo sapiens
Q63184-128,Rattus norvegicus
Q64374-207,Mus musculus
Q64458-172,Mus musculus
Q9ESG8-310,Mus musculus
E9PZA9-142,Mus musculus
Q80T14-480,Mus musculus
Q9VNL4-416,Drosophila melanogaster
P08865-148,Homo sapiens
P16460-97,Mus musculus
P27037-60,Homo sapiens
P35700-173,Mus musculus
O89112-183,Mus musculus
P48745-295,Homo sapiens
Q58G35-186,Arabidopsis thaliana
P16546-1930,Mus musculus
P62717-109,Mus musculus
Q9V7A4-254,Drosophila melanogaster
Q32ZI3-38,Rattus norvegicus
Q9LTF4-582,Arabidopsis thaliana
P33316-166,Homo sapiens
Q6AU80-401,Oryza sativa subsp. japonica
Q68DH5-552,Homo sapiens
P68467-50,Vaccinia virus
O00151-45,Homo sapiens
P20618-224,Homo sapiens
Q62806-288,Rattus norvegicus
P34318-77,Caenorhabditis elegans
B3LTF3-219,Saccharomyces cerevisiae
Q91V08-80,Mus musculus
P10276-174,Homo sapiens
Q5PQK8-303,Rattus norvegicus
P06151-293,Mus musculus
G3V4H1-24,Homo sapiens
Q9DBM2-561,Mus musculus
Q9UKG9-166,Homo sapiens
P24105-390,Human immunodeficiency virus type 2 subtype A
O15394-740,Homo sapiens
P29758-150,Mus musculus
Q06438-263,Cricetulus griseus
Q8R0A7-313,Mus musculus
Q9JIF7-466,Mus musculus
B7ZRT8-292,Xenopus laevis
P56705-215,Homo sapiens
P55067-1212,Rattus norvegicus
Q92832-657,Homo sapiens
Q9CQJ8-103,Mus musculus
Q06561-2147,Caenorhabditis elegans
Q64514-150,Mus musculus
Q6YXT7-435,Oryza sativa subsp. japonica
Q9H1P3-238,Homo sapiens
Q8C7H1-97,Mus musculus
Q8R507-413,Mus musculus
E9QN92-178,Mus musculus
P19478-20,Treponema pallidum
P57083-131,Human herpesvirus 1
Q01279-362,Mus musculus
Q14156-154,Homo sapiens
Q96KG7-550,Homo sapiens
O22806-88,Arabidopsis thaliana
Q9BS86-320,Homo sapiens
Q9BVA1-303,Homo sapiens
Q5BQE6-393,Rattus norvegicus
P01131-370,Bos taurus
Q96662-1512,Bovine viral diarrhea virus
D3Z4E2-99,Mus musculus
Q00612-158,Mus musculus
P00533-1049,Homo sapiens
Q99JB2-167,Mus musculus
P97742-304,Mus musculus
P10833-70,Mus musculus
Q8C006-408,Mus musculus
Q91WC9-168,Mus musculus
Q5QGU6-413,Mus musculus
P54834-244,Canis lupus familiaris
Q8BKC5-733,Mus musculus
Q91X91-202,Mus musculus
Q8BG51-188,Mus musculus
Q9P0L0-128,Homo sapiens
B3SRV2-72,Rotavirus A
P10493-401,Mus musculus
P58735-180,Mus musculus
Q60930-77,Mus musculus
P25445-199,Homo sapiens
Q09195-368,Schizosaccharomyces pombe
A6ZL17-276,Saccharomyces cerevisiae
O75093-1453,Homo sapiens
Q8VI56-129,Mus musculus
Q29RZ2-386,Bos taurus
P53831-52,Saccharomyces cerevisiae
Q9DCK3-169,Mus musculus
P0CA79-61,African swine fever virus
Q08465-158,Saccharomyces cerevisiae
Q61009-470,Mus musculus
Q02817-1243,Homo sapiens
Q9Y6R7-2780,Homo sapiens
P00511-114,Oryctolagus cuniculus
Q9Y7J1-59,Schizosaccharomyces pombe
Q6IY73-50,Oryctolagus cuniculus
Q9JM99-57,Mus musculus
P18760-39,Mus musculus
P99029-96,Mus musculus
Q9Y4D2-935,Homo sapiens
P0C6U7-121,Human coronavirus OC43
Q9W6V6-776,Gallus gallus
Q90WY5-5,Danio rerio
Q1LUV9-145,Danio rerio
Q8R127-124,Mus musculus
Q98UI9-1094,Gallus gallus
P01322-109,Rattus norvegicus
Q8BJ64-165,Mus musculus
Q9H6X2-347,Homo sapiens
P00748-61,Homo sapiens
P02462-1460,Homo sapiens
Q98T89-186,Gallus gallus
F7C3A0-1102,Mus musculus
P98160-3859,Homo sapiens
Q9NRJ3-73,Homo sapiens
P01023-1321,Homo sapiens
Q91WU0-273,Mus musculus
Q9DBG1-430,Mus musculus
P22105-719,Homo sapiens
P47914-119,Homo sapiens
P28481-52,Mus musculus
Q6DDV1-55,Xenopus laevis
Q9QJ27-292,Human herpesvirus 6B
O00206-391,Homo sapiens
Q8VCW8-254,Mus musculus
O08564-143,Rattus norvegicus
Q08462-608,Homo sapiens
Q99959-647,Homo sapiens
P47226-333,Mus musculus
Q99K95-51,Mus musculus
Q9NYV4-850,Homo sapiens
Q8VDM4-598,Mus musculus
Q9Z1M0-482,Mus musculus
Q5PQS4-125,Rattus norvegicus
Q21241-28,Caenorhabditis elegans
Q8VHL5-51,Mus musculus
Q14524-981,Homo sapiens
P39877-64,Homo sapiens
Q9ERZ3-562,Mus musculus
O92972-226,Hepatitis C virus genotype 1b
Q6DCT3-298,Xenopus laevis
Q6ZNX1-215,Homo sapiens
O90368-282,O'nyong-nyong virus
Q8JZR0-185,Mus musculus
O14975-22,Homo sapiens
P04775-1182,Rattus norvegicus
P58397-678,Homo sapiens
O15534-835,Homo sapiens
Q9DD20-96,Mus musculus
Q8BWT1-179,Mus musculus
C7GLG0-69,Saccharomyces cerevisiae
P28665-680,Mus musculus
Q6ZRI0-970,Homo sapiens
O15230-2090,Homo sapiens
P40889-495,Saccharomyces cerevisiae
P35282-175,Mus musculus
Q9H5I5-1184,Homo sapiens
Q01279-215,Mus musculus
O09158-98,Mus musculus
Q8MJ46-158,Canis lupus familiaris
O74823-271,Schizosaccharomyces pombe
Q9QXY7-91,Mus musculus
Q6ZQ93-5,Mus musculus
P53811-94,Mus musculus
O15551-184,Homo sapiens
P40936-231,Mus musculus
Q5RI75-301,Mus musculus
Q9H9Y6-689,Homo sapiens
P63241-22,Homo sapiens
B1AR13-119,Mus musculus
Q68FE2-122,Mus musculus
O92955-265,Rous sarcoma virus subgroup B
Q91X72-199,Mus musculus
O14099-351,Schizosaccharomyces pombe
Q9PWA0-40,Gallus gallus
Q9DCL9-281,Mus musculus
Q9HCF6-74,Homo sapiens
P63244-182,Homo sapiens
D3YUM1-246,Mus musculus
Q99JR5-134,Mus musculus
P32020-61,Mus musculus
P84096-188,Mus musculus
P42261-603,Homo sapiens
Q9ESB3-504,Mus musculus
P25688-195,Mus musculus
P30542-309,Homo sapiens
Q99MX7-513,Mus musculus
Q9ZVA0-93,Arabidopsis thaliana
O88986-215,Mus musculus
P28843-545,Mus musculus
O43597-265,Homo sapiens
Q8JV21-812,Ljunganvirus 1
Q65169-265,African swine fever virus
P62080-187,Mus musculus
P98155-212,Homo sapiens
Q9R111-24,Mus musculus
P06733-337,Homo sapiens
Q9JIQ8-138,Mus musculus
Q5SXR6-440,Mus musculus
P68827-409,Bos taurus
P53811-230,Mus musculus
Q9R0M4-340,Mus musculus
P41820-1439,Schizosaccharomyces pombe
P15941-1186,Homo sapiens
A2AS89-256,Mus musculus
Q8C196-225,Mus musculus
Q8VDQ8-148,Mus musculus
P35424-54,Rotavirus A
Q9CZB6-167,Mus musculus
Q61694-195,Mus musculus
Q9JGL0-416,Sagiyama virus
Q8CJ69-676,Mus musculus
P51410-74,Mus musculus
P11716-120,Oryctolagus cuniculus
P62937-115,Homo sapiens
Q4V7W2-333,Xenopus laevis
Q8BLE7-64,Mus musculus
Q6PIE5-660,Mus musculus
O60462-630,Homo sapiens
Q5TDH0-7,Homo sapiens
D3YUM1-133,Mus musculus
Q9EQ20-368,Mus musculus
Q8R0F8-132,Mus musculus
Q9BYV9-581,Homo sapiens
Q13433-719,Homo sapiens
P29279-120,Homo sapiens
P56704-77,Homo sapiens
Q93538-166,Caenorhabditis elegans
Q19981-834,Caenorhabditis elegans
Q91V76-226,Mus musculus
Q9UQ26-126,Homo sapiens
Q6IP71-203,Xenopus laevis
P40240-165,Mus musculus
P29974-163,Mus musculus
P49411-290,Homo sapiens
Q9SHY8-109,Arabidopsis thaliana
Q3KNW1-175,Homo sapiens
Q96FA3-336,Homo sapiens
P32020-365,Mus musculus
Q9U3K5-259,Caenorhabditis elegans
O70252-281,Mus musculus
Q8CHW4-614,Mus musculus
Q9Y3Q4-93,Homo sapiens
Q08754-203,Saccharomyces cerevisiae
Q6PCE3-441,Homo sapiens
Q91WG8-183,Mus musculus
D3ZLZ7-95,Rattus norvegicus
A8C756-1910,Mus musculus
Q9CQ74-66,Mus musculus
Q6IF00-170,Homo sapiens
Q9Y6K0-30,Homo sapiens
Q61694-183,Mus musculus
P01023-299,Homo sapiens
G3UYU4-34,Mus musculus
Q9QUI0-159,Mus musculus
Q64332-391,Mus musculus
Q7PLK0-838,Drosophila melanogaster
Q9J6K9-495,Rubella virus
P55786-385,Homo sapiens
Q8BWT1-287,Mus musculus
Q08996-38,Saccharomyces paradoxus
O55229-282,Mus musculus
B4NYV0-741,Drosophila yakuba
Q336N8-9,Oryza sativa subsp. japonica
Q921F2-244,Mus musculus
Q80W69-251,Mus musculus
Q74ZB0-144,Eremothecium gossypii
Q91X72-255,Mus musculus
Q8BYW9-61,Mus musculus
Q55BA2-173,Dictyostelium discoideum
P11716-253,Oryctolagus cuniculus
P18762-265,Mus musculus
Q9EP73-272,Mus musculus
P38811-641,Saccharomyces cerevisiae
O90304-951,Breda virus 1
P17427-902,Mus musculus
P08238-521,Homo sapiens
P87154-2081,Schizosaccharomyces pombe
Q9FF99-322,Arabidopsis thaliana
E9QN92-491,Mus musculus
Q93052-416,Homo sapiens
Q8W4H8-229,Arabidopsis thaliana
F1Q4S1-836,Danio rerio
P11352-76,Mus musculus
Q9UQB3-857,Homo sapiens
P26006-94,Homo sapiens
A6QR11-679,Bos taurus
P0C9E0-181,African swine fever virus
Q8K441-966,Mus musculus
Q9ERZ3-289,Mus musculus
Q9CQA3-251,Mus musculus
Q92542-689,Homo sapiens
P84099-17,Mus musculus
P19096-223,Mus musculus
Q8R4U0-1673,Mus musculus
O88986-26,Mus musculus
P70168-765,Mus musculus
Q8BSN5-365,Mus musculus
P48774-38,Mus musculus
Q93052-430,Homo sapiens
P54071-418,Mus musculus
P56528-279,Mus musculus
Q86VU5-35,Homo sapiens
Q68101-511,Human cytomegalovirus
Q8R050-464,Mus musculus
P60174-164,Homo sapiens
F5GXS2-403,Homo sapiens
P41485-50,Xenopus laevis
Q99PE8-61,Mus musculus
Q8VC97-233,Mus musculus
Q9JLV1-295,Mus musculus
Q99460-806,Homo sapiens
Q8N6M9-25,Homo sapiens
Q949Q7-266,Arabidopsis thaliana
P50431-90,Mus musculus
P13639-591,Homo sapiens
P09482-170,Gallus gallus
Q8VE09-94,Mus musculus
P07724-538,Mus musculus
P52789-717,Homo sapiens
Q3U4N7-54,Mus musculus
P70205-351,Mus musculus
E1C656-496,Gallus gallus
P70694-188,Mus musculus
Q98UI9-60,Gallus gallus
Q63850-479,Mus musculus
P60882-2295,Mus musculus
Q8WW24-216,Homo sapiens
P48960-76,Homo sapiens
Q5MAI5-266,Homo sapiens
Q99759-518,Homo sapiens
Q02747-112,Homo sapiens
P03120-5,Human papillomavirus type 16
Q99MX2-16,Mus musculus
Q6JAM6-178,Lagos bat virus
Q8WZA6-122,Homo sapiens
Q9UHC6-563,Homo sapiens
P34574-1262,Caenorhabditis elegans
Q8CIE6-1057,Mus musculus
P63058-56,Mus musculus
Q99873-240,Homo sapiens
Q91VI7-357,Mus musculus
K7EJJ4-20,Homo sapiens
Q4KWH8-704,Homo sapiens
D3Z291-100,Mus musculus
Q0DKF0-23,Oryza sativa subsp. japonica
P80313-364,Mus musculus
P41216-133,Mus musculus
Q91WC9-574,Mus musculus
P22528-10,Homo sapiens
P33328-94,Saccharomyces cerevisiae
Q91VI7-80,Mus musculus
P07901-421,Mus musculus
Q0VC24-185,Bos taurus
Q01995-38,Homo sapiens
C0HL13-153,Sus scrofa
Q13530-72,Homo sapiens
Q07076-388,Mus musculus
O08914-437,Mus musculus
Q9CPY7-462,Mus musculus
Q0VAX3-451,Mus musculus
Q8BPK2-345,Mus musculus
Q1ZXB0-142,Dictyostelium discoideum
Q20390-9,Caenorhabditis elegans
Q9DBG3-2-123,Mus musculus
B4QZV5-91,Drosophila simulans
P35363-397,Mus musculus
P53599-1138,Saccharomyces cerevisiae
Q5Y5T1-278,Mus musculus
Q9CRC0-51,Mus musculus
Q9US53-466,Schizosaccharomyces pombe
Q8VIH3-503,Rattus norvegicus
Q9LXT9-345,Arabidopsis thaliana
Q9R1P4-85,Mus musculus
Q9CXT8-419,Mus musculus
Q0WNZ5-697,Arabidopsis thaliana
O15230-1334,Homo sapiens
O65312-473,Arabidopsis thaliana
Q07954-2865,Homo sapiens
Q54C32-381,Dictyostelium discoideum
Q8LC69-142,Arabidopsis thaliana
B9A014-73,Homo sapiens
P0CX57-89,Saccharomyces cerevisiae
Q12236-377,Saccharomyces cerevisiae
Q7Z4G4-398,Homo sapiens
Q91WT9-2-100,Mus musculus
Q3UUV5-301,Mus musculus
Q99AU3-13,Influenza A virus)
Q6ZWV3-80,Mus musculus
Q9BWD1-383,Homo sapiens
O92955-275,Rous sarcoma virus subgroup B
Q8RXD6-849,Arabidopsis thaliana
D4A2Z2-60,Rattus norvegicus
Q8C196-1049,Mus musculus
P26358-893,Homo sapiens
F4I7Y4-311,Arabidopsis thaliana
Q759V4-759,Eremothecium gossypii
Q91VR5-571,Mus musculus
O94856-5-1221,Homo sapiens
Q8VCZ9-96,Mus musculus
G3X9Y6-217,Mus musculus
Q8WVM0-204,Homo sapiens
P18751-350,Xenopus laevis
Q53WJ1-1104,Oryza sativa subsp. japonica
Q61500-261,Mus musculus
A0A140LI88-636,Mus musculus
P0C646-297,Homo sapiens
P68493-347,Vaccinia virus
Q8S8S2-137,Arabidopsis thaliana
Q6YW50-422,Oryza sativa subsp. japonica
Q9JLJ2-443,Mus musculus
P62826-112,Homo sapiens
Q9R1T3-181,Rattus norvegicus
P08556-80,Mus musculus
O42182-390,Danio rerio
P07724-289,Mus musculus
O41801-25,Human immunodeficiency virus type 1 group M subtype G
P53610-180,Rattus norvegicus
Q08905-7,Saccharomyces cerevisiae
Q9Y3F4-152,Homo sapiens
P49368-455,Homo sapiens
P18555-136,African swine fever virus
P15105-269,Mus musculus
Q14654-166,Homo sapiens
P61313-110,Homo sapiens
P49901-27,Homo sapiens
Q61923-140,Mus musculus
Q8BLN5-485,Mus musculus
Q9Z2Q3-429,Rattus norvegicus
P15105-99,Mus musculus
Q9GZU7-44,Homo sapiens
Q54P95-34,Dictyostelium discoideum
Q16549-579,Homo sapiens
Q7TNG8-439,Mus musculus
G3X973-1874,Mus musculus
P26371-154,Homo sapiens
P52760-71,Mus musculus
Q3TY56-52,Mus musculus
P58397-668,Homo sapiens
Q54ZI6-525,Dictyostelium discoideum
Q5GH76-424,Homo sapiens
P0DSP1-1078,Rattus norvegicus
P13639-41,Homo sapiens
Q07955-148,Homo sapiens
P14629-496,Xenopus laevis
P46964-125,Saccharomyces cerevisiae
G5EGQ2-341,Caenorhabditis elegans
P31283-122,Xenopus laevis
P34888-234,Caenorhabditis elegans
Q18336-232,Caenorhabditis elegans
J3QMI4-200,Mus musculus
Q9VU08-1327,Drosophila melanogaster
P04015-124,Human papillomavirus 11
Q8C129-103,Mus musculus
Q9LFL7-4,Arabidopsis thaliana
A6BM72-249,Homo sapiens
Q05793-1159,Mus musculus
Q9Y6N6-880,Homo sapiens
P16144-551,Homo sapiens
P03142-302,Hepatitis B virus genotype A2 subtype adw
Q91X44-562,Mus musculus
P16872-13,Mus musculus
G5E8R3-56,Mus musculus
P25101-383,Homo sapiens
Q80Z19-163,Mus musculus
P01857-27,Homo sapiens
Q99J21-544,Mus musculus
O13161-381,Xenopus laevis
Q6DFW4-106,Mus musculus
E9Q6G4-772,Mus musculus
P41588-393,Mus musculus
P40189-54,Homo sapiens
Q9TU69-112,Canis lupus familiaris
Q3TF84-156,Mus musculus
P16675-397,Mus musculus
Q6NUT3-86,Homo sapiens
Q08999-619,Homo sapiens
Q8CIE6-380,Mus musculus
Q99PP6-30,Mus musculus
P00329-112,Mus musculus
O14594-1034,Homo sapiens
Q8N1T3-291,Homo sapiens
P19096-212,Mus musculus
Q9NQU5-681,Homo sapiens
Q9UQP3-219,Homo sapiens
Q8R448-4,Mus musculus
O88441-189,Mus musculus
B7Z6K7-760,Homo sapiens
Q6AYQ2-7,Rattus norvegicus
E9PVZ8-3192,Mus musculus
Q9D9G2-86,Mus musculus
Q9C000-264,Homo sapiens
Q68D91-212,Homo sapiens
P07724-511,Mus musculus
P46782-155,Homo sapiens
O08688-495,Mus musculus
Q29108-319,Sus scrofa
P60174-255,Homo sapiens
A8MXZ3-205,Homo sapiens
Q00PI9-306,Mus musculus
P10649-174,Mus musculus
E9Q484-466,Mus musculus
P53396-20,Homo sapiens
Q01279-311,Mus musculus
O62664-159,Bos taurus
Q61656-170,Mus musculus
P56656-289,Mus musculus
P13639-567,Homo sapiens
Q91YQ5-478,Mus musculus
O61715-56,Caenorhabditis elegans
Q58D79-10,Bos taurus
Q8VHL0-20,Mus musculus
Q10NY2-1052,Oryza sativa subsp. japonica
P53538-118,Saccharomyces cerevisiae
Q9JIM1-351,Mus musculus
Q5PZ43-1158,Danio rerio
P0DMV9-603,Homo sapiens
O35728-185,Mus musculus
Q60649-617,Mus musculus
P56528-86,Mus musculus
Q6U736-152,Homo sapiens
F4JY84-209,Arabidopsis thaliana
P15974-3,Mus musculus
Q61555-1828,Mus musculus
H7BWY6-222,Mus musculus
Q6DUA8-160,Toxoplasma gondii
P56391-54,Mus musculus
Q9V3V7-207,Drosophila melanogaster
O15533-115,Homo sapiens
Q75IW1-227,Oryza sativa subsp. japonica
Q9FVS2-178,Arabidopsis thaliana
Q16518-231,Homo sapiens
P46166-36,Bos taurus
Q10471-539,Homo sapiens
Q8JZR0-610,Mus musculus
Q80TP3-1201,Mus musculus
Q9QJ43-36,Human herpesvirus 6B
Q6UWV2-215,Homo sapiens
Q58DT0-67,Bos taurus
F1QCP6-103,Danio rerio
O09173-338,Mus musculus
Q7TPR4-480,Mus musculus
Q91VE0-338,Mus musculus
Q6IQ69-50,Danio rerio
Q9H6R6-104,Homo sapiens
O75095-542,Homo sapiens
P50291-118,Bos taurus
Q9TT92-106,Bos taurus
P14824-552,Mus musculus
Q80U62-878,Mus musculus
Q04721-453,Homo sapiens
Q6ZNB6-354,Homo sapiens
P10518-203,Mus musculus
H7BZX2-249,Homo sapiens
Q54UC4-26,Dictyostelium discoideum
O35678-201,Mus musculus
Q91WG8-172,Mus musculus
P11046-1094,Drosophila melanogaster
A0A644F0T7-1523,Giardia intestinalis
Q9WUH1-156,Mus musculus
Q99PP9-122,Mus musculus
Q16549-673,Homo sapiens
Q921I1-260,Mus musculus
Q14254-20,Homo sapiens
Q9Z2V4-212,Mus musculus
Q5U430-141,Mus musculus
Q3UJB9-981,Mus musculus
P46406-245,Oryctolagus cuniculus
P20918-543,Mus musculus
G3V645-331,Rattus norvegicus
P98133-328,Bos taurus
O00299-178,Homo sapiens
G5EC36-147,Caenorhabditis elegans
O75712-60,Homo sapiens
Q6GUG4-302,Rattus norvegicus
P13707-329,Mus musculus
Q9NYQ6-1307,Homo sapiens
P21183-152,Mus musculus
P08249-89,Mus musculus
P22726-341,Mus musculus
P35576-245,Mus musculus
Q8VHQ9-576,Mus musculus
O74356-240,Schizosaccharomyces pombe
E9PH60-284,Homo sapiens
P02768-416,Homo sapiens
Q9UKA2-344,Homo sapiens
P40763-108,Homo sapiens
A0A140LIJ0-331,Mus musculus
Q9NWG9-186,Mus musculus
P60202-109,Mus musculus
Q9BYK1-56,Homo sapiens
Q02445-86,Rattus norvegicus
Q922B2-203,Mus musculus
Q4V339-338,Homo sapiens
Q2VLH6-486,Mus musculus
B8ART0-186,Oryza sativa subsp. indica
P54071-402,Mus musculus
P33267-487,Mus musculus
Q9SWW6-624,Arabidopsis thaliana
P0DOL1-608,Variola virus
G3UW78-90,Mus musculus
Q700K0-2411,Rattus norvegicus
Q64663-216,Rattus norvegicus
Q9R1T4-269,Mus musculus
Q64442-120,Mus musculus
P35486-261,Mus musculus
P14618-474,Homo sapiens
Q3UUG6-8,Mus musculus
Q6PIC6-346,Mus musculus
G5EDW5-518,Caenorhabditis elegans
Q69606-222,Hepatitis B virus genotype F2 subtype adw4q
P82628-33,Arabidopsis thaliana
D3YTY9-369,Mus musculus
Q92692-183,Homo sapiens
A8WGB1-61,Danio rerio
Q62452-151,Mus musculus
O08914-561,Mus musculus
Q80UP8-438,Mus musculus
Q9Y4L1-240,Homo sapiens
P56391-65,Mus musculus
Q9GK68-450,Bos taurus
Q62178-718,Mus musculus
Q94CD1-70,Arabidopsis thaliana
Q9UI38-306,Homo sapiens
Q86AH2-159,Dictyostelium discoideum
G5EBL3-2080,Caenorhabditis elegans
Q8VCY8-191,Mus musculus
O35678-55,Mus musculus
Q6NYY4-30,Danio rerio
P06907-182,Rattus norvegicus
P0C6Y0-2270,Murine coronavirus
P09411-316,Mus musculus
Q80X76-371,Mus musculus
Q9R0I6-473,Rattus norvegicus
D4A523-38,Rattus norvegicus
O43390-292,Homo sapiens
Q62826-636,Rattus norvegicus
Q71U36-376,Homo sapiens
P31356-337,Todarodes pacificus
Q22516-280,Caenorhabditis elegans
Q80XL6-106,Mus musculus
Q5T4K2-44,Homo sapiens
P53127-207,Saccharomyces cerevisiae
Q1L8P7-418,Danio rerio
Q9GLP0-555,Sus scrofa
P53832-31,Saccharomyces cerevisiae
Q8BP47-522,Mus musculus
Q09272-193,Caenorhabditis elegans
P35802-192,Mus musculus
Q9QYA2-76,Mus musculus
P02786-363,Homo sapiens
P11850-135,Rotavirus A)
Q6P3A8-314,Mus musculus
Q10283-680,Schizosaccharomyces pombe
Q6PF96-57,Mus musculus
Q13064-410,Homo sapiens
Q8R081-401,Mus musculus
Q9WTP6-92,Mus musculus
P0C696-185,Hepatitis B virus genotype A2
Q2KIL5-453,Bos taurus
P18115-99,Xenopus laevis
O08715-392,Mus musculus
P10276-105,Homo sapiens
F6SSP6-161,Mus musculus
Q4E409-130,Trypanosoma cruzi
Q9W0A0-892,Drosophila melanogaster
Q3EA00-194,Arabidopsis thaliana
P36552-181,Mus musculus
Q12280-1005,Saccharomyces cerevisiae
Q6DRL4-1178,Danio rerio
P78859-12,Schizosaccharomyces pombe
O35386-134,Mus musculus
Q9D0I9-502,Mus musculus
P02746-198,Homo sapiens
Q9DCT8-126,Mus musculus
E5RK87-264,Homo sapiens
B1AS29-872,Mus musculus
A2AJL4-193,Mus musculus
Q9D826-227,Mus musculus
A2AS89-159,Mus musculus
Q9D489-408,Mus musculus
Q61687-222,Mus musculus
Q8QZS1-335,Mus musculus
P60891-91,Homo sapiens
Q9SUA3-466,Arabidopsis thaliana
O49287-695,Arabidopsis thaliana
Q9ESB3-485,Mus musculus
P27701-83,Homo sapiens
O89344-457,Hendra virus
P01889-332,Homo sapiens
Q8VI47-1344,Mus musculus
Q9SYH1-542,Arabidopsis thaliana
Q61233-460,Mus musculus
Q9I8X3-5,Danio rerio
Q9VLE5-232,Drosophila melanogaster
P31596-536,Rattus norvegicus
G3UWE1-18,Mus musculus
Q6DDW2-641,Xenopus laevis
Q7SIG6-86,Mus musculus
P40507-89,Saccharomyces cerevisiae
H3BMN2-47,Homo sapiens
Q86YW5-196,Homo sapiens
Q3V3R1-249,Mus musculus
Q9C5P0-750,Arabidopsis thaliana
Q4LDG0-321,Mus musculus
P53026-66,Mus musculus
P55212-264,Homo sapiens
E0CXK2-580,Mus musculus
P51654-262,Homo sapiens
P46531-272,Homo sapiens
Q0IZQ2-317,Oryza sativa subsp. japonica
Q9C757-413,Arabidopsis thaliana
P22102-298,Homo sapiens
Q8CGC7-1148,Mus musculus
Q08460-5-53,Mus musculus
Q5YD48-455,Mus musculus
Q8IRT0-31,Drosophila melanogaster
P21333-717,Homo sapiens
E9QAQ1-351,Mus musculus
Q9JHU4-2464,Mus musculus
P16144-739,Homo sapiens
Q07954-47,Homo sapiens
P51881-129,Mus musculus
Q15942-415,Homo sapiens
Q91ZX7-2518,Mus musculus
P34710-89,Caenorhabditis elegans
Q9CQJ8-42,Mus musculus
P22314-906,Homo sapiens
P17427-396,Mus musculus
F6T1Y2-184,Mus musculus
Q8VE09-84,Mus musculus
Q557G4-256,Dictyostelium discoideum
P0C6U1-1341,Bovine coronavirus
A6ZRQ0-7,Saccharomyces cerevisiae
O09172-35,Mus musculus
Q9JMH6-496,Mus musculus
Q6SW94-222,Human cytomegalovirus
P98157-4281,Gallus gallus
P97328-57,Mus musculus
P61247-139,Homo sapiens
P51151-200,Homo sapiens
Q99L04-177,Mus musculus
Q9WTK7-422,Mus musculus
Q571I4-978,Mus musculus
P04114-1505,Homo sapiens
P21729-341,Mus musculus
Q54LF2-83,Dictyostelium discoideum
P11369-852,Mus musculus
P22892-160,Mus musculus
Q8BUN5-320,Mus musculus
F8WHM5-513,Mus musculus
P51609-280,Xenopus laevis
Q9P2D8-311,Homo sapiens
P48230-6,Homo sapiens
Q02248-520,Mus musculus
Q02817-860,Homo sapiens
G5E8R3-622,Mus musculus
Q16555-504,Homo sapiens
B5RHS5-5,Canis lupus familiaris
Q91VI7-251,Mus musculus
P99028-51,Mus musculus
P38060-141,Mus musculus
A7XYJ6-227,Danio rerio
Q9DD20-202,Mus musculus
Q6ZJM9-495,Oryza sativa subsp. japonica
P63214-72,Bos taurus
A6QLU7-732,Bos taurus
Q9VN14-593,Drosophila melanogaster
P62746-16,Mus musculus
Q91VI7-375,Mus musculus
P15105-359,Mus musculus
Q9CPY7-335,Mus musculus
Q8C129-114,Mus musculus
Q01097-1215,Mus musculus
Q99189-913,Saccharomyces cerevisiae
Q6R325-1256,Avian encephalomyelitis virus
Q8NH69-167,Homo sapiens
O13969-151,Schizosaccharomyces pombe
P24549-126,Mus musculus
Q9HAU4-706,Homo sapiens
Q9R112-361,Mus musculus
Q7TQ07-279,Mus musculus
P63261-17,Homo sapiens
Q04164-854,Drosophila melanogaster
F1PBJ0-225,Canis lupus familiaris
O90370-836,O'nyong-nyong virus
Q91WC7-259,Mus musculus
P0CX14-1561,Saccharomyces cerevisiae
Q1ZXL6-110,Dictyostelium discoideum
Q9JLK7-104,Mus musculus
Q99M71-172,Mus musculus
P43883-300,Mus musculus
Q9D0I9-369,Mus musculus
Q2V4F6-38,Arabidopsis thaliana
P20918-103,Mus musculus
P16332-558,Mus musculus
P49327-2202,Homo sapiens
Q8CC86-101,Mus musculus
P07174-279,Rattus norvegicus
A6NGN4-184,Homo sapiens
Q60866-196,Mus musculus
P62286-1482,Canis lupus familiaris
P17427-532,Mus musculus
O00161-112,Homo sapiens
Q99P47-998,Mus musculus
Q9Z148-990,Mus musculus
P60881-90,Rattus norvegicus
O15162-186,Homo sapiens
Q64374-218,Mus musculus
Q8BH95-111,Mus musculus
P01871-88,Homo sapiens
Q91Y47-327,Mus musculus
Q9FL16-324,Arabidopsis thaliana
P60174-164,Homo sapiens
Q9Y3S2-129,Homo sapiens
P36542-103,Homo sapiens
F4JGB6-139,Arabidopsis thaliana
Q91VB2-420,Mus musculus
Q6RZT5-80,Rabbitpox virus
Q8K2W3-168,Mus musculus
Q9BIM7-127,Toxoplasma gondii
Q8BND5-455,Mus musculus
Q8VBZ3-308,Mus musculus
Q9D8W5-255,Mus musculus
P51121-42,Xenopus laevis
Q8BIV7-516,Mus musculus
Q5VT79-161,Homo sapiens
Q06A97-269,Sus scrofa
Q63014-626,Rattus norvegicus
Q8BGU5-39,Mus musculus
O43029-329,Schizosaccharomyces pombe
B1ASP2-543,Mus musculus
P42892-435,Homo sapiens
P35505-396,Mus musculus
P28665-1129,Mus musculus
P11940-339,Homo sapiens
Q6ZWZ6-69,Mus musculus
Q9N2W5-253,Caenorhabditis elegans
P52030-408,Drosophila simulans
P36722-228,Human papillomavirus type 26
A0A0K0K1C0-111,Homo sapiens
Q9Z2V4-198,Mus musculus
Q5ZDJ6-120,Oryza sativa subsp. japonica
Q99JR5-124,Mus musculus
Q8C419-354,Mus musculus
Q96EP0-702,Homo sapiens
Q07812-126,Homo sapiens
C6KRL6-31,Caenorhabditis elegans
Q3TMH2-40,Mus musculus
Q9BRT2-53,Homo sapiens
B4IIC7-265,Drosophila sechellia
Q8BG39-102,Mus musculus
Q657W3-647,Oryza sativa subsp. japonica
Q6NXM2-392,Mus musculus
Q91ZA3-394,Mus musculus
Q81019-58,Human papillomavirus type 54
P29723-20,Treponema pallidum
I3L4N8-208,Homo sapiens
O35454-431,Mus musculus
Q54PB2-724,Dictyostelium discoideum
G3XA48-228,Mus musculus
P62242-100,Mus musculus
A4IF75-86,Bos taurus
Q05816-120,Mus musculus
Q9LXZ8-21,Arabidopsis thaliana
Q00174-1498,Drosophila melanogaster
Q62395-79,Mus musculus
P01029-818,Mus musculus
P62855-23,Mus musculus
B1ASP2-16,Mus musculus
P28271-165,Mus musculus
Q8K440-562,Mus musculus
Q9D8N0-194,Mus musculus
Q922Q8-131,Mus musculus
Q9ZVC9-530,Arabidopsis thaliana
P30560-372,Rattus norvegicus
A7MBS7-1438,Danio rerio
Q6P1J1-553,Mus musculus
Q5IS56-482,Pan troglodytes
O00299-223,Homo sapiens
P45844-30,Homo sapiens
Q71RI9-417,Mus musculus
Q99K51-33,Mus musculus
Q5JR95-154,Homo sapiens
P24457-186,Mus musculus
Q2QYL8-238,Oryza sativa subsp. japonica
Q99497-53,Homo sapiens
P60710-272,Mus musculus
P46782-172,Homo sapiens
Q9CPY7-313,Mus musculus
B9DGY1-329,Arabidopsis thaliana
Q91XD3-2,Mus musculus
Q99LJ1-257,Mus musculus
Q8BW72-716,Mus musculus
P11832-482,Arabidopsis thaliana
P53712-401,Bos taurus
Q2VLH6-625,Mus musculus
Q9CQE8-19,Mus musculus
B1AT06-82,Mus musculus
Q9D819-274,Mus musculus
D3Z3G6-179,Mus musculus
Q8BW94-3642,Mus musculus
Q8VCR2-80,Mus musculus
Q9CQA3-70,Mus musculus
Q9QXX4-504,Mus musculus
F5GXS2-109,Homo sapiens
P59926-207,Rattus norvegicus
Q8BUY8-205,Mus musculus
Q96MH7-304,Homo sapiens
Q6PIC6-83,Mus musculus
Q710U6-279,Influenza A virus
Q9H8X9-144,Homo sapiens
O88630-34,Mus musculus
P19145-602,Saccharomyces cerevisiae
P26363-277,Xenopus laevis
P55196-942,Homo sapiens
F7A4A7-1816,Mus musculus
Q6AXX9-31,Rattus norvegicus
P63038-237,Mus musculus
Q6IRU5-199,Mus musculus
P34927-268,Mus musculus
P15203-312,Sus scrofa
Q8BVM2-481,Mus musculus
Q61086-504,Mus musculus
P17003-196,Influenza C virus
C0HKD2-20,Mus musculus
Q15910-571,Homo sapiens
Q8BWF0-260,Mus musculus
A0A7H0DND6-204,Monkeypox virus
Q9EQU3-258,Mus musculus
P17124-305,Canis lupus familiaris
O18086-76,Caenorhabditis elegans
Q96GX5-385,Homo sapiens
E9QKC6-762,Mus musculus
Q9DCX2-101,Mus musculus
Q9SJ11-210,Arabidopsis thaliana
Q8JUX6-80,Chikungunya virus
O95450-517,Homo sapiens
P11716-1674,Oryctolagus cuniculus
Q9P273-764,Homo sapiens
Q16658-121,Homo sapiens
Q306W7-895,Eastern equine encephalitis virus
Q63886-385,Mus musculus
Q9QYE5-249,Mus musculus
Q9WUA2-76,Mus musculus
Q32TG3-650,Gallus gallus
P98158-208,Rattus norvegicus
Q9HCK1-661,Homo sapiens
Q91WJ8-328,Mus musculus
Q80UW2-180,Mus musculus
Q2QM17-16,Oryza sativa subsp. japonica
A1Z877-725,Drosophila melanogaster
P38925-161,Saccharomyces cerevisiae
Q8LB02-198,Arabidopsis thaliana
Q14126-637,Homo sapiens
Q60991-361,Mus musculus
Q96AK3-296,Homo sapiens
Q8BGT5-264,Mus musculus
P27046-1092,Mus musculus
P15392-82,Mus musculus
Q80YC5-104,Mus musculus
Q14126-840,Homo sapiens
Q8R3I2-504,Mus musculus
P29812-95,Mus musculus
O49213-160,Arabidopsis thaliana
Q9JK38-128,Mus musculus
P48231-244,Saccharomyces cerevisiae
Q9LJD7-111,Arabidopsis thaliana
Q8SQ23-148,Sus scrofa
Q8K370-396,Mus musculus
Q9XEC7-5,Arabidopsis thaliana
D8V078-1634,Tibrogargan virus
Q9P0X4-72,Homo sapiens
O35454-120,Mus musculus
Q5XF04-94,Arabidopsis thaliana
Q8CFJ9-736,Mus musculus
Q8BNJ2-463,Mus musculus
Q6Z4F1-363,Oryza sativa subsp. japonica
Q9P7S5-110,Schizosaccharomyces pombe
Q61626-842,Mus musculus
Q86TJ2-123,Homo sapiens
Q8TB61-80,Homo sapiens
Q99K30-320,Mus musculus
Q64464-468,Mus musculus
Q7K0F0-55,Drosophila melanogaster
Q1PEW8-102,Arabidopsis thaliana
Q8BW75-26,Mus musculus
P55085-361,Homo sapiens
P13639-369,Homo sapiens
P35980-101,Mus musculus
P12856-6,Xenopus laevis
P31648-164,Mus musculus
Q38912-158,Arabidopsis thaliana
P07643-22,Treponema pallidum
B1AYL1-781,Mus musculus
P0C6X4-6153,Human coronavirus HKU1
Q9BR39-678,Homo sapiens
P16973-65,Oryctolagus cuniculus
Q8VDD5-740,Mus musculus
P51150-143,Mus musculus
Q7XR52-408,Oryza sativa subsp. japonica
P62137-245,Mus musculus
P97501-197,Mus musculus
O00237-662,Homo sapiens
P30260-571,Homo sapiens
Q9UM47-933,Homo sapiens
Q9WV91-169,Mus musculus
P61922-2-205,Mus musculus
Q96PJ5-410,Homo sapiens
Q90744-21,Gallus gallus
Q6R0H7-1098,Mus musculus
P07724-472,Mus musculus
P21796-232,Homo sapiens
P08249-285,Mus musculus
Q60821-789,Mus musculus
Q9SMV6-588,Arabidopsis thaliana
Q76LL6-1399,Mus musculus
Q99LH2-329,Mus musculus
O35604-323,Mus musculus
Q61180-447,Mus musculus
P28474-240,Mus musculus
Q3ULD5-431,Mus musculus
P06909-85,Mus musculus
P09732-190,St. louis encephalitis virus
Q9IBG7-492,Xenopus laevis
P43220-438,Homo sapiens
P80314-412,Mus musculus
Q148R9-6,Mus musculus
Q9H6X2-521,Homo sapiens
G3X973-333,Mus musculus
Q9BQI4-163,Homo sapiens
Q8NEM2-376,Homo sapiens
Q8BFR5-222,Mus musculus
Q99MN9-271,Mus musculus
Q91VD9-75,Mus musculus
Q9U6M0-151,Drosophila melanogaster
G3UYU4-155,Mus musculus
A6NIM6-62,Homo sapiens
Q9CXF4-184,Mus musculus
Q5FVQ8-372,Rattus norvegicus
Q9T0G7-436,Arabidopsis thaliana
O35927-987,Mus musculus
P61982-194,Mus musculus
Q920P3-415,Mus musculus
Q91VI7-33,Mus musculus
P11716-3635,Oryctolagus cuniculus
E9Q390-2000,Mus musculus
Q80WT2-48,Mus musculus
Q9EPX2-75,Mus musculus
F6U329-1170,Mus musculus
Q9USY4-29,Schizosaccharomyces pombe
M9NDE3-2677,Drosophila melanogaster
Q99NB7-424,Rattus norvegicus
Q64458-226,Mus musculus
Q9CR09-116,Mus musculus
O55222-422,Mus musculus
P23126-168,Schistosoma mansoni
B2RX12-664,Mus musculus
P01027-873,Mus musculus
D4ADY9-117,Rattus norvegicus
Q8CFG4-220,Mus musculus
P61793-328,Mus musculus
Q8BGH2-445,Mus musculus
P47962-76,Mus musculus
P19236-234,Canis lupus familiaris
Q9WVB4-725,Mus musculus
Q9H7M6-80,Homo sapiens
P43679-150,Gallus gallus
Q1HE58-221,Canis lupus familiaris
P56101-124,Tetronarce californica
Q99JW4-74,Mus musculus
Q9Z0L0-77,Mus musculus
Q04503-310,Dictyostelium discoideum
Q8VCM4-337,Mus musculus
Q8C8N3-210,Mus musculus
Q99246-108,Mus musculus
Q69TF4-565,Oryza sativa subsp. japonica
Q9LF66-82,Arabidopsis thaliana
Q3TT92-130,Mus musculus
Q9JJL3-469,Mus musculus
Q9WU79-476,Mus musculus
P98158-3644,Rattus norvegicus
P48318-426,Mus musculus
P0C6Y5-4794,Porcine transmissible gastroenteritis coronavirus
P58283-681,Mus musculus
Q9JJK2-149,Mus musculus
P04114-1112,Homo sapiens
Q93084-525,Homo sapiens
O95500-182,Homo sapiens
P98133-1549,Bos taurus
P22314-481,Homo sapiens
Q60710-104,Mus musculus
Q8CG65-715,Mus musculus
Q8BZZ3-850,Mus musculus
Q5VVP1-1240,Homo sapiens
P34576-2189,Caenorhabditis elegans
Q9VRA2-721,Drosophila melanogaster
Q63880-100,Mus musculus
Q9R099-243,Mus musculus
Q91VD9-92,Mus musculus
Q7TMY8-4102,Mus musculus
Q6UY61-1654,Sabia mammarenavirus
P60033-156,Homo sapiens
O88703-104,Mus musculus
Q2TPA8-218,Mus musculus
B1AX39-314,Mus musculus
Q13191-411,Homo sapiens
P68403-132,Rattus norvegicus
Q8C0E3-471,Mus musculus
Q61327-305,Mus musculus
Q9DWR1-2198,Human hepatitis A virus genotype IIIA)
O55111-585,Mus musculus
Q6ZWR4-235,Mus musculus
Q8LKW0-1113,Oryza sativa subsp. japonica
P82762-73,Arabidopsis thaliana
Q9PY95-280,Rotavirus C
O46419-310,Bos taurus
Q9EQV8-271,Rattus norvegicus
Q9UL62-181,Homo sapiens
Q9Z0J1-682,Mus musculus
Q9P266-1151,Homo sapiens
Q8R4H2-1128,Mus musculus
Q71U36-316,Homo sapiens
Q03265-244,Mus musculus
Q5ZK36-362,Gallus gallus
Q9HB09-254,Homo sapiens
P34972-313,Homo sapiens
P08572-1665,Homo sapiens
O95859-83,Homo sapiens
O08738-70,Mus musculus
Q5ZKB6-3,Gallus gallus
P19096-496,Mus musculus
P52441-289,Human herpesvirus 6A
B1AYB6-7,Mus musculus
Q6VZ17-326,Xenopus laevis
Q6PD19-105,Mus musculus
Q0VDD8-1664,Homo sapiens
Q28085-146,Bos taurus
A0A1B2JLU2-114,Homo sapiens
Q9QXT0-164,Mus musculus
Q9NPH5-270,Homo sapiens
Q9V498-434,Drosophila melanogaster
Q8C4X2-400,Mus musculus
P20659-2283,Drosophila melanogaster
Q9BXT5-2550,Homo sapiens
P02760-287,Homo sapiens
P35486-273,Mus musculus
P21926-9,Homo sapiens
Q2KIY6-198,Bos taurus
Q99K67-765,Mus musculus
P52522-168,Human herpesvirus 7
P51881-160,Mus musculus
E9Q7Y2-43,Mus musculus
P25391-1056,Homo sapiens
P62280-131,Homo sapiens
Q9Y487-680,Homo sapiens
Q01339-79,Mus musculus
H0Y8X4-186,Homo sapiens
P04191-364,Oryctolagus cuniculus
Q00325-237,Homo sapiens
Q4KUS1-207,Mus musculus
Q8BHH1-130,Mus musculus
P06733-119,Homo sapiens
Q15323-6,Homo sapiens
Q5XIJ1-2,Rattus norvegicus
Q6ZRI0-2581,Homo sapiens
P97328-282,Mus musculus
Q9NRD9-1414,Homo sapiens
P49802-133,Homo sapiens
O88427-1277,Mus musculus
P62717-64,Mus musculus
P06482-149,Human herpesvirus 1
Q9JK23-170,Mus musculus
Q16518-146,Homo sapiens
Q8BGA3-315,Mus musculus
B3M1F2-416,Drosophila ananassae
Q9DBD0-58,Mus musculus
Q925N2-18,Mus musculus
Q9XFH4-434,Arabidopsis thaliana
P10235-9,Human herpesvirus 1
Q6PL45-114,Homo sapiens
Q99KR3-100,Mus musculus
Q93091-46,Homo sapiens
Q8JZR0-93,Mus musculus
P40925-154,Homo sapiens
Q3ULJ0-104,Mus musculus
P47976-263,Saccharomyces cerevisiae
O88908-259,Mus musculus
Q9QXD1-485,Mus musculus
P30885-400,Xenopus laevis
Q96CC6-555,Homo sapiens
J3KQ69-370,Homo sapiens
Q4VC17-1202,Mus musculus
Q8C165-432,Mus musculus
P24270-393,Mus musculus
Q8BP47-370,Mus musculus
Q68798-1652,Hepatitis C virus genotype 6g
O35913-442,Rattus norvegicus
Q9QZA2-818,Rattus norvegicus
Q80ZW1-224,Mus musculus
Q02224-1644,Homo sapiens
Q54ND5-310,Dictyostelium discoideum
Q8BZL1-331,Mus musculus
Q86KC7-285,Dictyostelium discoideum
Q8R3F5-104,Mus musculus
P51410-134,Mus musculus
Q9QXV8-291,Mus musculus
P70697-35,Mus musculus
Q9XUY5-173,Caenorhabditis elegans
P97501-116,Mus musculus
Q8BWT1-92,Mus musculus
Q9QXG4-146,Mus musculus
Q6NLF4-71,Arabidopsis thaliana
A2CJ06-246,Homo sapiens
Q9CXS4-217,Mus musculus
Q99LC3-67,Mus musculus
P38759-260,Saccharomyces cerevisiae
O75475-204,Homo sapiens
Q99P72-444,Mus musculus
Q5WRS0-57,Caenorhabditis elegans
Q9Z0Y8-1071,Rattus norvegicus
P36578-125,Homo sapiens
P61922-2-411,Mus musculus
Q9VC47-1140,Drosophila melanogaster
Q9JJY3-59,Mus musculus
Q5XG50-9,Xenopus laevis
Q9UJW3-118,Homo sapiens
Q9H1B5-826,Homo sapiens
Q3ECU8-30,Arabidopsis thaliana
Q01097-954,Mus musculus
Q9LR67-25,Arabidopsis thaliana
Q00960-849,Rattus norvegicus
P62242-71,Mus musculus
Q9ET30-426,Mus musculus
P12318-241,Homo sapiens
P35424-72,Rotavirus A
G5ECE3-1083,Caenorhabditis elegans
Q16658-260,Homo sapiens
Q9JHI9-552,Mus musculus
Q9WU19-349,Mus musculus
O70146-607,Mus musculus
Q66GP9-107,Arabidopsis thaliana
Q5XHG6-8,Xenopus laevis
P24448-73,Human herpesvirus 6A
Q8C196-761,Mus musculus
Q76RB3-66,Vaccinia virus
Q8CIM3-102,Mus musculus
Q6PDJ1-852,Mus musculus
P11881-849,Mus musculus
Q8BIJ7-87,Mus musculus
P12268-95,Homo sapiens
H0Y7S4-87,Homo sapiens
P00441-112,Homo sapiens
Q9HCE0-339,Homo sapiens
Q6Z4N4-59,Oryza sativa subsp. japonica
P69282-365,Sendai virus)
Q923B6-23,Mus musculus
Q8VZ17-545,Arabidopsis thaliana
Q91VD9-564,Mus musculus
Q9LNE4-340,Arabidopsis thaliana
Q8C0L0-209,Mus musculus
Q04589-736,Rattus norvegicus
P63244-207,Homo sapiens
Q9CZU6-101,Mus musculus
P48634-486,Homo sapiens
A0A7H0DN37-535,Monkeypox virus
Q54PT9-723,Dictyostelium discoideum
Q9WVL0-165,Mus musculus
Q922Q1-211,Mus musculus
P22270-559,Drosophila melanogaster
P46689-68,Arabidopsis thaliana
P08752-255,Mus musculus
Q9GZP0-308,Homo sapiens
A2ARV4-3795,Mus musculus
Q91WC9-610,Mus musculus
Q5FWI3-581,Mus musculus
O42872-27,Schizosaccharomyces pombe
F8VPN4-126,Mus musculus
P68181-349,Mus musculus
Q571I4-22,Mus musculus
O08576-76,Mus musculus
Q91X83-105,Mus musculus
P31645-622,Homo sapiens
P24530-19,Homo sapiens
A3KGZ2-309,Danio rerio
P97823-144,Mus musculus
Q8GW44-211,Arabidopsis thaliana
Q9SU94-314,Arabidopsis thaliana
P00342-163,Mus musculus
F6Q1T7-56,Bos taurus
U3KQT1-34,Homo sapiens
P43883-84,Mus musculus
Q61316-245,Mus musculus
Q14694-94,Homo sapiens
Q9JIP6-44,Mus musculus
Q9VC47-1301,Drosophila melanogaster
Q9UTC2-65,Schizosaccharomyces pombe
Q8TCT8-95,Homo sapiens
P15105-346,Mus musculus
Q9FJ13-298,Arabidopsis thaliana
Q9D1X8-170,Mus musculus
Q09614-374,Caenorhabditis elegans
Q21041-1146,Caenorhabditis elegans
P98164-2842,Homo sapiens
P30411-324,Homo sapiens
Q2TPA8-71,Mus musculus
P10041-538,Drosophila melanogaster
Q3ZK61-322,Rotavirus A)
P56705-6,Homo sapiens
P13639-728,Homo sapiens
O43707-351,Homo sapiens
Q9FG68-6,Arabidopsis thaliana
Q6P8J7-238,Mus musculus
Q16527-37,Homo sapiens
Q5W6L9-233,Oryza sativa subsp. japonica
Q9WTP7-85,Mus musculus
P21783-298,Xenopus laevis
P0DOT2-334,Variola virus
P28843-466,Mus musculus
Q99KI0-448,Mus musculus
Q6Q2J0-321,Sus scrofa
P49207-83,Homo sapiens
Q9CZX7-242,Mus musculus
Q04592-934,Mus musculus
Q7KZF4-736,Homo sapiens
P55072-535,Homo sapiens
P25205-360,Homo sapiens
O83099-138,Treponema pallidum
Q8K441-1366,Mus musculus
Q8CFA2-351,Mus musculus
B2RX12-702,Mus musculus
Q9QYF1-30,Mus musculus
Q9WTL4-214,Mus musculus
Q504N4-42,Mus musculus
P04637-176,Homo sapiens
P42932-244,Mus musculus
G5E8R3-376,Mus musculus
Q8VCH0-381,Mus musculus
Q8R0Y6-537,Mus musculus
Q71DR4-127,Canis lupus familiaris
Q6TXG9-35,Rattus norvegicus
Q9M1R2-79,Arabidopsis thaliana
E9PNW4-70,Homo sapiens
Q8VBT2-270,Mus musculus
Q8R143-63,Mus musculus
Q05683-30,Rattus norvegicus
P13639-651,Homo sapiens
Q9EQ06-94,Mus musculus
Q71U36-305,Homo sapiens
B6ZI38-304,Gallus gallus
Q92796-8,Homo sapiens
O15162-213,Homo sapiens
P36578-208,Homo sapiens
Q8VE96-254,Mus musculus
O88448-374,Mus musculus
Q8CIE6-453,Mus musculus
Q13467-537,Homo sapiens
Q7XCL0-6,Oryza sativa subsp. japonica
P61922-2-224,Mus musculus
P10966-194,Homo sapiens
P38551-143,Sus scrofa
Q29458-9,Bos taurus
D6R9I9-227,Homo sapiens
Q8VCW8-503,Mus musculus
A1L3X4-36,Homo sapiens
P62249-25,Homo sapiens
Q8VY81-178,Arabidopsis thaliana
Q03135-156,Homo sapiens
Q672I1-1786,Sapporo virus
Q3UNX5-2-109,Mus musculus
O88441-51,Mus musculus
Q9UBW7-676,Homo sapiens
P09482-527,Gallus gallus
Q9R0M0-1828,Mus musculus
P41951-531,Caenorhabditis elegans
Q810N5-55,Mus musculus
Q91ZX7-808,Mus musculus
P48745-244,Homo sapiens
Q3TJD7-370,Mus musculus
Q67377-75,Influenza B virus
Q53LU4-551,Oryza sativa subsp. japonica
P0C6H9-23,Hepatitis B virus genotype D
Q15149-3336,Homo sapiens
P27545-37,Mus musculus
Q9SRU2-3488,Arabidopsis thaliana
Q01518-93,Homo sapiens
Q00174-1820,Drosophila melanogaster
Q05928-82,Mus musculus
Q90607-535,Gallus gallus
Q23192-111,Caenorhabditis elegans
O00220-263,Homo sapiens
B1AVD1-16,Mus musculus
O64425-48,Arabidopsis thaliana
Q9Z111-86,Mus musculus
P20274-159,Bos taurus
P37264-74,Saccharomyces cerevisiae
A0JPG1-585,Xenopus laevis
P78310-223,Homo sapiens
Q9D892-154,Mus musculus
O22056-25,Arabidopsis thaliana
P29388-316,Arabidopsis thaliana
Q8CHD8-4,Mus musculus
Q10928-9,Caenorhabditis elegans
Q61656-191,Mus musculus
P69255-104,Influenza B virus
P70168-345,Mus musculus
P17427-134,Mus musculus
Q9QWR8-353,Mus musculus
O35488-427,Mus musculus
P97501-466,Mus musculus
Q9Y4E5-474,Homo sapiens
Q5DTT3-1746,Mus musculus
F8W870-17,Homo sapiens
P59510-534,Homo sapiens
Q5BK84-603,Rattus norvegicus
Q9C0A0-722,Homo sapiens
G3X9S2-706,Mus musculus
Q3THE2-109,Mus musculus
Q5VTY9-324,Homo sapiens
Q61554-231,Mus musculus
P63115-497,Mus musculus
Q9E6Q1-249,Gallid herpesvirus 2
Q8N806-137,Homo sapiens
Q9UBQ6-4,Homo sapiens
Q9Y6N6-271,Homo sapiens
Q571F8-136,Mus musculus
P00511-170,Oryctolagus cuniculus
Q5BK82-85,Rattus norvegicus
Q5N8X6-696,Oryza sativa subsp. japonica
Q9P2P5-224,Homo sapiens
Q6DJG6-168,Xenopus laevis
Q9H3N1-106,Homo sapiens
P00533-1146,Homo sapiens
P24527-147,Mus musculus
Q9FNI7-331,Arabidopsis thaliana
P32261-54,Mus musculus
P54868-106,Homo sapiens
Q6XTN2-318,Influenza A virus
Q95209-1152,Oryctolagus cuniculus
Q8QZR5-254,Mus musculus
Q9D0M3-219,Mus musculus
Q0V8T4-361,Rattus norvegicus
Q91XH5-235,Mus musculus
Q9JJZ2-347,Mus musculus
O09164-77,Mus musculus
Q9WV68-53,Mus musculus
Q06216-307,Saccharomyces cerevisiae
P26662-581,Hepatitis C virus genotype 1b
Q8BY89-106,Mus musculus
Q8BWT1-103,Mus musculus
Q14126-871,Homo sapiens
P55072-572,Homo sapiens
Q8WN96-2169,Bos taurus
Q8WZ75-625,Homo sapiens
Q6PB66-626,Mus musculus
Q96RT1-68,Homo sapiens
B6KAM0-504,Toxoplasma gondii
P83882-88,Mus musculus
Q99JW1-230,Mus musculus
Q55GV9-425,Dictyostelium discoideum
P61922-2-384,Mus musculus
P97953-354,Mus musculus
Q60872-51,Mus musculus
P33267-267,Mus musculus
O08573-101,Mus musculus
Q27874-63,Caenorhabditis elegans
P11976-321,Dictyostelium discoideum
Q9Y5W5-273,Homo sapiens
Q8C196-1015,Mus musculus
Q24992-439,Giardia intestinalis
Q99250-910,Homo sapiens
O75094-725,Homo sapiens
P26554-30,Human papillomavirus 51
Q8J025-264,Homo sapiens
Q93442-538,Caenorhabditis elegans
P42224-492,Homo sapiens
O90304-165,Breda virus 1
P0DTE4-289,Homo sapiens
Q9R1S7-1248,Mus musculus
P31939-287,Homo sapiens
O15818-1133,Dictyostelium discoideum
P22363-297,Rabies virus
Q8CIW6-465,Mus musculus
Q62452-181,Mus musculus
P34932-417,Homo sapiens
P13850-172,Newcastle disease virus
P36382-61,Homo sapiens
Q8K0E3-624,Mus musculus
Q6NZD2-317,Mus musculus
Q8N7C4-140,Homo sapiens
Q8N6C5-392,Homo sapiens
Q9M202-6,Arabidopsis thaliana
Q08786-185,Saccharomyces cerevisiae
Q925N2-205,Mus musculus
Q3TXX4-56,Mus musculus
Q8K298-816,Mus musculus
P35802-17,Mus musculus
P63000-178,Homo sapiens
Q8VDU5-689,Mus musculus
P98155-355,Homo sapiens
Q5SZA1-223,Mus musculus
P0C6T8-142,Bovine coronavirus
Q557G4-248,Dictyostelium discoideum
Q8BXT1-142,Mus musculus
E7KUA5-118,Saccharomyces cerevisiae
Q8IZF2-634,Homo sapiens
Q8BMS1-349,Mus musculus
Q64329-255,Mus musculus
P28908-65,Homo sapiens
Q14789-3230,Homo sapiens
P11046-1139,Drosophila melanogaster
P00186-203,Mus musculus
Q62452-122,Mus musculus
O95644-383,Homo sapiens
Q9Y219-223,Homo sapiens
Q9WUA2-195,Mus musculus
Q00576-153,Cricetulus griseus
Q9Y3S2-114,Homo sapiens
Q8BFT9-464,Mus musculus
Q15788-1352,Homo sapiens
P16671-311,Homo sapiens
F5GZS6-400,Homo sapiens
Q55EI8-260,Dictyostelium discoideum
O70133-1031,Mus musculus
Q02936-85,Drosophila melanogaster
P12907-283,Murine polyomavirus
Q1LY84-51,Danio rerio
Q8JLI4-447,Ectromelia virus
P68368-54,Mus musculus
Q9NZW4-8,Homo sapiens
Q9WVB4-1134,Mus musculus
P46061-169,Mus musculus
Q9CPW0-743,Mus musculus
Q9JII5-124,Mus musculus
P50395-202,Homo sapiens
P98167-1399,Bos taurus
Q66K08-207,Mus musculus
Q3UMR5-96,Mus musculus
Q8CGB6-548,Mus musculus
P22314-278,Homo sapiens
Q556C6-96,Dictyostelium discoideum
Q679P3-329,Gallus gallus
Q54YG2-1416,Dictyostelium discoideum
P11976-890,Dictyostelium discoideum
P52569-376,Homo sapiens
Q8R1Q0-160,Mus musculus
Q8R0F9-301,Mus musculus
P06399-56,Rattus norvegicus
Q9JJL3-503,Mus musculus
P28566-108,Homo sapiens
P16015-182,Mus musculus
P04388-120,Drosophila melanogaster
A1A4K5-130,Bos taurus
Q07535-92,Saccharomyces cerevisiae
F6YL81-19,Mus musculus
Q8C196-1027,Mus musculus
O43561-26,Homo sapiens
Q148V8-782,Mus musculus
P41233-1281,Mus musculus
Q99J86-253,Rattus norvegicus
Q96QT4-1143,Homo sapiens
P26150-279,Mus musculus
F4K128-238,Arabidopsis thaliana
P0C2W1-17,Homo sapiens
D3ZUK3-148,Rattus norvegicus
O00339-428,Homo sapiens
Q9VT04-344,Drosophila melanogaster
Q8K2V6-366,Mus musculus
Q55AP3-191,Dictyostelium discoideum
Q2KJ83-271,Bos taurus
A6H8T7-128,Danio rerio
Q05D44-849,Mus musculus
P98091-1131,Bos taurus
Q04006-106,Saccharomyces cerevisiae
P53720-251,Saccharomyces cerevisiae
Q5AH11-996,Candida albicans
Q62167-298,Mus musculus
Q9C810-632,Arabidopsis thaliana
F6QYF8-844,Mus musculus
F4JN26-696,Arabidopsis thaliana
Q93050-25,Homo sapiens
Q22957-173,Caenorhabditis elegans
Q54HF1-376,Dictyostelium discoideum
Q61656-221,Mus musculus
Q2TAP0-90,Homo sapiens
Q8K1Q0-30,Rattus norvegicus
P17887-926,Human herpesvirus 6A
B9EJG8-66,Homo sapiens
Q9DBG3-2-380,Mus musculus
Q99LD8-285,Mus musculus
Q8V4S4-470,Monkeypox virus
P07202-814,Homo sapiens
Q9D8C2-128,Mus musculus
O55029-276,Mus musculus
Q08AZ1-663,Xenopus laevis
P11725-303,Mus musculus
P34327-307,Caenorhabditis elegans
P05362-52,Homo sapiens
Q9WUU7-35,Mus musculus
P46557-747,Caenorhabditis elegans
P61247-96,Homo sapiens
Q8NB12-276,Homo sapiens
P42261-829,Homo sapiens
Q9LK76-372,Arabidopsis thaliana
O76081-295,Homo sapiens
Q9D404-86,Mus musculus
A7YWH9-577,Bos taurus
Q568E2-49,Danio rerio
P11710-379,Saccharomyces cerevisiae
Q6PI77-274,Homo sapiens
Q23316-191,Caenorhabditis elegans
Q6VN19-501,Mus musculus
Q9XWD6-816,Caenorhabditis elegans
P03949-544,Caenorhabditis elegans
Q99959-603,Homo sapiens
Q9P7T1-2352,Schizosaccharomyces pombe
P46406-150,Oryctolagus cuniculus
Q9R0Y1-207,Mus musculus
Q9UBV4-348,Homo sapiens
Q99MR8-505,Mus musculus
Q91WC9-304,Mus musculus
Q62919-269,Rattus norvegicus
O75581-1399,Homo sapiens
Q10352-88,Schizosaccharomyces pombe
P60891-165,Homo sapiens
P45844-315,Homo sapiens
D3Z183-31,Mus musculus
O43506-472,Homo sapiens
Q54HT1-359,Dictyostelium discoideum
Q6PB66-112,Mus musculus
P49962-48,Mus musculus
O02119-137,Caenorhabditis elegans
Q13443-430,Homo sapiens
O88703-82,Mus musculus
Q9Y3Q4-179,Homo sapiens
P09528-131,Mus musculus
Q9R1Q7-16,Mus musculus
F4IHS2-2706,Arabidopsis thaliana
Q8CI71-218,Mus musculus
Q9GTN7-870,Dictyostelium discoideum
P62267-90,Mus musculus
Q9BQ08-95,Homo sapiens
Q925I1-471,Mus musculus
E9QKC6-624,Mus musculus
Q922B1-264,Mus musculus
Q76MZ3-329,Mus musculus
P41440-246,Homo sapiens
Q61087-531,Mus musculus
O15344-195,Homo sapiens
O74853-213,Schizosaccharomyces pombe
O08529-640,Mus musculus
P07901-598,Mus musculus
P40504-460,Saccharomyces cerevisiae
P08581-894,Homo sapiens
P97742-613,Mus musculus
Q80Y17-298,Mus musculus
Q99LB7-236,Mus musculus
P55270-426,Bos taurus
Q8IZT6-1162,Homo sapiens
A2A791-715,Mus musculus
O35114-274,Mus musculus
Q9JHW2-97,Mus musculus
Q9Z331-399,Mus musculus
P11940-128,Homo sapiens
Q69555-380,Human herpesvirus 6A
Q9QUR6-211,Mus musculus
Q9D1Q6-189,Mus musculus
Q5GH62-289,Mus musculus
Q6NVG1-206,Mus musculus
Q1HE58-219,Canis lupus familiaris
Q9Y6R7-3065,Homo sapiens
Q921H8-177,Mus musculus
Q9DBM2-17,Mus musculus
Q8TD16-437,Homo sapiens
Q8VC28-242,Mus musculus
Q98ST5-152,Gallus gallus
Q8K377-463,Mus musculus
Q6IQ32-696,Homo sapiens
Q61425-201,Mus musculus
P16615-471,Homo sapiens
Q65XG6-142,Oryza sativa subsp. japonica
Q64458-216,Mus musculus
Q9R0H0-559,Mus musculus
P51863-39,Mus musculus
Q9LZM0-259,Arabidopsis thaliana
O08914-249,Mus musculus
A2ATU0-430,Mus musculus
O94341-38,Schizosaccharomyces pombe
Q9R0A1-737,Mus musculus
Q12955-70,Homo sapiens
Q99PG0-339,Mus musculus
Q96RN1-558,Homo sapiens
P0C9Y3-43,African swine fever virus
B3N538-465,Drosophila erecta
Q2V3K9-3,Arabidopsis thaliana
Q99L48-218,Mus musculus
Q16518-329,Homo sapiens
P09103-345,Mus musculus
Q91X83-150,Mus musculus
Q6EBV9-234,Mus musculus
Q6DCD7-489,Xenopus laevis
Q9DC61-87,Mus musculus
Q9WUM5-172,Mus musculus
P51636-145,Homo sapiens
Q2IBD4-431,Rattus norvegicus
P26231-116,Mus musculus
Q96GP6-376,Homo sapiens
G5E896-390,Mus musculus
Q8NH54-117,Homo sapiens
Q9D8W7-46,Mus musculus
P55268-877,Homo sapiens
Q60930-48,Mus musculus
O95477-23,Homo sapiens
Q9QYP0-152,Rattus norvegicus
Q8IWT3-2265,Homo sapiens
Q6NS60-679,Mus musculus
Q9Y4K0-625,Homo sapiens
Q8VCT4-273,Mus musculus
Q80T91-717,Mus musculus
B7ZAQ6-169,Homo sapiens
Q6ZWZ6-92,Mus musculus
Q91W64-389,Mus musculus
Q99MZ7-198,Mus musculus
Q80XN0-86,Mus musculus
Q05794-581,Human hepatitis A virus genotype IA)
E9Q4N7-2002,Mus musculus
P80315-450,Mus musculus
Q6PF96-500,Mus musculus
P61222-201,Mus musculus
P35802-122,Mus musculus
P08588-392,Homo sapiens
P51660-277,Mus musculus
B9U3F2-855,Gallus gallus
Q96PY5-227,Homo sapiens
P56213-164,Mus musculus
P70404-148,Mus musculus
P17427-282,Mus musculus
Q2V4A6-63,Arabidopsis thaliana
Q91XD4-438,Mus musculus
Q8QZY2-403,Mus musculus
Q01628-72,Homo sapiens
O80560-919,Arabidopsis thaliana
Q9D826-299,Mus musculus
Q8VCW8-194,Mus musculus
Q8BNJ3-165,Mus musculus
O89001-194,Mus musculus
Q15758-467,Homo sapiens
P08708-35,Homo sapiens
Q70X92-27,Danio rerio
Q8CIV3-233,Mus musculus
Q8R050-590,Mus musculus
Q5EA24-457,Bos taurus
Q84939-54,Rotavirus A
Q8C196-644,Mus musculus
Q4LDG0-134,Mus musculus
P00558-367,Homo sapiens
P36894-173,Homo sapiens
P07224-256,Bos taurus
Q9FPS9-144,Arabidopsis thaliana
Q62711-582,Rattus norvegicus
O88455-205,Mus musculus
Q806Y7-751,Dobrava-Belgrade orthohantavirus
P62829-125,Homo sapiens
P01889-283,Homo sapiens
P63017-603,Mus musculus
Q9SH66-35,Arabidopsis thaliana
Q9VWR8-408,Drosophila melanogaster
P32870-791,Drosophila melanogaster
Q9CZX7-61,Mus musculus
Q9JI18-4320,Mus musculus
Q08705-504,Gallus gallus
P26718-46,Homo sapiens
E9PAM4-290,Homo sapiens
F7AI27-507,Mus musculus
P21707-77,Rattus norvegicus
P10126-234,Mus musculus
Q8C419-408,Mus musculus
Q9WDA6-3200,Dengue virus type 2
E9PZ36-915,Mus musculus
P07207-686,Drosophila melanogaster
Q54TN4-309,Dictyostelium discoideum
Q6DE06-144,Xenopus laevis
Q8K4G1-604,Mus musculus
P26639-107,Homo sapiens
Q8BFV3-248,Mus musculus
Q9A9Z1-142,Caulobacter vibrioides
P21926-167,Homo sapiens
Q05421-268,Mus musculus
P0C6V4-1968,Avian infectious bronchitis virus
Q52T38-401,Arabidopsis thaliana
Q99LB7-745,Mus musculus
Q9YGP5-196,Xenopus laevis
A1L1H3-575,Xenopus laevis
Q9LVM9-196,Arabidopsis thaliana
Q5U110-317,Drosophila melanogaster
Q8CAK1-166,Mus musculus
Q8VDC1-1154,Mus musculus
P0C570-194,Mokola virus
Q80UU9-153,Mus musculus
P62318-20,Homo sapiens
O35215-24,Mus musculus
P03140-395,Hepatitis B virus genotype C subtype ad
A2AMI2-808,Mus musculus
P47802-177,Mus musculus
Q91C35-232,Hepatitis B virus genotype A1 subtype adw2
Q8C9W3-527,Mus musculus
P21554-415,Homo sapiens
Q5UE90-156,Xenopus laevis
Q8JZM8-3396,Mus musculus
P21731-2-347,Homo sapiens
P53026-164,Mus musculus
P63244-168,Homo sapiens
Q8K2C8-173,Mus musculus
P11836-111,Homo sapiens
Q9EQH2-182,Mus musculus
P08647-216,Schizosaccharomyces pombe
Q9Y7U6-553,Schizosaccharomyces pombe
Q13232-158,Homo sapiens
Q9NS91-64,Homo sapiens
O95864-364,Homo sapiens
Q64516-299,Mus musculus
Q9IZU7-87,Chicken anemia virus
P50464-111,Caenorhabditis elegans
Q04447-283,Mus musculus
Q5ZL02-114,Gallus gallus
E9PZD8-713,Mus musculus
Q9BYF1-141,Homo sapiens
P47879-170,Mus musculus
P21855-332,Mus musculus
Q91W43-146,Mus musculus
Q9D826-170,Mus musculus
P70697-59,Mus musculus
G5E8R3-752,Mus musculus
O14081-277,Schizosaccharomyces pombe
P97501-30,Mus musculus
P97872-468,Mus musculus
Q96CP7-231,Homo sapiens
Q92824-995,Homo sapiens
P53348-69,Bos taurus
Q98T89-47,Gallus gallus
Q64739-1733,Mus musculus
O55029-56,Mus musculus
Q869W0-741,Dictyostelium discoideum
P11680-292,Mus musculus
Q8JZZ7-1133,Mus musculus
P10040-911,Drosophila melanogaster
P52272-114,Homo sapiens
E9PVU9-39,Mus musculus
Q8QFX6-720,Danio rerio
Q00174-1899,Drosophila melanogaster
Q5U4W6-659,Xenopus laevis
Q05683-45,Rattus norvegicus
Q8VCZ9-323,Mus musculus
Q5U4F6-197,Mus musculus
Q3SXG2-124,Mus musculus
Q7TMD5-622,Rattus norvegicus
P20918-586,Mus musculus
Q94900-406,Drosophila melanogaster
Q99KG5-218,Mus musculus
Q9H0J9-169,Homo sapiens
Q80ZW2-29,Mus musculus
P16109-807,Homo sapiens
P62079-252,Homo sapiens
P47074-454,Saccharomyces cerevisiae
Q8R5C8-566,Mus musculus
Q8VE88-421,Mus musculus
Q921I1-177,Mus musculus
Q9DCU9-251,Mus musculus
O88491-1494,Mus musculus
P13945-292,Homo sapiens
O08914-400,Mus musculus
Q16719-327,Homo sapiens
P42892-46,Homo sapiens
Q9WVL0-154,Mus musculus
Q08E25-382,Bos taurus
Q99836-113,Homo sapiens
Q64435-176,Mus musculus
Q8N9I9-272,Homo sapiens
P50396-317,Mus musculus
Q9D8W7-27,Mus musculus
Q07846-324,Human papillomavirus 4
P07724-99,Mus musculus
Q921I1-373,Mus musculus
P34011-133,Variola virus
Q9CW42-164,Mus musculus
Q5F3X4-468,Gallus gallus
Q9NY15-879,Homo sapiens
P23363-198,Rattus norvegicus
Q9SIY8-580,Arabidopsis thaliana
B2RXS4-617,Mus musculus
Q96AP0-485,Homo sapiens
P14824-358,Mus musculus
Q91W43-265,Mus musculus
Q9NPG3-467,Homo sapiens
Q9R207-269,Mus musculus
P01730-422,Homo sapiens
O09044-79,Mus musculus
P11588-156,Mus musculus
Q9EPU5-368,Mus musculus
P97888-185,Rattus norvegicus
Q9Y219-74,Homo sapiens
O08914-293,Mus musculus
Q08156-879,Gallus gallus
O96539-64,Drosophila melanogaster
P27540-269,Homo sapiens
Q91X34-310,Mus musculus
O75533-1059,Homo sapiens
Q8JZR0-322,Mus musculus
Q6NSQ9-269,Mus musculus
P87138-180,Schizosaccharomyces pombe
P22392-109,Homo sapiens
Q99836-274,Homo sapiens
P0CE96-59,Saccharomyces cerevisiae
Q96KP1-388,Homo sapiens
P33450-4938,Drosophila melanogaster
Q6GQT5-38,Mus musculus
Q54IZ9-1560,Dictyostelium discoideum
Q9SIB4-136,Arabidopsis thaliana
Q9EQF6-241,Mus musculus
Q9ESB3-24,Mus musculus
B7NZ88-7,Oryctolagus cuniculus
B7F7K7-179,Oryza sativa subsp. japonica
O75369-604,Homo sapiens
Q3V3R4-82,Mus musculus
Q288C4-456,Bos taurus
P28907-16,Homo sapiens
Q9Z2J0-572,Mus musculus
P49068-59,Sus scrofa
Q89721-72,Human immunodeficiency virus type 2 subtype B
Q8C015-327,Mus musculus
O14099-165,Schizosaccharomyces pombe
Q4VBD2-143,Mus musculus
P30875-328,Mus musculus
Q8H1S7-23,Arabidopsis thaliana
P25911-203,Mus musculus
Q9XEC6-212,Arabidopsis thaliana
Q61655-392,Mus musculus
P60033-80,Homo sapiens
Q7KZF4-96,Homo sapiens
Q86I44-169,Dictyostelium discoideum
Q01484-347,Homo sapiens
Q95XG9-202,Caenorhabditis elegans
Q29RL1-569,Bos taurus
F1NQJ3-567,Gallus gallus
Q6ZQ38-264,Mus musculus
Q9QZT3-71,Rattus norvegicus
Q5DU41-803,Mus musculus
Q64459-64,Mus musculus
Q8VC12-80,Mus musculus
Q8MHY7-64,Oryctolagus cuniculus
P62280-60,Homo sapiens
O35678-32,Mus musculus
P03482-193,Influenza A virus
P98088-5066,Homo sapiens
Q7TNC8-380,Mus musculus
Q5M9B3-196,Xenopus laevis
Q7YQE5-95,Sus scrofa
B2RPY5-355,Mus musculus
Q9D1F5-31,Mus musculus
F1LPQ2-324,Rattus norvegicus
P55264-105,Mus musculus
Q5ZKD1-185,Gallus gallus
P55072-415,Homo sapiens
Q62431-332,Mus musculus
Q8JZU2-262,Mus musculus
Q800X4-144,Xenopus laevis
Q09740-346,Schizosaccharomyces pombe
Q8ND76-7,Homo sapiens
P63319-66,Rattus norvegicus
Q803X1-5,Danio rerio
O88374-108,Mus musculus
P38060-170,Mus musculus
Q03340-267,Rinderpest virus
O09158-468,Mus musculus
Q4LDG0-248,Mus musculus
Q7XA86-192,Arabidopsis thaliana
B7ZNN8-49,Mus musculus
E9Q1J7-330,Mus musculus
Q9CQZ7-97,Mus musculus
Q8IYW2-716,Homo sapiens
Q14EB0-476,Human coronavirus HKU1
Q91ZA3-107,Mus musculus
O88799-4836,Mus musculus
P98089-143,Rattus norvegicus
Q7ZWU7-765,Xenopus laevis
Q0A2K9-693,Influenza A virus
P23229-1078,Homo sapiens
O44568-386,Caenorhabditis elegans
O76262-157,Drosophila lini
Q8JZU2-70,Mus musculus
Q9NZW5-432,Homo sapiens
Q6AWT8-153,Arabidopsis thaliana
A0FLQ6-1037,Caenorhabditis elegans
Q6R5J1-1145,Danio rerio
Q7TNG8-369,Mus musculus
H0YEU2-47,Homo sapiens
A0A075B6U4-44,Homo sapiens
O54928-188,Mus musculus
Q306W5-1178,Eastern equine encephalitis virus
Q6ZN84-239,Homo sapiens
G3UX86-24,Mus musculus
P78310-146,Homo sapiens
Q9QY06-536,Mus musculus
P67984-25,Mus musculus
Q921I1-543,Mus musculus
P04046-507,Saccharomyces cerevisiae
Q15366-109,Homo sapiens
Q9QXZ6-439,Mus musculus
A2ASZ8-322,Mus musculus
Q9U405-4,Drosophila melanogaster
P90754-293,Caenorhabditis elegans
P43883-323,Mus musculus
P35221-461,Homo sapiens
Q9JLJ2-355,Mus musculus
F1RWC3-437,Sus scrofa
Q8R480-470,Mus musculus
Q8IWZ5-42,Homo sapiens
Q3ED15-216,Arabidopsis thaliana
Q6IQ55-156,Homo sapiens
P36005-330,Saccharomyces cerevisiae
Q5U5I3-139,Mus musculus
Q12337-112,Saccharomyces cerevisiae
Q04592-937,Mus musculus
F4JDI6-74,Arabidopsis thaliana
P82348-283,Mus musculus
Q9LU41-625,Arabidopsis thaliana
P21333-483,Homo sapiens
Q29RU4-82,Bos taurus
O09173-35,Mus musculus
Q940P8-131,Arabidopsis thaliana
Q2QI47-846,Mus musculus
Q63569-121,Rattus norvegicus
Q96JS3-698,Homo sapiens
P53996-159,Mus musculus
Q9W266-37,Drosophila melanogaster
Q80VL1-109,Mus musculus
Q8N8K9-631,Homo sapiens
P27026-173,Human respiratory syncytial virus A
Q9HB63-295,Homo sapiens
Q68CP9-382,Homo sapiens
O75771-9,Homo sapiens
O09173-51,Mus musculus
Q2V424-79,Arabidopsis thaliana
P46782-66,Homo sapiens
O43854-78,Homo sapiens
Q96LT4-8,Homo sapiens
Q922Q1-160,Mus musculus
Q557K0-141,Dictyostelium discoideum
Q6GQT6-755,Mus musculus
O35423-275,Mus musculus
P48678-590,Mus musculus
Q9DB20-141,Mus musculus
P13439-278,Mus musculus
P26095-497,Influenza A virus
A0A8M2BID5-420,Danio rerio
P52482-131,Mus musculus
Q3ED15-230,Arabidopsis thaliana
P50652-524,Mus musculus
P04114-1662,Homo sapiens
Q63886-282,Mus musculus
P34985-182,Mus musculus
Q58G01-95,Arabidopsis thaliana
Q9QXZ6-506,Mus musculus
Q02248-619,Mus musculus
P0C6U5-365,Human coronavirus HKU1
P34983-115,Mus musculus
Q8VCF0-79,Mus musculus
P97433-691,Mus musculus
P11716-2363,Oryctolagus cuniculus
Q9WUI9-1465,Rattus norvegicus
Q61823-433,Mus musculus
O35632-211,Mus musculus
Q68FL6-789,Mus musculus
P53701-46,Homo sapiens
Q62465-99,Mus musculus
Q8LDW9-234,Arabidopsis thaliana
E0CYZ3-1171,Mus musculus
P12839-293,Rattus norvegicus
O35490-104,Mus musculus
Q6DE55-686,Xenopus laevis
Q12879-853,Homo sapiens
Q6MG49-185,Rattus norvegicus
O65451-591,Arabidopsis thaliana
Q9QXX4-438,Mus musculus
P58196-225,Mus musculus
Q96DX4-208,Homo sapiens
P62880-250,Mus musculus
Q8AWF5-136,Xenopus laevis
A2ARP8-1072,Mus musculus
Q8K010-1053,Mus musculus
E9PH60-300,Homo sapiens
I7HJQ8-143,Mus musculus
O35969-91,Mus musculus
P27701-2-74,Homo sapiens
Q9TV36-2221,Sus scrofa
Q8BSE0-313,Mus musculus
P0C6X5-1136,Human coronavirus NL63
Q63880-127,Mus musculus
A0A482AS24-156,Schizosaccharomyces kambucha
Q8QZT1-123,Mus musculus
B4F7E8-173,Rattus norvegicus
P40550-1330,Saccharomyces cerevisiae
Q96EW2-322,Homo sapiens
P0CAY7-72,Arabidopsis thaliana
Q05793-1628,Mus musculus
O95197-34,Homo sapiens
Q63803-1115,Rattus norvegicus
Q9UQF0-72,Homo sapiens
O35604-334,Mus musculus
P08559-145,Homo sapiens
P01023-431,Homo sapiens
P51648-425,Homo sapiens
P59990-75,Homo sapiens
Q5BKC6-174,Rattus norvegicus
Q9CPV7-343,Mus musculus
Q61510-70,Mus musculus
Q9DBM2-231,Mus musculus
O15126-132,Homo sapiens
P11976-975,Dictyostelium discoideum
Q3ED93-295,Arabidopsis thaliana
Q04592-1133,Mus musculus
Q6DPI6-275,Influenza A virus
Q61765-351,Mus musculus
O75170-762,Homo sapiens
Q5RGL7-91,Danio rerio
Q75D04-541,Eremothecium gossypii
Q02257-563,Mus musculus
O65020-10,Arabidopsis thaliana
P53396-633,Homo sapiens
Q9PY94-61,Rotavirus C
O55125-83,Mus musculus
Q5ZJN4-442,Gallus gallus
P0C9I8-49,African swine fever virus
Q9NYQ6-1916,Homo sapiens
Q3E756-31,Saccharomyces cerevisiae
P56706-331,Homo sapiens
P62317-46,Mus musculus
P28473-414,Rattus norvegicus
A3KMP2-124,Mus musculus
Q9NX47-35,Homo sapiens
O60674-961,Homo sapiens
Q9QUJ7-595,Mus musculus
Q9QYS2-534,Mus musculus
Q14761-5,Homo sapiens
P41220-106,Homo sapiens
Q10N03-3,Oryza sativa subsp. japonica
Q9NJB5-211,Drosophila melanogaster
Q6MZT1-122,Homo sapiens
P56841-40,Mus musculus
O94235-669,Schizosaccharomyces pombe
P11166-207,Homo sapiens
Q80T79-3406,Mus musculus
Q9CWL2-557,Mus musculus
Q9CZP7-124,Mus musculus
Q9UHX3-512,Homo sapiens
O09116-98,Mus musculus
Q04638-316,Saccharomyces cerevisiae
Q03555-212,Rattus norvegicus
D3YXN7-147,Mus musculus
P56199-756,Homo sapiens
Q10651-135,Caenorhabditis elegans
Q62918-555,Rattus norvegicus
Q94BQ3-458,Arabidopsis thaliana
P53395-333,Mus musculus
P20662-724,Mus musculus
P17917-148,Drosophila melanogaster
P09528-103,Mus musculus
Q9UJJ7-75,Homo sapiens
Q9JJL3-609,Mus musculus
Q921I1-655,Mus musculus
Q43727-157,Arabidopsis thaliana
Q92901-253,Homo sapiens
Q3TJZ6-46,Mus musculus
P42702-341,Homo sapiens
Q0DBW8-126,Oryza sativa subsp. japonica
O46392-1272,Canis lupus familiaris
Q8BH00-398,Mus musculus
Q8BH24-64,Mus musculus
Q8VIG1-276,Mus musculus
Q9QXZ6-575,Mus musculus
P50247-266,Mus musculus
Q4KWH8-1669,Homo sapiens
Q3UZR5-872,Mus musculus
R4GNG9-28,Homo sapiens
Q3TNA1-248,Mus musculus
Q3UM89-88,Mus musculus
P05023-518,Homo sapiens
P21333-1260,Homo sapiens
P98164-3630,Homo sapiens
O15072-904,Homo sapiens
Q99LC5-155,Mus musculus
Q14644-453,Homo sapiens
Q9Z0E0-113,Mus musculus
Q9QYP2-1044,Rattus norvegicus
H2KYQ5-377,Caenorhabditis elegans
Q8BVA5-185,Mus musculus
Q9Y3L5-140,Homo sapiens
Q9BYW2-1680,Homo sapiens
Q9BU23-659,Homo sapiens
E9PVZ8-3176,Mus musculus
P83972-139,Drosophila melanogaster
P17987-147,Homo sapiens
Q91ZP3-877,Mus musculus
Q8K3K7-248,Mus musculus
Q6TCG2-234,Mus musculus
Q96RT1-32,Homo sapiens
Q550K8-143,Dictyostelium discoideum
P13726-277,Homo sapiens
Q6P9S7-365,Mus musculus
Q568V3-104,Danio rerio
Q96EP0-722,Homo sapiens
Q8R000-299,Mus musculus
Q80UG2-822,Mus musculus
P97872-31,Mus musculus
Q8IUW5-88,Homo sapiens
Q9C8H3-426,Arabidopsis thaliana
Q54JM2-311,Dictyostelium discoideum
Q9H2A2-128,Homo sapiens
Q8K0W3-239,Mus musculus
F8VS14-34,Homo sapiens
Q8BIJ6-819,Mus musculus
Q96G75-338,Homo sapiens
Q99JY4-216,Mus musculus
Q8SQB8-41,Bos taurus
Q8S8Y8-218,Arabidopsis thaliana
Q5U4D8-575,Mus musculus
Q99LJ5-38,Mus musculus
P50431-329,Mus musculus
P35802-246,Mus musculus
Q6AY06-152,Rattus norvegicus
Q9TV36-1296,Sus scrofa
P55212-277,Homo sapiens
A8MTY7-76,Homo sapiens
Q13639-124,Homo sapiens
Q8BH00-37,Mus musculus
Q8JZP3-158,Mus musculus
Q9H0B8-175,Homo sapiens
P16331-237,Mus musculus
P53996-123,Mus musculus
Q6DE40-339,Xenopus laevis
P20428-213,Rattus norvegicus
Q10589-20,Homo sapiens
Q29461-243,Bos taurus
O43189-110,Homo sapiens
Q9JIF7-623,Mus musculus
P55067-1199,Rattus norvegicus
P21552-332,Mus musculus
P07306-36,Homo sapiens
Q288N7-41,Bovine enteric calicivirus Newbury agent-1
P57999-642,Oryctolagus cuniculus
Q8K370-922,Mus musculus
C4PZQ3-169,Schistosoma mansoni
P78371-395,Homo sapiens
O08709-47,Mus musculus
P05556-486,Homo sapiens
P19096-779,Mus musculus
Q8VY27-498,Arabidopsis thaliana
Q5BIY5-401,Xenopus laevis
P06734-17,Homo sapiens
Q8BGJ9-163,Mus musculus
Q86T96-518,Homo sapiens
P05201-391,Mus musculus
P50172-241,Mus musculus
P05067-187,Homo sapiens
F6U329-1567,Mus musculus
Q8CIE6-41,Mus musculus
F8VQC7-903,Mus musculus
Q8VC12-95,Mus musculus
O88280-970,Rattus norvegicus
Q3ULD5-267,Mus musculus
P53191-477,Saccharomyces cerevisiae
P63038-442,Mus musculus
Q676U5-153,Homo sapiens
Q2TAP0-141,Homo sapiens
A2AN08-260,Mus musculus
P16769-249,Human cytomegalovirus
B1H278-56,Rattus norvegicus
A2AHJ4-293,Mus musculus
Q61292-928,Mus musculus
Q98UI9-1743,Gallus gallus
Q9EP75-260,Mus musculus
P54096-118,Chicken anemia virus
Q5VTY9-410,Homo sapiens
Q28888-347,Oryctolagus cuniculus
Q91X05-126,Mus musculus
Q96EY1-253,Homo sapiens
P00158-70,Mus musculus
Q3T0N3-97,Bos taurus
P18084-585,Homo sapiens
Q8CIZ8-2168,Mus musculus
P32970-151,Homo sapiens
P39108-308,Saccharomyces cerevisiae
Q9P7R5-238,Schizosaccharomyces pombe
Q80U35-608,Mus musculus
P35564-195,Mus musculus
Q90980-123,Gallus gallus
B2RPY5-282,Mus musculus
Q6NLB1-304,Arabidopsis thaliana
A6NF89-177,Homo sapiens
P07722-531,Rattus norvegicus
O64483-636,Arabidopsis thaliana
P52332-189,Mus musculus
Q91ZE5-55,Mus musculus
Q9Z111-85,Mus musculus
Q8IZV5-272,Homo sapiens
Q6PFD6-322,Mus musculus
Q08351-413,Mus musculus
Q9ERR1-273,Mus musculus
Q3T0S3-187,Bos taurus
D0TZF0-398,Oryza sativa subsp. japonica
Q2MJR0-396,Homo sapiens
P35500-998,Drosophila melanogaster
P38646-366,Homo sapiens
P92127-501,Giardia intestinalis
A0A5S9MMK5-10,Caenorhabditis elegans
Q9JK38-45,Mus musculus
P16581-304,Homo sapiens
Q96PB7-65,Homo sapiens
P31695-979,Mus musculus
O35633-421,Mus musculus
Q08682-23,Arabidopsis thaliana
P08686-194,Homo sapiens
P78380-36,Homo sapiens
B0QZP3-145,Mus musculus
Q04833-3819,Caenorhabditis elegans
Q8CHR6-202,Mus musculus
Q5ZKC1-142,Gallus gallus
Q86KC7-174,Dictyostelium discoideum
Q8C145-153,Mus musculus
P13569-1395,Homo sapiens
F6VT60-140,Mus musculus
P08962-146,Homo sapiens
Q3KNM2-33,Mus musculus
Q8BZI0-438,Mus musculus
Q8BH00-247,Mus musculus
P27601-329,Mus musculus
Q921Q7-648,Mus musculus
P32020-224,Mus musculus
Q8C1R3-183,Mus musculus
P32770-361,Saccharomyces cerevisiae
O35375-883,Mus musculus
Q9QYY9-273,Mus musculus
Q86VI4-159,Homo sapiens
O94925-203,Homo sapiens
O88307-1183,Mus musculus
F4IAT2-1027,Arabidopsis thaliana
Q18078-223,Caenorhabditis elegans
Q91V76-154,Mus musculus
O74508-179,Schizosaccharomyces pombe
P23188-198,Mus musculus
P09955-173,Sus scrofa
Q8N2E2-1357,Homo sapiens
Q0V8T4-573,Rattus norvegicus
P51116-270,Homo sapiens
Q8CIE6-580,Mus musculus
A0JMY5-182,Xenopus laevis
P28665-923,Mus musculus
P62829-28,Homo sapiens
Q01628-105,Homo sapiens
Q94177-407,Caenorhabditis elegans
O62680-44,Sus scrofa
Q9WVR8-230,Rattus norvegicus
P0C6X5-1162,Human coronavirus NL63
P17987-76,Homo sapiens
Q8CCN5-554,Mus musculus
B3LGK5-270,Saccharomyces cerevisiae
Q8IYC8-474,Homo sapiens
E9PNW4-88,Homo sapiens
Q80TH2-1214,Mus musculus
P07996-341,Homo sapiens
Q9VI74-317,Drosophila melanogaster
O95999-29,Homo sapiens
Q9V3W6-56,Drosophila melanogaster
Q9H772-97,Homo sapiens
P68593-178,Vaccinia virus)
P42892-58,Homo sapiens
O95867-25,Homo sapiens
Q922D8-863,Mus musculus
Q91VD9-554,Mus musculus
Q9JJX6-261,Mus musculus
Q8BVZ1-284,Mus musculus
Q91ZX7-1887,Mus musculus
P52430-284,Mus musculus
O08715-80,Mus musculus
P07490-63,Rattus norvegicus
O88986-346,Mus musculus
Q8B6J7-170,Rabies virus
Q91X34-372,Mus musculus
Q9WV31-94,Mus musculus
O35633-194,Mus musculus
Q9US53-226,Schizosaccharomyces pombe
Q05785-95,Saccharomyces cerevisiae
Q3TXS7-633,Mus musculus
Q9MAP1-135,Arabidopsis thaliana
Q01484-375,Homo sapiens
Q8RYC8-839,Arabidopsis thaliana
B7ZNY8-18,Mus musculus
Q1ZXI2-524,Dictyostelium discoideum
Q3UG50-150,Mus musculus
P13945-361,Homo sapiens
P63242-129,Mus musculus
A5PJS2-225,Bos taurus
Q9DC69-86,Mus musculus
Q91VI7-308,Mus musculus
O83325-415,Treponema pallidum
Q9NRY6-126,Homo sapiens
Q02156-474,Homo sapiens
G5E902-132,Mus musculus
Q9C0A6-404,Homo sapiens
Q8K2V6-586,Mus musculus
Q75N73-116,Mus musculus
P07724-302,Mus musculus
P30674-16,Murid herpesvirus 1
P12932-237,Cowpox virus
O94832-491,Homo sapiens
Q9W4C5-516,Drosophila melanogaster
Q0VCW4-62,Bos taurus
Q9WUB3-581,Mus musculus
Q9LJU0-451,Arabidopsis thaliana
P02699-140,Bos taurus
P49429-37,Mus musculus
O42164-7,Gallus gallus
Q66HB3-522,Rattus norvegicus
Q9DBW0-483,Mus musculus
Q8W4A7-505,Arabidopsis thaliana
Q8CBC8-405,Mus musculus
P41216-242,Mus musculus
P22735-53,Homo sapiens
P06775-603,Saccharomyces cerevisiae
Q9SFW8-324,Arabidopsis thaliana
Q10743-608,Rattus norvegicus
Q00174-460,Drosophila melanogaster
F6TWM7-112,Mus musculus
P36124-145,Saccharomyces cerevisiae
Q3TFQ1-54,Mus musculus
A2ASZ8-225,Mus musculus
Q6PCJ9-170,Xenopus laevis
E9Q401-3204,Mus musculus
Q5HZ97-52,Xenopus laevis
Q8IWY4-173,Homo sapiens
Q9Y3R5-451,Homo sapiens
P15800-555,Rattus norvegicus
M0R3Q7-522,Rattus norvegicus
Q8BH86-97,Mus musculus
P46735-509,Mus musculus
Q6UWF7-251,Homo sapiens
P51174-342,Mus musculus
P16070-77,Homo sapiens
O46600-108,Bos taurus
Q17RS7-853,Homo sapiens
F7B227-36,Mus musculus
Q9EQC1-279,Mus musculus
Q80TZ3-455,Mus musculus
Q8C196-1337,Mus musculus
O55225-806,Mus musculus
Q9CRD0-42,Mus musculus
Q13137-425,Homo sapiens
P17751-117,Mus musculus
P50405-321,Mus musculus
Q9TU47-11,Bos taurus
Q99088-362,Xenopus laevis
Q9ER30-46,Rattus norvegicus
A1L1J6-417,Rattus norvegicus
Q54R65-4,Dictyostelium discoideum
Q6PZE0-849,Mus musculus
B9VTT2-1067,Canis lupus familiaris
O54749-447,Mus musculus
P18581-454,Mus musculus
Q96RT1-16,Homo sapiens
P16615-349,Homo sapiens
O35516-772,Mus musculus
Q6NS65-309,Mus musculus
Q6PIC6-695,Mus musculus
Q8VCH0-218,Mus musculus
Q8VCX1-147,Mus musculus
P0CB22-632,Arabidopsis thaliana
Q91VR5-406,Mus musculus
Q7Z5Y6-341,Homo sapiens
Q8IYC8-485,Homo sapiens
Q3ZCQ8-249,Homo sapiens
P70310-377,Mus musculus
P0C6W9-4622,Bovine coronavirus
Q8BP48-193,Mus musculus
P52592-305,Mus musculus
Q9SWH5-282,Arabidopsis thaliana
Q3TL26-148,Mus musculus
Q6INS5-50,Xenopus laevis
O15118-1128,Homo sapiens
P60900-47,Homo sapiens
P82763-56,Arabidopsis thaliana
F8WGB3-36,Mus musculus
Q05421-174,Mus musculus
Q791V5-49,Mus musculus
P80316-493,Mus musculus
Q5PXE9-134,Rattus norvegicus
A2AQZ5-49,Mus musculus
Q9VGK7-100,Drosophila melanogaster
A7MBC2-574,Bos taurus
P0C9J0-206,African swine fever virus
Q61510-555,Mus musculus
Q75EN3-490,Eremothecium gossypii
P52480-49,Mus musculus
E0CXZ9-263,Mus musculus
P04083-263,Homo sapiens
G5E8R3-739,Mus musculus
O08628-185,Rattus norvegicus
P04937-518,Rattus norvegicus
Q9SJ22-84,Arabidopsis thaliana
Q9WU60-761,Mus musculus
P58751-486,Rattus norvegicus
O35490-217,Mus musculus
P18753-682,Xenopus laevis
P31230-159,Mus musculus
E9PXC3-53,Mus musculus
Q13643-191,Homo sapiens
P22092-581,Influenza B virus
P11716-3193,Oryctolagus cuniculus
Q7Z202-263,Dictyostelium discoideum
Q9GZS3-266,Homo sapiens
Q75N73-128,Mus musculus
Q60864-26,Mus musculus
P09733-377,Saccharomyces cerevisiae
Q9Y4X5-372,Homo sapiens
Q9Z2V4-307,Mus musculus
Q6PDG5-635,Mus musculus
O97831-832,Bos taurus
P60412-120,Homo sapiens
P0C8K7-34,Mus musculus
O89000-52,Rattus norvegicus
Q06732-647,Homo sapiens
Q86W47-193,Homo sapiens
P04631-85,Rattus norvegicus
G3X973-1483,Mus musculus
P25444-229,Mus musculus
E0CYZ3-1156,Mus musculus
A1ZA47-2140,Drosophila melanogaster
Q940K0-528,Arabidopsis thaliana
Q9C5D6-388,Arabidopsis thaliana
Q91W98-271,Mus musculus
Q99J27-497,Mus musculus
Q9VFX1-51,Drosophila melanogaster
Q54BK0-756,Dictyostelium discoideum
O13764-409,Schizosaccharomyces pombe
Q80T14-427,Mus musculus
D3YY91-413,Mus musculus
Q4U9I8-880,Theileria annulata
P13503-373,Saccharomyces paradoxus
Q0IIX9-389,Xenopus tropicalis
Q64541-923,Rattus norvegicus
D6REF3-97,Mus musculus
Q6NZJ6-666,Mus musculus
Q69ZF8-62,Mus musculus
O19045-95,Oryctolagus cuniculus
P70414-415,Mus musculus
P21552-304,Mus musculus
P15105-183,Mus musculus
P34576-76,Caenorhabditis elegans
P34436-145,Caenorhabditis elegans
Q8BX65-233,Mus musculus
Q8VCR7-138,Mus musculus
Q9DC26-50,Mus musculus
Q9NQC3-1101,Homo sapiens
P98999-97,Xenopus laevis
Q9VNH6-520,Drosophila melanogaster
P78310-260,Homo sapiens
Q9IBG7-873,Xenopus laevis
F7C0F2-87,Mus musculus
Q54LY1-893,Dictyostelium discoideum
Q9D172-151,Mus musculus
Q24488-280,Drosophila melanogaster
O13713-264,Schizosaccharomyces pombe
A8MRC8-78,Arabidopsis thaliana
P25348-120,Saccharomyces cerevisiae
P11716-1040,Oryctolagus cuniculus
P11725-27,Mus musculus
Q8R086-300,Mus musculus
Q9FNR3-225,Arabidopsis thaliana
Q5GH67-523,Mus musculus
Q14344-236,Homo sapiens
P24062-205,Rattus norvegicus
Q17RS7-287,Homo sapiens
E9Q1S3-85,Mus musculus
P07202-742,Homo sapiens
Q8NG35-74,Homo sapiens
B3LTC5-141,Saccharomyces cerevisiae
Q9BWD1-88,Homo sapiens
Q61555-1119,Mus musculus
O35914-26,Mus musculus
Q9EQT3-206,Mus musculus
Q80VM9-258,Mus musculus
P54868-96,Homo sapiens
Q5AP97-581,Candida albicans
Q9JJY3-395,Mus musculus
Q61129-64,Mus musculus
P05362-457,Homo sapiens
Q9NZL4-22,Homo sapiens
F6RSH1-373,Mus musculus
P68254-94,Mus musculus
P30050-17,Homo sapiens
A6ZZS6-110,Saccharomyces cerevisiae
F4JYG0-352,Arabidopsis thaliana
P50243-226,Bos taurus
Q9H6X2-481,Homo sapiens
P41990-270,Caenorhabditis elegans
O35393-308,Mus musculus
Q8R4B8-955,Mus musculus
P05556-630,Homo sapiens
Q2PZI1-134,Homo sapiens
Q5DU28-1045,Mus musculus
P98167-2021,Bos taurus
Q9CZ42-78,Mus musculus
P50516-240,Mus musculus
P39102-365,Saccharomyces cerevisiae
P30999-533,Mus musculus
O88703-63,Mus musculus
O65312-493,Arabidopsis thaliana
P48320-418,Mus musculus
Q86WA9-25,Homo sapiens
P26710-252,African swine fever virus
Q09931-622,Caenorhabditis elegans
Q9QZ41-550,Mus musculus
P23748-337,Saccharomyces cerevisiae
P52746-374,Homo sapiens
P63244-286,Homo sapiens
Q9HCJ6-140,Homo sapiens
Q8N357-70,Homo sapiens
Q8BLN5-472,Mus musculus
Q96F81-874,Homo sapiens
Q6PDX6-530,Mus musculus
Q9H3Z4-119,Homo sapiens
O35453-159,Mus musculus
Q16627-35,Homo sapiens
P21333-1997,Homo sapiens
Q02790-342,Homo sapiens
O49325-70,Arabidopsis thaliana
O35423-293,Mus musculus
Q68D91-176,Homo sapiens
O08573-138,Mus musculus
P28700-160,Mus musculus
A6BM72-54,Homo sapiens
Q9UPN3-3809,Homo sapiens
Q8K0Z7-231,Mus musculus
Q9M364-591,Arabidopsis thaliana
F5H5A3-520,Homo sapiens
Q8IXK2-458,Homo sapiens
P42932-36,Mus musculus
Q6ZMY6-279,Homo sapiens
P78504-212,Homo sapiens
Q62007-188,Mus musculus
Q91VI7-194,Mus musculus
Q71RI9-338,Mus musculus
Q8K441-561,Mus musculus
Q9CXT8-389,Mus musculus
Q5HZN7-81,Xenopus laevis
Q69IM9-573,Oryza sativa subsp. japonica
Q5T4S7-4642,Homo sapiens
Q03555-4-284,Rattus norvegicus
Q96NR3-140,Homo sapiens
P21333-2582,Homo sapiens
Q9QZI8-81,Mus musculus
P90884-3,Caenorhabditis elegans
P62937-62,Homo sapiens
P12268-468,Homo sapiens
Q3UQ44-246,Mus musculus
P04731-34,Homo sapiens
Q9CQ60-236,Mus musculus
Q6ZWV3-49,Mus musculus
Q9NXR1-274,Homo sapiens
B2GUZ1-800,Rattus norvegicus
P33726-36,Canis lupus familiaris
Q6P2Q9-2216,Homo sapiens
Q9H1C7-79,Homo sapiens
Q14623-28,Homo sapiens
P40925-137,Homo sapiens
Q91Y97-269,Mus musculus
P05064-290,Mus musculus
P25444-182,Mus musculus
B0YIW6-50,Homo sapiens
Q0VCS6-161,Bos taurus
Q5DT37-221,Rattus norvegicus
Q8NC54-237,Homo sapiens
Q7M759-120,Mus musculus
G5E8H9-276,Mus musculus
O14234-1465,Schizosaccharomyces pombe
Q01279-219,Mus musculus
Q9NRY6-214,Homo sapiens
P54657-44,Dictyostelium discoideum
Q91X83-57,Mus musculus
Q9R0N7-38,Mus musculus
P11717-731,Homo sapiens
P52446-308,Human herpesvirus 6B
Q61205-206,Mus musculus
Q9UKF2-661,Homo sapiens
O00299-191,Homo sapiens
Q6Z256-282,Oryza sativa subsp. japonica
E5RK87-232,Homo sapiens
Q09244-27,Caenorhabditis elegans
O35488-320,Mus musculus
P02786-67,Homo sapiens
P13871-698,Influenza B virus
A8MXZ3-128,Homo sapiens
O88844-245,Mus musculus
Q9CPV9-276,Mus musculus
O00220-188,Homo sapiens
P21555-337,Rattus norvegicus
Q3USZ8-364,Mus musculus
P11716-2237,Oryctolagus cuniculus
Q8BMS1-470,Mus musculus
Q8B0H0-1291,Vesicular stomatitis Indiana virus
B4IAQ8-434,Drosophila sechellia
A2AVR2-1226,Mus musculus
Q80T85-669,Mus musculus
P47746-432,Mus musculus
Q86484-269,Rotavirus C
Q9LXG8-230,Arabidopsis thaliana
P93025-197,Arabidopsis thaliana
O36430-483,Influenza B virus
O43829-145,Homo sapiens
D3YTT4-349,Mus musculus
Q6IRR0-569,Xenopus laevis
Q8C088-371,Mus musculus
O88277-3992,Rattus norvegicus
P59268-161,Mus musculus
Q8R480-51,Mus musculus
E9QMN8-275,Mus musculus
O88871-264,Rattus norvegicus
P27105-30,Homo sapiens
Q9DCD0-402,Mus musculus
Q75EB9-5,Eremothecium gossypii
P63030-83,Mus musculus
Q8NGP4-307,Homo sapiens
Q5SUV2-931,Mus musculus
Q80T14-378,Mus musculus
Q2TGJ1-209,Rattus norvegicus
H3BJG8-18,Mus musculus
Q8BVP5-111,Mus musculus
Q15326-585,Homo sapiens
P58710-354,Mus musculus
O55125-138,Mus musculus
Q9R049-352,Mus musculus
Q04833-4027,Caenorhabditis elegans
P53702-70,Mus musculus
Q5TJG6-152,Canis lupus familiaris
Q8BM55-529,Mus musculus
G5E8B9-799,Mus musculus
G3UW78-354,Mus musculus
Q6PGH0-122,Mus musculus
Q16549-646,Homo sapiens
Q64458-372,Mus musculus
Q91YP0-377,Mus musculus
Q5M870-212,Rattus norvegicus
Q9Z2Y0-85,Rattus norvegicus
O88736-106,Mus musculus
Q6DDX8-158,Xenopus laevis
P15777-532,Bovine coronavirus
O13584-100,Saccharomyces cerevisiae
Q96MT1-401,Homo sapiens
P36149-80,Saccharomyces cerevisiae
Q8C4G9-326,Mus musculus
Q61923-482,Mus musculus
Q10412-57,Schizosaccharomyces pombe
Q5SXR6-782,Mus musculus
Q8VYP5-157,Arabidopsis thaliana
Q9BXT5-104,Homo sapiens
O09172-72,Mus musculus
Q9R0P3-206,Mus musculus
P19096-135,Mus musculus
Q969W1-204,Homo sapiens
Q99K67-342,Mus musculus
Q8VZF1-254,Arabidopsis thaliana
O35488-133,Mus musculus
D3ZTE0-60,Rattus norvegicus
P33433-137,Bos taurus
Q08211-773,Homo sapiens
P13945-153,Homo sapiens
Q5Z5B7-165,Oryza sativa subsp. japonica
P51805-647,Homo sapiens
Q852Q1-428,Oryza sativa subsp. japonica
P15120-379,Gallus gallus
Q8BGE7-469,Mus musculus
Q9EPN1-228,Mus musculus
O81301-349,Arabidopsis thaliana
Q9H159-479,Homo sapiens
Q3V0B4-1340,Mus musculus
Q0P5H7-3,Bos taurus
D3YX25-51,Mus musculus
B3DMA2-520,Rattus norvegicus
Q8VCW8-467,Mus musculus
A0A7H0DN66-135,Monkeypox virus
A6H5Z3-753,Mus musculus
Q23985-577,Drosophila melanogaster
Q7TNG8-295,Mus musculus
Q07954-2800,Homo sapiens
Q8R0W0-413,Mus musculus
Q03555-4-26,Rattus norvegicus
Q9NUC0-150,Homo sapiens
Q6XTK0-116,Influenza A virus
P23125-16,Murine adenovirus A serotype 1
Q91YT8-303,Mus musculus
O54828-585,Mus musculus
Q3SWW8-719,Bos taurus
G3UY72-68,Mus musculus
Q8BMS1-747,Mus musculus
P15121-200,Homo sapiens
Q8R3N6-140,Mus musculus
Q23490-58,Caenorhabditis elegans
Q00519-457,Mus musculus
Q9ULJ3-770,Homo sapiens
O54908-141,Mus musculus
Q8BH95-225,Mus musculus
Q9M658-1287,Arabidopsis thaliana
O88962-350,Mus musculus
Q8JZQ2-401,Mus musculus
P62855-74,Mus musculus
Q8CDJ8-597,Mus musculus
Q9NRY6-158,Homo sapiens
Q86AV9-257,Dictyostelium discoideum
Q9R1V7-193,Mus musculus
Q9DCM0-98,Mus musculus
Q6DNS6-610,Influenza A virus
O08629-652,Rattus norvegicus
Q9BX84-52,Homo sapiens
P55072-691,Homo sapiens
P59215-287,Rattus norvegicus
Q6ZR08-2570,Homo sapiens
Q9WVL4-207,Mus musculus
P40483-235,Saccharomyces cerevisiae
Q86W92-35,Homo sapiens
Q9USZ0-183,Schizosaccharomyces pombe
Q62918-329,Rattus norvegicus
Q8BGY2-38,Mus musculus
P27708-1636,Homo sapiens
O83610-368,Treponema pallidum
Q9QYG0-78,Mus musculus
Q922B1-302,Mus musculus
Q2HR67-158,Human herpesvirus 8 type P
P04075-73,Homo sapiens
P20842-4,Vaccinia virus
Q6P6M5-59,Mus musculus
Q9Y6M5-132,Homo sapiens
Q9D0T1-30,Mus musculus
P70404-333,Mus musculus
Q9ET30-64,Mus musculus
Q8WXR4-1261,Homo sapiens
Q9S9M2-325,Arabidopsis thaliana
Q8BU25-85,Mus musculus
Q7Z4W2-49,Homo sapiens
Q9Z2W0-411,Mus musculus
O60281-261,Homo sapiens
Q8CD54-1299,Mus musculus
Q90Y54-726,Danio rerio
Q54WH7-401,Dictyostelium discoideum
P70694-98,Mus musculus
P19096-1354,Mus musculus
O73682-170,Danio rerio
P00329-175,Mus musculus
Q09630-498,Caenorhabditis elegans
Q6P2L6-755,Mus musculus
O91083-37,Human immunodeficiency virus type 1 group N
Q8BJU2-148,Mus musculus
Q91W86-460,Mus musculus
D3YVF0-36,Mus musculus
P25391-301,Homo sapiens
P53395-279,Mus musculus
O15016-605,Homo sapiens
A3BXL8-1374,Oryza sativa subsp. japonica
A2AAX3-225,Mus musculus
P58107-2225,Homo sapiens
E9QN92-206,Mus musculus
P34927-138,Mus musculus
Q5SML4-29,Oryza sativa subsp. japonica
P10605-93,Mus musculus
P46694-2,Mus musculus
Q96A29-97,Homo sapiens
Q01453-85,Homo sapiens
Q9UHC6-991,Homo sapiens
Q9BR39-328,Homo sapiens
Q9JHU9-485,Mus musculus
P61750-62,Mus musculus
Q1EG27-193,Mus musculus
Q03602-148,Caenorhabditis elegans
P35440-421,Gallus gallus
P89475-266,Human herpesvirus 2
Q8W4H7-152,Arabidopsis thaliana
A6QQ07-362,Bos taurus
Q9ET01-496,Mus musculus
P0C8K5-1175,African swine fever virus
Q6SWN0-108,Human cytomegalovirus
Q7M732-991,Mus musculus
Q9Y487-247,Homo sapiens
O70228-24,Mus musculus
P53804-422,Homo sapiens
Q9D710-186,Mus musculus
P46531-1030,Homo sapiens
A6H8H5-171,Mus musculus
A8C8X0-693,Influenza A virus
Q8N6F7-43,Homo sapiens
Q90240-1330,Anas platyrhynchos
Q6B9Z1-108,Homo sapiens
Q9LU91-412,Arabidopsis thaliana
P08032-473,Mus musculus
Q9DBT9-52,Mus musculus
Q75BI3-492,Eremothecium gossypii
P54071-154,Mus musculus
Q8N6S5-48,Homo sapiens
Q3EDA9-5,Arabidopsis thaliana
Q4G1C9-223,Homo sapiens
Q99LB7-218,Mus musculus
P70398-1340,Mus musculus
P34914-312,Mus musculus
Q91XD4-419,Mus musculus
G3X9K3-1145,Mus musculus
O43665-66,Homo sapiens
Q7TPR4-154,Mus musculus
B2C3G8-279,Mus musculus
P07522-933,Rattus norvegicus
P97428-97,Mus musculus
Q60936-617,Mus musculus
Q9Z0D9-317,Mus musculus
Q5ND28-484,Mus musculus
P11714-164,Mus musculus
Q68FM6-360,Mus musculus
Q921I1-583,Mus musculus
O55222-346,Mus musculus
A0A024RE22-46,Homo sapiens
Q8VDN2-249,Mus musculus
Q96P20-130,Homo sapiens
K7ER00-533,Homo sapiens
Q68SP4-5,Danio rerio
P07724-416,Mus musculus
Q91VS7-50,Mus musculus
B7ECS8-225,Oryza sativa subsp. japonica
Q9QZI9-72,Mus musculus
Q6NSR8-284,Mus musculus
Q91V76-140,Mus musculus
P49757-165,Homo sapiens
B9QMJ0-590,Toxoplasma gondii
O42044-191,Rotavirus A
Q02156-276,Homo sapiens
A0JNQ7-44,Bos taurus
P38060-307,Mus musculus
Q9ERI6-124,Mus musculus
Q8BG51-535,Mus musculus
Q9UMX2-38,Homo sapiens
Q07076-338,Mus musculus
Q9SAF0-546,Arabidopsis thaliana
D3ZHH1-240,Rattus norvegicus
Q8C1C1-464,Mus musculus
Q9LXF4-187,Arabidopsis thaliana
Q8HWS3-727,Homo sapiens
Q9VB25-902,Drosophila melanogaster
G5EDW2-497,Caenorhabditis elegans
Q9S746-520,Arabidopsis thaliana
Q8VCB3-81,Mus musculus
P30999-579,Mus musculus
P07228-538,Gallus gallus
Q6AXX9-231,Rattus norvegicus
Q16518-106,Homo sapiens
P19096-1441,Mus musculus
Q8QZR1-320,Mus musculus
P51158-218,Rattus norvegicus
F4IL05-25,Arabidopsis thaliana
Q9IAB2-511,Xenopus laevis
P01868-138,Mus musculus
Q9HBG6-436,Homo sapiens
Q91WU5-251,Mus musculus
Q7Z7M1-793,Homo sapiens
O88569-50,Mus musculus
Q9UKG9-458,Homo sapiens
P16070-676,Homo sapiens
Q54C31-545,Dictyostelium discoideum
Q96JM2-2305,Homo sapiens
Q9SLN5-29,Arabidopsis thaliana
J3QNX5-82,Mus musculus
P0C9Y3-51,African swine fever virus
P14679-500,Homo sapiens
Q9VZZ4-574,Drosophila melanogaster
Q9CR57-54,Mus musculus
Q9YLJ1-920,Echovirus 5
G5EGF8-144,Caenorhabditis elegans
P0C6Y3-6347,Avian infectious bronchitis virus
Q9W0Y8-324,Drosophila melanogaster
Q6UX41-434,Homo sapiens
Q9D2P8-65,Mus musculus
Q12368-82,Saccharomyces cerevisiae
Q923X4-61,Mus musculus
E9PBS1-295,Homo sapiens
Q9H6Y7-256,Homo sapiens
Q99L04-130,Mus musculus
P26121-692,Influenza A virus
Q6IP59-405,Xenopus laevis
O75093-1136,Homo sapiens
P40763-687,Homo sapiens
A4GBY0-290,Influenza A virus
Q5E9A7-325,Bos taurus
P70496-240,Rattus norvegicus
P00511-351,Oryctolagus cuniculus
Q7PC69-504,Oryza sativa subsp. japonica
A1Z7A6-442,Drosophila melanogaster
Q8K0W3-251,Mus musculus
P52825-639,Mus musculus
Q7JKC3-279,Caenorhabditis elegans
P80318-173,Mus musculus
Q70E20-520,Mus musculus
Q9DCK3-190,Mus musculus
O13731-1436,Schizosaccharomyces pombe
P38952-64,Xenopus laevis
Q8BG16-642,Mus musculus
Q9DCW4-42,Mus musculus
Q6IVU5-61,Junin mammarenavirus
Q9HCF6-89,Homo sapiens
Q7Z698-342,Homo sapiens
Q9QXF8-186,Mus musculus
Q9Z129-471,Mus musculus
Q7RTV5-108,Homo sapiens
A2AF47-409,Mus musculus
Q3UTY6-975,Mus musculus
Q9UTT2-1162,Schizosaccharomyces pombe
Q9LVJ3-538,Arabidopsis thaliana
Q9WUA5-328,Mus musculus
Q9BTC8-403,Homo sapiens
Q63155-7,Rattus norvegicus
O60524-1000,Homo sapiens
O61370-355,Drosophila ananassae
Q9CQB5-92,Mus musculus
P56528-16,Mus musculus
Q80Y14-63,Mus musculus
P20918-257,Mus musculus
Q86V15-625,Homo sapiens
Q8CJ70-128,Mus musculus
Q8BJ52-109,Mus musculus
Q5T3F8-126,Homo sapiens
P34374-1170,Caenorhabditis elegans
Q6UY62-65,Sabia mammarenavirus
O88844-363,Mus musculus
X6R8D5-2,Homo sapiens
P27701-2-226,Homo sapiens
Q922B2-267,Mus musculus
P35740-172,Newcastle disease virus
Q8VC19-265,Mus musculus
Q8TF72-413,Homo sapiens
P07300-200,Murine minute virus
Q3SWT0-142,Rattus norvegicus
P82778-27,Arabidopsis thaliana
Q23541-1444,Caenorhabditis elegans
Q06432-57,Homo sapiens
O75592-4610,Homo sapiens
Q9CZX7-107,Mus musculus
Q5YD48-56,Mus musculus
Q60597-566,Mus musculus
O00168-62,Homo sapiens
G3X973-2321,Mus musculus
A0A7H0DN11-217,Monkeypox virus
P0C9H9-56,African swine fever virus
Q63366-231,Rattus norvegicus
B0S5D5-121,Danio rerio
O35516-541,Mus musculus
P0C9Q0-244,African swine fever virus
Q9UQB3-795,Homo sapiens
Q9JHU6-22,Rattus norvegicus
Q9UBG0-1369,Homo sapiens
Q80UB0-178,Mus musculus
Q8NEX5-72,Homo sapiens
P62814-207,Mus musculus
Q3ZCF6-33,Bos taurus
P08113-576,Mus musculus
Q9Z0R8-538,Rattus norvegicus
P17563-31,Mus musculus
O88851-127,Mus musculus
P11413-232,Homo sapiens
Q02004-612,Dugbe virus
Q6NXZ1-576,Mus musculus
Q9Z2I9-430,Mus musculus
O80612-367,Arabidopsis thaliana
O00744-364,Homo sapiens
Q8NCQ7-68,Homo sapiens
Q9QXF8-247,Mus musculus
P48509-79,Homo sapiens
Q6BET5-189,Caenorhabditis elegans
D3Z8N4-9,Rattus norvegicus
O14672-632,Homo sapiens
Q8C196-920,Mus musculus
P12791-445,Mus musculus
P00329-47,Mus musculus
Q9ERQ6-404,Rattus norvegicus
Q32LB3-276,Bos taurus
P55072-522,Homo sapiens
Q9H3Z4-131,Homo sapiens
E9PIN3-571,Homo sapiens
Q3ECY6-359,Arabidopsis thaliana
Q55E31-258,Dictyostelium discoideum
Q99NF1-111,Mus musculus
O88455-376,Mus musculus
Q9PTP2-59,Xenopus laevis
Q91Y97-202,Mus musculus
D3Z8X7-845,Rattus norvegicus
Q92126-979,Xenopus laevis
Q00174-571,Drosophila melanogaster
O95477-1110,Homo sapiens
Q9NR30-445,Homo sapiens
Q9Y5I2-739,Homo sapiens
Q80YC5-161,Mus musculus
Q9UQD0-339,Homo sapiens
Q9UBP0-220,Homo sapiens
P40936-116,Mus musculus
Q6ZMV9-225,Homo sapiens
P08122-1653,Mus musculus
Q62768-744,Rattus norvegicus
P11456-246,Bos taurus
Q9SCQ6-144,Arabidopsis thaliana
P08290-54,Rattus norvegicus
P15974-12,Mus musculus
Q39068-372,Arabidopsis thaliana
Q01954-56,Homo sapiens
P41091-269,Homo sapiens
Q9QXE0-264,Mus musculus
P19096-1452,Mus musculus
Q8BU14-55,Mus musculus
Q8BH00-354,Mus musculus
Q8VDD5-91,Mus musculus
P04275-867,Homo sapiens
Q53TS8-1632,Homo sapiens
Q60759-176,Mus musculus
Q77377-383,Human immunodeficiency virus type 1 group O
H3BLL4-76,Mus musculus
Q9ERB5-39,Mus musculus
Q8VE95-100,Mus musculus
Q91W90-373,Mus musculus
F6SSP6-427,Mus musculus
Q99J78-167,Mus musculus
P30050-141,Homo sapiens
P50544-423,Mus musculus
P62631-411,Mus musculus
Q80T03-339,Mus musculus
P31648-493,Mus musculus
Q6K9F6-565,Oryza sativa subsp. japonica
A4D1S5-215,Homo sapiens
Q9SR79-308,Arabidopsis thaliana
Q91ZE0-51,Mus musculus
D3Z291-207,Mus musculus
Q8VHK5-52,Mus musculus
Q9H7H0-347,Homo sapiens
G5ECT0-207,Caenorhabditis elegans
Q6ZQ38-1134,Mus musculus
Q32N48-603,Xenopus laevis
O94466-688,Schizosaccharomyces pombe
P27708-1613,Homo sapiens
Q7ZXL5-484,Xenopus laevis
A0A5S9MMK5-437,Caenorhabditis elegans
E9PWZ3-378,Mus musculus
P02088-94,Mus musculus
Q08273-81,Saccharomyces cerevisiae
P0CT40-957,Schizosaccharomyces pombe
P54868-305,Homo sapiens
Q91X83-121,Mus musculus
Q9PUU6-99,Xenopus laevis
P51681-321,Homo sapiens
P49011-218,Xenopus laevis
O75445-2585,Homo sapiens
Q01484-406,Homo sapiens
Q9VXB3-29,Drosophila melanogaster
H0YN29-19,Homo sapiens
P50645-195,Suid herpesvirus 1)
Q07954-154,Homo sapiens
P24270-425,Mus musculus
P07602-42,Homo sapiens
P59510-1520,Homo sapiens
Q791V5-79,Mus musculus
Q9JLJ2-74,Mus musculus
O74553-323,Schizosaccharomyces pombe
Q9S758-68,Arabidopsis thaliana
P48643-253,Homo sapiens
Q9EP97-564,Mus musculus
P36552-346,Mus musculus
P22423-61,Human papillomavirus 47
Q9WU39-33,Mus musculus
Q9QXX4-378,Mus musculus
P19697-487,Influenza A virus
P80313-511,Mus musculus
Q91VI7-404,Mus musculus
P53494-376,Arabidopsis thaliana
P30999-692,Mus musculus
P24860-389,Mus musculus
Q96P71-3,Homo sapiens
Q80UU9-75,Mus musculus
P13051-141,Homo sapiens
A6ZRD1-210,Saccharomyces cerevisiae
O70585-258,Mus musculus
Q9FKS0-269,Arabidopsis thaliana
O15551-106,Homo sapiens
Q91VI7-318,Mus musculus
Q9SD58-154,Arabidopsis thaliana
A2A8L5-298,Mus musculus
P09733-201,Saccharomyces cerevisiae
Q8N4C6-807,Homo sapiens
Q80X90-2115,Mus musculus
P99025-62,Mus musculus
O04138-175,Oryza sativa subsp. japonica
O35927-898,Mus musculus
Q8QZY6-187,Mus musculus
Q9R0H0-199,Mus musculus
Q32KJ6-509,Rattus norvegicus
O08756-58,Mus musculus
P42948-178,Saccharomyces cerevisiae
Q01279-337,Mus musculus
Q9JMH7-130,Mus musculus
Q96PD2-449,Homo sapiens
P48318-513,Mus musculus
Q70VB1-565,Rattus norvegicus
Q91ZJ5-181,Mus musculus
P09411-50,Mus musculus
P47791-80,Mus musculus
E9PUM4-1355,Mus musculus
P02802-33,Mus musculus
Q6ZR08-1774,Homo sapiens
Q5M8S2-3,Mus musculus
O76357-25,Caenorhabditis elegans
Q9Z1B3-220,Mus musculus
Q9JMA7-469,Mus musculus
P39720-718,Saccharomyces cerevisiae
Q99LF4-485,Mus musculus
Q925R7-356,Rattus norvegicus
P32791-379,Saccharomyces cerevisiae
Q5TYX0-458,Homo sapiens
Q55G34-1401,Dictyostelium discoideum
Q925I8-840,Mus musculus
Q9NR48-2628,Homo sapiens
Q9Z2V4-75,Mus musculus
Q3UMW8-214,Mus musculus
Q80IU6-311,Hepatitis B virus genotype E
Q9EST1-37,Mus musculus
Q8QZR1-275,Mus musculus
P21333-205,Homo sapiens
Q00013-242,Homo sapiens
O88728-86,Mus musculus
Q54C32-757,Dictyostelium discoideum
Q99MR8-591,Mus musculus
P51660-189,Mus musculus
Q9ESX2-6,Mus musculus
P0C8Y0-327,Arabidopsis thaliana
D3YW54-49,Mus musculus
Q3SYS4-58,Bos taurus
P19096-2017,Mus musculus
Q9ZQ74-223,Arabidopsis thaliana
Q99K67-87,Mus musculus
Q86VF2-1133,Homo sapiens
O70252-264,Mus musculus
A8MSA6-54,Arabidopsis thaliana
Q8CG65-1240,Mus musculus
Q9IBG7-1707,Xenopus laevis
Q9DBC7-362,Mus musculus
P32020-495,Mus musculus
P01871-351,Homo sapiens
P97772-578,Mus musculus
Q9Z2A9-2-53,Mus musculus
P35700-83,Mus musculus
Q9LFA2-728,Arabidopsis thaliana
Q8BLN5-701,Mus musculus
P21856-400,Bos taurus
Q12077-76,Saccharomyces cerevisiae
P16330-49,Mus musculus
O19131-149,Bos taurus
Q8C196-600,Mus musculus
O14793-138,Homo sapiens
Q9H5I5-1127,Homo sapiens
Q39250-80,Arabidopsis thaliana
Q9UPM8-922,Homo sapiens
P23785-245,Rattus norvegicus
Q9NZW5-298,Homo sapiens
Q9Z2G6-149,Mus musculus
Q8C196-816,Mus musculus
Q8N1F7-392,Homo sapiens
Q8LPK0-179,Arabidopsis thaliana
Q55FT1-947,Dictyostelium discoideum
Q5SXR6-922,Mus musculus
O08914-121,Mus musculus
G5E8H9-37,Mus musculus
Q8BW75-365,Mus musculus
P07237-312,Homo sapiens
P97821-330,Mus musculus
P13563-570,Xenopus laevis
P39087-858,Mus musculus
Q41220-76,Arabidopsis thaliana
Q96HS1-168,Homo sapiens
P13569-524,Homo sapiens
F4IH21-132,Arabidopsis thaliana
P62908-97,Mus musculus
P60413-125,Homo sapiens
Q9WTS4-711,Mus musculus
O08576-420,Mus musculus
Q7TSK2-810,Mus musculus
Q9TV36-94,Sus scrofa
Q3UV70-27,Mus musculus
Q9DCJ5-66,Mus musculus
Q99JP7-102,Mus musculus
Q61153-95,Mus musculus
P07724-148,Mus musculus
Q9DDC9-328,Gallus gallus
Q15366-158,Homo sapiens
Q8BGY6-21,Mus musculus
Q759K4-259,Eremothecium gossypii
E9Q8J6-97,Mus musculus
Q9Y2I2-422,Homo sapiens
P0C763-141,Epstein-Barr virus
Q94494-559,Dictyostelium discoideum
Q969X5-273,Homo sapiens
Q21455-463,Caenorhabditis elegans
P97328-47,Mus musculus
Q9UL26-194,Homo sapiens
Q6ZWV3-105,Mus musculus
P80315-252,Mus musculus
Q687Y7-97,Bos taurus
O70421-111,Mus musculus
Q9JI18-3501,Mus musculus
Q9CQC2-105,Mus musculus
P97384-382,Mus musculus
Q8BLI0-1703,Mus musculus
P36552-293,Mus musculus
P14326-221,Dictyostelium discoideum
Q6ZSG1-331,Homo sapiens
P0C6X5-4339,Human coronavirus NL63
O76265-156,Drosophila erecta
B8ZZ34-84,Homo sapiens
P05388-119,Homo sapiens
Q91ZA3-359,Mus musculus
Q54YZ5-1094,Dictyostelium discoideum
Q32PJ3-712,Bos taurus
P38647-608,Mus musculus
Q7ZWF0-68,Danio rerio
Q6J3P1-162,Yellow fever virus
Q29RU9-321,Bos taurus
P0C973-691,African swine fever virus
O54754-160,Mus musculus
P42738-12,Arabidopsis thaliana
Q9DC50-188,Mus musculus
P21333-1723,Homo sapiens
D3Z7P4-105,Mus musculus
D3Z6Q9-205,Mus musculus
Q8CE50-103,Mus musculus
P97501-397,Mus musculus
Q9R0Q7-58,Mus musculus
P0C6Y1-3904,Avian infectious bronchitis virus
P41216-298,Mus musculus
Q3UQ84-608,Mus musculus
D3Z1V4-190,Mus musculus
Q8VDJ3-104,Mus musculus
Q18LD3-211,Elephantid herpesvirus 1
Q8TF66-39,Homo sapiens
P25823-1724,Drosophila melanogaster
P27105-87,Homo sapiens
Q9NV58-135,Homo sapiens
Q91641-179,Xenopus laevis
P07522-955,Rattus norvegicus
Q8BMF5-855,Mus musculus
Q9Z211-85,Mus musculus
O97716-97,Sus scrofa
P36328-2025,Venezuelan equine encephalitis virus
Q61941-936,Mus musculus
C8ZDL9-84,Saccharomyces cerevisiae
Q3U564-176,Mus musculus
Q91Z53-57,Mus musculus
P10518-75,Mus musculus
Q9CPY7-445,Mus musculus
P50247-79,Mus musculus
Q9DBA8-233,Mus musculus
O08914-551,Mus musculus
Q8VCW8-555,Mus musculus
A2AMH3-116,Mus musculus
Q8BFS6-268,Mus musculus
Q8CJ12-209,Mus musculus
Q01705-612,Mus musculus
Q9LT81-290,Arabidopsis thaliana
P13639-693,Homo sapiens
P0DTD1-6186,Severe acute respiratory syndrome coronavirus 2
Q99JY9-235,Mus musculus
P21614-220,Mus musculus
Q8K442-693,Mus musculus
Q9SFX0-3,Arabidopsis thaliana
Q54J73-411,Dictyostelium discoideum
B3LSM6-211,Saccharomyces cerevisiae
Q2V2W8-49,Arabidopsis thaliana
A6BM72-142,Homo sapiens
Q9QXD6-39,Mus musculus
Q7Y1Z0-169,Oryza sativa subsp. japonica
Q8BGR6-37,Mus musculus
P62888-52,Homo sapiens
Q6P2B1-312,Mus musculus
Q8K1T1-274,Mus musculus
Q17330-523,Caenorhabditis elegans
Q64298-86,Rattus norvegicus
P52503-79,Mus musculus
Q9UKJ8-496,Homo sapiens
P34914-521,Mus musculus
Q9D1D4-43,Mus musculus
O08573-258,Mus musculus
O08917-85,Mus musculus
Q8BH00-21,Mus musculus
Q9D051-263,Mus musculus
D3YUM1-229,Mus musculus
P62137-155,Mus musculus
E7F4V8-272,Danio rerio
O95551-273,Homo sapiens
P0C9R0-200,African swine fever virus
Q63886-225,Mus musculus
Q96JJ7-393,Homo sapiens
Q80UJ7-678,Mus musculus
Q54IL5-1677,Dictyostelium discoideum
Q9JKJ9-332,Mus musculus
Q9H1H9-1058,Homo sapiens
Q9FWQ5-669,Arabidopsis thaliana
Q8VHG5-332,Mus musculus
Q6NS59-643,Mus musculus
D3YZZ5-151,Mus musculus
F4IDS7-839,Arabidopsis thaliana
Q9M0G5-587,Arabidopsis thaliana
Q12882-959,Homo sapiens
Q8CIZ8-559,Mus musculus
B2S2F0-129,Treponema pallidum subsp. pallidum
Q5IFP1-6,Canis lupus familiaris
P21783-1452,Xenopus laevis
P43146-1121,Homo sapiens
O14202-131,Schizosaccharomyces pombe
Q8WZ55-56,Homo sapiens
Q60759-115,Mus musculus
P70349-84,Mus musculus
P10599-73,Homo sapiens
Q8I7P9-616,Drosophila melanogaster
P41243-144,Rattus norvegicus
P60335-194,Mus musculus
P49795-44,Homo sapiens
P18871-442,Sus scrofa
F7BWT7-155,Mus musculus
Q21874-752,Caenorhabditis elegans
E0CXK2-1433,Mus musculus
Q9DAY1-164,Mus musculus
F8VX04-288,Homo sapiens
P49327-642,Homo sapiens
O54735-405,Rattus norvegicus
Q09M05-652,Mus musculus
Q8R1B4-617,Mus musculus
Q8R4V2-172,Mus musculus
D3Z519-458,Mus musculus
Q54D44-1166,Dictyostelium discoideum
Q9Z2I8-256,Mus musculus
Q15185-75,Homo sapiens
Q4JL76-155,Oryza sativa subsp. japonica
P34710-321,Caenorhabditis elegans
Q3TXS7-571,Mus musculus
P29699-208,Mus musculus
P19326-11,Lymphocytic choriomeningitis virus
Q8H274-267,Oryza sativa subsp. japonica
Q8K441-1587,Mus musculus
P45447-624,Drosophila melanogaster
Q03468-1212,Homo sapiens
Q9R1M5-1022,Mus musculus
Q9C0C2-631,Homo sapiens
Q99KE8-304,Mus musculus
Q3B8N0-456,Xenopus laevis
Q9IBG7-727,Xenopus laevis
Q0VF58-239,Mus musculus
P62739-376,Bos taurus
Q99K67-305,Mus musculus
O54852-44,Rattus norvegicus
Q80TN5-467,Mus musculus
Q9DCS1-41,Mus musculus
Q7Z5G4-69,Homo sapiens
Q9D662-40,Mus musculus
Q9JHI5-134,Mus musculus
P51655-341,Mus musculus
P56101-113,Tetronarce californica
Q8IZ81-98,Homo sapiens
Q8CIE6-254,Mus musculus
Q15562-348,Homo sapiens
H7C234-79,Homo sapiens
A0A0B5A886-656,SFTS phlebovirus
P84244-111,Mus musculus
Q6NZG4-151,Mus musculus
Q5DQR4-1031,Mus musculus
Q54Y25-25,Dictyostelium discoideum
P53892-264,Saccharomyces cerevisiae
P45844-154,Homo sapiens
Q8VDV0-89,Mus musculus
Q8BVR6-352,Mus musculus
Q3SZD4-232,Bos taurus
A0JMY5-220,Xenopus laevis
P60174-104,Homo sapiens
P54756-147,Homo sapiens
P34465-207,Caenorhabditis elegans
B4HNI3-121,Drosophila sechellia
Q8CHR6-684,Mus musculus
Q68FE8-667,Mus musculus
Q5SSH7-1830,Mus musculus
P27701-226,Homo sapiens
P11717-1408,Homo sapiens
P41739-265,Rattus norvegicus
O35927-932,Mus musculus
Q8S1V1-85,Oryza sativa subsp. japonica
P52825-535,Mus musculus
Q8CG65-2722,Mus musculus
Q55BM0-95,Dictyostelium discoideum
P82630-79,Arabidopsis thaliana
Q4JQV9-151,Varicella-zoster virus
P05064-178,Mus musculus
P20132-49,Homo sapiens
E9Q387-323,Mus musculus
Q7TPR4-41,Mus musculus
Q754J3-366,Eremothecium gossypii
Q80ZK9-534,Mus musculus
Q5BL87-173,Xenopus laevis
Q6DGQ1-5,Danio rerio
Q3BDI7-698,Sus scrofa
Q64337-2-131,Mus musculus
P45880-210,Homo sapiens
P12566-463,Human parainfluenza 3 virus
Q9D8T2-192,Mus musculus
P14151-165,Homo sapiens
Q9DCN2-284,Mus musculus
O70497-258,Mus musculus
A0A7H0DN61-314,Monkeypox virus
P35123-624,Mus musculus
Q99LC5-109,Mus musculus
O88457-541,Rattus norvegicus
Q9ESS6-624,Rattus norvegicus
Q12424-194,Saccharomyces cerevisiae
Q3TD49-226,Mus musculus
O57254-76,Vaccinia virus
P02730-843,Homo sapiens
P47962-62,Mus musculus
Q9CZD3-432,Mus musculus
P55060-853,Homo sapiens
Q9D485-29,Mus musculus
Q80U19-16,Mus musculus
P26769-607,Rattus norvegicus
Q99KG5-208,Mus musculus
P26006-904,Homo sapiens
Q8VBW8-168,Mus musculus
O16242-427,Caenorhabditis elegans
Q55AV3-2319,Dictyostelium discoideum
Q9SA25-266,Arabidopsis thaliana
A8MQX3-45,Arabidopsis thaliana
Q15233-145,Homo sapiens
O08715-143,Mus musculus
P54833-106,Canis lupus familiaris
Q8VDZ4-134,Mus musculus
Q15233-208,Homo sapiens
P08559-181,Homo sapiens
Q9VAZ3-322,Drosophila melanogaster
Q8VCN5-136,Mus musculus
Q9CZ13-380,Mus musculus
Q14766-594,Homo sapiens
P70280-21,Mus musculus
Q99MR8-58,Mus musculus
Q61035-379,Mus musculus
Q9Z110-88,Mus musculus
Q9JMA1-203,Mus musculus
E5KGE0-228,Arabidopsis thaliana
P19218-100,Rattus norvegicus
P14672-223,Homo sapiens
O35728-253,Mus musculus
Q9TYK1-76,Caenorhabditis elegans
P50247-195,Mus musculus
Q99L04-28,Mus musculus
Q921X9-229,Mus musculus
Q8W475-199,Arabidopsis thaliana
Q9D4F2-44,Mus musculus
Q8BXK4-70,Mus musculus
Q96KG7-699,Homo sapiens
P80315-295,Mus musculus
O23006-283,Arabidopsis thaliana
Q8NHM5-1097,Homo sapiens
Q8R0Y6-686,Mus musculus
A6ZKT1-228,Saccharomyces cerevisiae
Q24423-359,Drosophila melanogaster
Q15758-39,Homo sapiens
Q75DC2-43,Eremothecium gossypii
Q761X5-328,Rattus norvegicus
O95744-257,Homo sapiens
Q8QZ72-110,Mayaro virus
A2AAX3-603,Mus musculus
P27932-345,Oryza sativa subsp. japonica
P08754-351,Homo sapiens
P03306-2111,Foot-and-mouth disease virus
D3YTQ6-517,Mus musculus
A0A1L8HJK9-190,Xenopus laevis
Q95216-784,Oryctolagus cuniculus
Q6PF96-525,Mus musculus
Q5DU02-79,Mus musculus
Q95M12-378,Bos taurus
P68961-29,Canine adenovirus serotype 1)
P40095-509,Saccharomyces cerevisiae
P0CAD5-42,African swine fever virus
P62079-80,Homo sapiens
Q60930-104,Mus musculus
A0A1L8HYT7-679,Xenopus laevis
Q9R112-127,Mus musculus
Q3UIW5-245,Mus musculus
Q6GKX7-78,Arabidopsis thaliana
P0C9V1-130,African swine fever virus
Q91ZX7-3022,Mus musculus
H2AM12-745,Bovine Schmallenberg virus
P59648-66,Mus musculus
Q9D103-83,Mus musculus
Q5I2N3-649,Hepatitis C virus genotype 6a
P41091-105,Homo sapiens
Q920L6-210,Rattus norvegicus
Q91ZX7-3626,Mus musculus
P62908-134,Mus musculus
Q9R0P3-243,Mus musculus
Q6DFW4-205,Mus musculus
E0CXK2-1101,Mus musculus
P35070-141,Homo sapiens
Q18610-307,Caenorhabditis elegans
Q80UC6-312,Mus musculus
D3YUM1-178,Mus musculus
Q5XH09-8,Xenopus laevis
P31872-604,Human immunodeficiency virus type 1 group M subtype B
P15783-28,Bos taurus
Q9DCU9-296,Mus musculus
Q9S972-315,Arabidopsis thaliana
A2ARV4-320,Mus musculus
Q8IZP1-318,Homo sapiens
Q8BMS4-156,Mus musculus
P38435-311,Homo sapiens
Q6P3A8-226,Mus musculus
Q8CIP5-326,Mus musculus
O80995-65,Arabidopsis thaliana
P17021-361,Homo sapiens
Q6XTD8-116,Influenza A virus
D3Z223-145,Mus musculus
Q9ZWJ3-395,Arabidopsis thaliana
Q65122-244,African swine fever virus
Q9N491-270,Caenorhabditis elegans
Q66220-179,Youcai mosaic virus
Q6NUM6-356,Homo sapiens
P63244-153,Homo sapiens
Q6PZE0-907,Mus musculus
Q9DCN2-204,Mus musculus
O89112-305,Mus musculus
P19096-2352,Mus musculus
Q9C0I4-97,Homo sapiens
P16615-997,Homo sapiens
Q6Q6R5-29,Homo sapiens
Q8C547-1370,Mus musculus
Q8R2H2-38,Rattus norvegicus
Q8R3L5-35,Mus musculus
P51805-814,Homo sapiens
Q54JL7-351,Dictyostelium discoideum
Q96KG7-542,Homo sapiens
O08601-397,Mus musculus
Q91WJ2-88,Mus musculus
A8MSA6-41,Arabidopsis thaliana
Q9CQJ6-37,Mus musculus
Q9D8W7-130,Mus musculus
Q5VMQ5-527,Oryza sativa subsp. japonica
Q9QXE0-556,Mus musculus
P33865-32,Variola virus
Q921S7-207,Mus musculus
P09055-75,Mus musculus
P97742-586,Mus musculus
Q9UT09-105,Schizosaccharomyces pombe
Q290N5-188,Drosophila pseudoobscura pseudoobscura
Q6DID5-319,Mus musculus
Q9UKJ5-93,Homo sapiens
Q8TE59-1105,Homo sapiens
Q9FL28-831,Arabidopsis thaliana
Q6X2U3-507,Rubella virus
Q9V7S5-478,Drosophila melanogaster
Q9C099-343,Homo sapiens
Q63661-2046,Rattus norvegicus
P46978-637,Mus musculus
Q8BWQ1-31,Mus musculus
P70441-201,Mus musculus
Q810H5-3,Mus musculus
Q9D1Q6-318,Mus musculus
Q9DB29-166,Mus musculus
P28347-359,Homo sapiens
Q04706-89,Saccharomyces cerevisiae
Q60936-265,Mus musculus
P37040-363,Mus musculus
Q6YXY2-965,Oryza sativa subsp. japonica
Q6IFW2-415,Rattus norvegicus
Q5SW19-755,Mus musculus
Q96SU4-546,Homo sapiens
E9QHE3-120,Danio rerio
Q9TZI1-390,Caenorhabditis elegans
P82785-65,Arabidopsis thaliana
P06944-113,Influenza C virus
Q9R0B6-687,Mus musculus
P00558-108,Homo sapiens
Q54UI0-260,Dictyostelium discoideum
Q4V7A6-438,Rattus norvegicus
G3XAC1-62,Homo sapiens
P07724-500,Mus musculus
Q9DBA8-189,Mus musculus
P55072-209,Homo sapiens
Q99P72-884,Mus musculus
P0C6U7-1179,Human coronavirus OC43
Q9P3U0-623,Schizosaccharomyces pombe
P52840-82,Mus musculus
P32970-17,Homo sapiens
Q921I1-213,Mus musculus
P19438-248,Homo sapiens
P08519-1217,Homo sapiens
P22695-192,Homo sapiens
Q68D91-254,Homo sapiens
Q0PGA1-277,Mus musculus
O64798-361,Arabidopsis thaliana
Q2KJ63-137,Bos taurus
P06909-267,Mus musculus
Q8CJ19-36,Mus musculus
P20918-731,Mus musculus
P49259-478,Bos taurus
B8JI71-1025,Danio rerio
P11716-3402,Oryctolagus cuniculus
Q8WYK1-674,Homo sapiens
Q9CPP6-17,Mus musculus
B4I9X1-122,Drosophila sechellia
D3ZPG5-205,Rattus norvegicus
Q9CPX7-26,Mus musculus
Q91WN4-341,Mus musculus
Q3TDN2-194,Mus musculus
Q9EPT5-586,Mus musculus
Q9SCZ4-840,Arabidopsis thaliana
Q9DCN2-274,Mus musculus
Q9EPU0-369,Mus musculus
Q80X90-706,Mus musculus
Q5U316-201,Rattus norvegicus
P0C091-1386,Homo sapiens
P04275-1942,Homo sapiens
P08249-275,Mus musculus
Q09470-243,Homo sapiens
Q64442-140,Mus musculus
O54898-313,Rattus norvegicus
Q7JM44-1456,Caenorhabditis elegans
Q8NEQ6-85,Homo sapiens
Q8R574-31,Mus musculus
P97445-73,Mus musculus
P24721-198,Mus musculus
Q22851-305,Caenorhabditis elegans
Q9CZ13-453,Mus musculus
P53873-102,Saccharomyces cerevisiae
A1A519-234,Homo sapiens
Q9D2N4-587,Mus musculus
Q8VCT4-284,Mus musculus
Q99PP0-62,Rattus norvegicus
Q60930-228,Mus musculus
P20918-502,Mus musculus
Q62226-25,Mus musculus
B3MCF3-86,Drosophila ananassae
P16070-286,Homo sapiens
O08961-721,Rattus norvegicus
Q5JN07-229,Oryza sativa subsp. japonica
Q3UHB8-78,Mus musculus
F4J4Y5-513,Arabidopsis thaliana
Q8NFJ5-284,Homo sapiens
B3NBB6-411,Drosophila erecta
A2AVA0-1671,Mus musculus
Q6WQJ1-204,Mus musculus
Q9DBM0-110,Mus musculus
P13639-290,Homo sapiens
A6ZZK4-83,Saccharomyces cerevisiae
A0A0G2L7I0-165,Danio rerio
Q8VBZ3-454,Mus musculus
Q58G82-22,Homo sapiens
P18564-617,Homo sapiens
Q99884-483,Homo sapiens
Q9I8M9-56,Xenopus laevis
O42237-541,Gallus gallus
P04342-109,Mus musculus
Q9UK96-430,Homo sapiens
Q8CFE6-400,Mus musculus
A2AS89-144,Mus musculus
Q15910-289,Homo sapiens
P01324-41,Acomys cahirinus
E9Q5W5-799,Mus musculus
Q9XZ25-744,Drosophila melanogaster
Q8VHK5-350,Mus musculus
Q9VXG1-645,Drosophila melanogaster
Q00918-413,Rattus norvegicus
Q80WC9-951,Mus musculus
O15230-529,Homo sapiens
Q18726-152,Caenorhabditis elegans
Q704Y3-363,Mus musculus
P19096-161,Mus musculus
P41413-739,Rattus norvegicus
P53413-83,Gallus gallus
Q9M099-285,Arabidopsis thaliana
Q60803-238,Mus musculus
O13959-74,Schizosaccharomyces pombe
Q9DBL9-50,Mus musculus
O80483-55,Arabidopsis thaliana
P32970-133,Homo sapiens
A0AUV4-470,Mus musculus
P22314-632,Homo sapiens
Q8BYW9-453,Mus musculus
Q00959-800,Rattus norvegicus
P60174-104,Homo sapiens
P37238-193,Mus musculus
P07814-1480,Homo sapiens
Q9NQX1-463,Homo sapiens
Q7TSK7-949,Mus musculus
O60443-407,Homo sapiens
A0A1P8B554-89,Arabidopsis thaliana
Q61554-2139,Mus musculus
Q2VIS4-2044,Mus musculus
Q3UV74-491,Mus musculus
Q14966-555,Homo sapiens
A6NGW2-412,Homo sapiens
P97333-875,Mus musculus
P48758-227,Mus musculus
P10518-162,Mus musculus
Q80SU7-722,Mus musculus
Q9FIY7-1063,Arabidopsis thaliana
P56537-110,Homo sapiens
Q99KI0-410,Mus musculus
O74853-642,Schizosaccharomyces pombe
Q9D7J4-28,Mus musculus
Q6PIE5-457,Mus musculus
P35917-653,Mus musculus
P52792-364,Mus musculus
Q640L2-475,Xenopus laevis
P19096-1128,Mus musculus
Q9Y5X0-49,Homo sapiens
Q12021-468,Saccharomyces cerevisiae
Q8NI27-1044,Homo sapiens
Q91XD4-91,Mus musculus
P56528-258,Mus musculus
Q9BYQ0-144,Homo sapiens
O76555-84,Caenorhabditis elegans
P35556-1708,Homo sapiens
A2AJL3-193,Mus musculus
Q9GLP0-630,Sus scrofa
Q704Y3-158,Mus musculus
O23237-326,Arabidopsis thaliana
F8W7T1-64,Homo sapiens
O35927-761,Mus musculus
P43007-35,Homo sapiens
Q80YE7-1284,Mus musculus
E9Q236-19,Mus musculus
Q9EST5-123,Mus musculus
Q14254-197,Homo sapiens
Q09564-801,Caenorhabditis elegans
O88844-269,Mus musculus
P09958-771,Homo sapiens
P49024-414,Gallus gallus
H0Y3X1-203,Homo sapiens
P48318-38,Mus musculus
Q8LST2-218,Arabidopsis thaliana
P15105-209,Mus musculus
Q9D428-33,Mus musculus
Q09783-98,Schizosaccharomyces pombe
O35488-146,Mus musculus
Q1HVG0-99,Epstein-Barr virus
Q18990-1691,Caenorhabditis elegans
O35728-86,Mus musculus
Q7Z7M0-2814,Homo sapiens
Q8CG76-222,Mus musculus
B2RX12-614,Mus musculus
Q7Z7M0-2070,Homo sapiens
Q6ZNB6-265,Homo sapiens
Q96NC0-85,Homo sapiens
P0C9P6-29,African swine fever virus
D6RFE4-97,Homo sapiens
Q96J86-47,Homo sapiens
P0CA22-73,African swine fever virus
P50211-110,Gallus gallus
Q5SXR6-495,Mus musculus
Q76MZ3-390,Mus musculus
Q8IH18-567,Drosophila melanogaster
P14211-105,Mus musculus
Q68EH9-313,Danio rerio
Q8BGH2-65,Mus musculus
A2ASI5-1125,Mus musculus
Q80XL6-215,Mus musculus
Q28295-2389,Canis lupus familiaris
P70174-446,Mus musculus
P63001-105,Mus musculus
Q8BGA8-317,Mus musculus
P19221-182,Mus musculus
Q8BFR2-133,Mus musculus
P70265-433,Mus musculus
Q68Y81-414,Gallus gallus
P01005-111,Gallus gallus
Q9BYQ2-135,Homo sapiens
D3YTT4-281,Mus musculus
Q13085-813,Homo sapiens
Q2PZL6-3955,Mus musculus
Q9CZS1-181,Mus musculus
P49368-398,Homo sapiens
Q99JW4-300,Mus musculus
P60334-130,Mus musculus
Q8GXU5-306,Arabidopsis thaliana
O08749-85,Mus musculus
P29474-26,Homo sapiens
P07948-381,Homo sapiens
Q5XPI4-556,Homo sapiens
Q9QXZ6-28,Mus musculus
E9PIM6-28,Homo sapiens
O70443-66,Mus musculus
P49011-182,Xenopus laevis
Q0GA42-360,Mus musculus
Q62919-327,Rattus norvegicus
Q8BMJ2-783,Mus musculus
Q3TXS7-184,Mus musculus
Q80X90-991,Mus musculus
P05202-295,Mus musculus
Q9P0L9-38,Homo sapiens
Q13753-445,Homo sapiens
Q8VHH7-48,Mus musculus
J3QMI4-99,Mus musculus
Q22431-8,Caenorhabditis elegans
Q7TSH7-179,Mus musculus
Q8V4V4-66,Monkeypox virus
Q12004-294,Saccharomyces cerevisiae
Q7X6T3-177,Arabidopsis thaliana
A8WFJ9-310,Caenorhabditis elegans
Q8TD26-1936,Homo sapiens
A4L9I8-23,Oryctolagus cuniculus
Q8JMY4-338,Hepatitis B virus genotype F1 subtype adw4
Q21502-831,Caenorhabditis elegans
O15400-239,Homo sapiens
Q9C9U3-83,Arabidopsis thaliana
Q2HW56-116,Medicago truncatula
Q9DBE0-171,Mus musculus
O88451-60,Mus musculus
Q5IS99-47,Saimiri boliviensis boliviensis
A6N6J5-226,Rattus norvegicus
Q09177-63,Schizosaccharomyces pombe
O83424-60,Treponema pallidum
Q64249-458,Mus musculus
P08559-41,Homo sapiens
P52534-21,Human herpesvirus 7
P14198-96,Dictyostelium discoideum
Q09922-412,Schizosaccharomyces pombe
Q7TMF3-92,Mus musculus
Q9BX67-264,Homo sapiens
Q8GXC6-611,Arabidopsis thaliana
Q6IE82-290,Mus musculus
P13217-394,Drosophila melanogaster
Q7YSJ4-251,Dictyostelium discoideum
Q9Y4P3-44,Homo sapiens
Q9NR56-200,Homo sapiens
O35490-256,Mus musculus
P47863-17,Rattus norvegicus
O13801-571,Schizosaccharomyces pombe
Q949T8-294,Arabidopsis thaliana
P54868-166,Homo sapiens
Q91YP2-272,Mus musculus
Q923B6-394,Mus musculus
P61514-57,Mus musculus
Q67875-302,Hepatitis B virus genotype D subtype ayw
P30873-339,Mus musculus
Q54TW0-1738,Dictyostelium discoideum
P0C6W7-6346,Bovine coronavirus
Q8C6G8-318,Mus musculus
Q05816-43,Mus musculus
Q9Z0V2-588,Mus musculus
P93823-161,Arabidopsis thaliana
Q8BWT1-382,Mus musculus
Q5GH67-95,Mus musculus
P51797-283,Homo sapiens
P11716-2326,Oryctolagus cuniculus
Q91X44-562,Mus musculus
P12970-182,Mus musculus
E9QAQ1-170,Mus musculus
Q9VKA0-116,Drosophila melanogaster
Q9S9K4-148,Arabidopsis thaliana
P40763-712,Homo sapiens
P32225-140,Swinepox virus
P31040-438,Homo sapiens
P83103-231,Drosophila melanogaster
Q5PQQ8-202,Rattus norvegicus
P31040-238,Homo sapiens
Q6DGT7-198,Danio rerio
P48758-122,Mus musculus
Q91VD9-64,Mus musculus
Q9JM59-45,Rattus norvegicus
Q9QXX0-779,Mus musculus
Q9D2N4-267,Mus musculus
Q9Z1M0-499,Mus musculus
Q68EF4-542,Mus musculus
P15328-189,Homo sapiens
Q3UF64-364,Mus musculus
Q9NZQ7-272,Homo sapiens
Q6ZMV5-98,Homo sapiens
Q90WY4-340,Danio rerio
Q06407-98,Saccharomyces cerevisiae
P46735-129,Mus musculus
P16045-43,Mus musculus
P04191-636,Oryctolagus cuniculus
Q6NZY4-607,Homo sapiens
P48678-522,Mus musculus
P17710-669,Mus musculus
P37040-566,Mus musculus
F7A4A7-793,Mus musculus
A0A7H0DN21-134,Monkeypox virus
Q7TSV4-94,Mus musculus
Q9WUM4-39,Mus musculus
Q9Z2J6-10,Mus musculus
Q91V76-249,Mus musculus
O89943-22,Human immunodeficiency virus type 1 group M subtype G
Q61616-347,Mus musculus
Q9QXE0-134,Mus musculus
P0C2J7-1165,Saccharomyces cerevisiae
Q09967-300,Caenorhabditis elegans
Q9QXY9-65,Mus musculus
P02469-1086,Mus musculus
O88278-2031,Rattus norvegicus
O00548-243,Homo sapiens
P04186-188,Mus musculus
Q01097-1239,Mus musculus
Q99KG5-230,Mus musculus
Q96BI3-182,Homo sapiens
Q8BHJ6-359,Mus musculus
Q8QZS1-44,Mus musculus
H3BL08-236,Mus musculus
Q96EP1-431,Homo sapiens
Q5EAE5-3,Bos taurus
P08291-1371,Coxsackievirus B1
P26639-137,Homo sapiens
A7J1T0-715,Xenopus laevis
Q8IUA0-95,Homo sapiens
Q5M8N0-147,Mus musculus
Q5IBC5-1569,Arabidopsis thaliana
Q80941-118,Human papillomavirus type 60
Q04523-99,Cowpox virus
Q91YT8-314,Mus musculus
P09382-17,Homo sapiens
Q5FWP4-287,Xenopus laevis
Q05816-67,Mus musculus
Q9H8W5-524,Homo sapiens
F7A4A7-2049,Mus musculus
Q91XD4-57,Mus musculus
P04899-112,Homo sapiens
Q62381-745,Mus musculus
Q80XN0-221,Mus musculus
Q60597-604,Mus musculus
F2Z460-74,Mus musculus
A6ZVD0-406,Saccharomyces cerevisiae
Q8K482-84,Mus musculus
Q2LKV2-580,Mus musculus
Q86XK2-370,Homo sapiens
Q6UB35-198,Homo sapiens
Q8CGC7-350,Mus musculus
Q9UNQ2-259,Homo sapiens
P12004-162,Homo sapiens
Q8ND82-358,Homo sapiens
Q9UBS4-196,Homo sapiens
P17005-196,Influenza C virus
Q99MM4-16,Rattus norvegicus
D3Z106-127,Mus musculus
Q5U258-394,Xenopus laevis
Q8BGD9-543,Mus musculus
O00410-560,Homo sapiens
Q99LB7-382,Mus musculus
O00548-45,Homo sapiens
Q8VDP2-93,Mus musculus
Q8K2B3-89,Mus musculus
P55860-3,Xenopus laevis
Q5PT54-363,Mus musculus
O42844-281,Schizosaccharomyces pombe
Q8BUM6-94,Mus musculus
P78310-41,Homo sapiens
O95971-113,Homo sapiens
O08573-73,Mus musculus
P0C6U1-2983,Bovine coronavirus
Q8BFY9-683,Mus musculus
P53701-35,Homo sapiens
Q39032-11,Arabidopsis thaliana
Q6PB66-207,Mus musculus
Q6S8J7-31,Homo sapiens
P56593-163,Mus musculus
Q9TV36-1706,Sus scrofa
P30989-381,Homo sapiens
Q8R3P0-275,Mus musculus
P62873-148,Homo sapiens
Q9DAV9-161,Mus musculus
F8WIG8-291,Mus musculus
Q8K441-440,Mus musculus
Q9JKA9-351,Rattus norvegicus
P23284-202,Homo sapiens
P21453-328,Homo sapiens
O09173-120,Mus musculus
Q8VCP9-162,Mus musculus
P03072-306,JC polyomavirus
P05303-370,Drosophila melanogaster
Q62261-112,Mus musculus
F6VQH5-180,Mus musculus
O83983-8,Treponema pallidum
P34576-1726,Caenorhabditis elegans
P97872-21,Mus musculus
Q6S545-146,Homo sapiens
Q9CYS6-218,Mus musculus
O94855-1021,Homo sapiens
A4UGR9-3197,Homo sapiens
Q8QZR5-29,Mus musculus
Q91W43-925,Mus musculus
Q91WS4-208,Mus musculus
P17427-353,Mus musculus
Q0VBD0-736,Mus musculus
Q8CFG8-147,Mus musculus
Q9CAY1-332,Arabidopsis thaliana
P36330-1182,Venezuelan equine encephalitis virus
Q8WTV0-462,Homo sapiens
Q9DC50-228,Mus musculus
Q9UPU3-754,Homo sapiens
P97526-2197,Rattus norvegicus
P30999-618,Mus musculus
Q641P0-34,Mus musculus
Q9NZU5-301,Homo sapiens
Q9CR67-232,Mus musculus
Q9CR57-42,Mus musculus
P55268-1092,Homo sapiens
Q9FLZ5-276,Arabidopsis thaliana
O14672-435,Homo sapiens
A7XY94-8,Xenopus laevis
P11716-24,Oryctolagus cuniculus
P33450-4987,Drosophila melanogaster
P07310-254,Mus musculus
Q99LC5-53,Mus musculus
Q03833-211,Saccharomyces cerevisiae
Q5U458-241,Mus musculus
Q9WTW5-333,Mus musculus
B7WN96-317,Caenorhabditis elegans
Q9P772-210,Schizosaccharomyces pombe
O08999-180,Mus musculus
Q9UJ41-23,Homo sapiens
Q8BM55-653,Mus musculus
Q5TEA3-574,Homo sapiens
P36198-142,Rattus norvegicus
Q3UJP5-153,Mus musculus
Q8VCR2-215,Mus musculus
Q7XHN8-6,Oryza sativa subsp. japonica
Q91ZX7-2606,Mus musculus
Q96FT7-281,Homo sapiens
Q499E0-278,Mus musculus
O82188-967,Arabidopsis thaliana
Q91XH5-160,Mus musculus
Q4LDG0-483,Mus musculus
P52376-8,Human herpesvirus 7
P30214-773,Rotavirus A)
Q570P7-68,Arabidopsis thaliana
Q8IW36-240,Homo sapiens
Q70Z35-487,Homo sapiens
P60882-1909,Mus musculus
P04256-182,Rattus norvegicus
Q61526-235,Mus musculus
O95170-504,Homo sapiens
P97384-224,Mus musculus
Q8CC86-463,Mus musculus
O95858-179,Homo sapiens
P51881-257,Mus musculus
P0CA89-7,African swine fever virus
Q8VE47-248,Mus musculus
P60033-97,Homo sapiens
Q9Y5Y6-486,Homo sapiens
Q21281-818,Caenorhabditis elegans
P81019-142,Bos taurus
Q69QJ7-533,Oryza sativa subsp. japonica
Q9CPU0-139,Mus musculus
Q9Y5Q5-304,Homo sapiens
Q28634-10,Oryctolagus cuniculus
Q99KK2-430,Mus musculus
Q54K33-79,Dictyostelium discoideum
Q3ECS3-39,Arabidopsis thaliana
P13265-264,Rattus norvegicus
O44440-57,Caenorhabditis elegans
A6XNC6-263,Medicago truncatula
P04014-410,Human papillomavirus 11
Q96L73-1583,Homo sapiens
Q6DCD7-383,Xenopus laevis
P68404-86,Mus musculus
Q99JW4-94,Mus musculus
O70503-166,Mus musculus
P60411-71,Homo sapiens
O70133-244,Mus musculus
Q9TTY5-286,Bos taurus
Q9CZ42-104,Mus musculus
P14426-125,Mus musculus
O08599-110,Mus musculus
Q3EDD7-67,Arabidopsis thaliana
Q08460-54,Mus musculus
P27577-106,Mus musculus
O00755-332,Homo sapiens
P28798-376,Mus musculus
Q28894-97,Canis lupus familiaris
Q5JRV8-188,Homo sapiens
Q9SSA4-309,Arabidopsis thaliana
Q6IQ49-160,Homo sapiens
Q3UP75-331,Mus musculus
O55131-279,Mus musculus
P53582-368,Homo sapiens
Q8VC28-39,Mus musculus
Q61532-360,Mus musculus
Q64374-248,Mus musculus
A2AMH3-97,Mus musculus
P78504-383,Homo sapiens
Q9CPV7-328,Mus musculus
G5E814-117,Mus musculus
Q9D1M0-234,Mus musculus
E9Q557-479,Mus musculus
P23298-295,Mus musculus
