ID,Window,lab
P50431-90,RYYGGTEFIDELEMLCQKRALQAYHLDPQCW,1
Q9BY31-265,AVIVQVITQVGQPTCCRKSDFTKHQQTHTGE,0
Q9DBN5-137,AEVEQLDRLEEFPNICKSREELGELSEQFYR,1
P56656-289,ANHIQQAEFSLENLACTINNLFAAGTETTST,1
A1L1L7-512,GEKPYECKECGKAFICPSSFRIHEISHTHTE,0
Q6ZQ38-1134,IKMLTFLMLVRLSTLCPSAVLQRLDRLVEPL,1
P70313-617,PEQHKSYKIRFNSVSCSDPLVSSWRRKRKES,1
O94768-8,********MSRRRFDCRSISGLLTTTPQIPI,0
O09131-191,TWPWFQRLEALELKECLAHTPKLKLWMAAMQ,1
P70496-240,MIMKRSGGHRIPGVNCCGHGRACYRWSKRWL,1
H0YAR2-208,VYIKNFGEDMDDERLKDLFGKFGPALSVKVM,1
P19096-2352,VLAYTQSYRAKMTPGCEAEAEAEALCFFIKQ,1
O61307-1450,GTDGRIAPFAGAESKCNCLERGCDCFEAEHY,0
Q6NUT3-86,LCTPLVGYEADRAASCCARYGPRKAWHLVGT,1
O88875-116,TIEQATPSDSGTYQCCARSQKPEIYIHGHFL,0
P27959-229,YEAADLIMHAPGCVPCVRENNSSRCWVALTP,0
P98140-47,TDSEHTVVLTVTGEPCHFPFQYHRQLHHKCI,0
P11826-67,GVHWLALAWNPKSHTCYLFDPFGFSDERLKQ,0
Q5DTK1-786,SKETGFWRDYGYGITCIYKSDLLGAGGFDTS,1
Q1PF08-346,AMHANHTAIPYKWTACSDSVFNNWNWRDSDN,0
P36825-26,ITLILEEIPEIIDLHCDEQFDSSEEENNHQL,0
Q9DBX2-215,GCMICLATEYPAVKFCRVRSSVIGASSRFTR,0
Q6IM82-40,QRARLYILRRCATMLCCWYIHGDE*******,0
Q68FD5-151,SQPVKMFDRHSSLAGCQIINYRTDAKQKWLL,1
Q99PJ2-473,PQYGGRKILVCSVDNCYCSSVANHGGHQPYP,0
Q02257-90,QMSTTARAKRVREAMCPGVSGEDSSLLLATQ,1
F6Q3G7-183,EHLFRIRLVCTILDTCGQYFDRGSSKRKLDC,1
Q4QXJ8-2113,MRELPVLDSAAFNVECFKKYACNDEYWDFYK,0
P53855-893,ALLLDCKIEQVGLSLCADSFQTFCQLCIDLK,0
P38724-237,NWSWNIAMWAFIFPLCCIPLILCMLHMRWKV,0
Q02053-179,LTNSPLEAQLRVGEFCHSRGIKLVVADTRGL,1
Q9NY15-44,FKGCDVKTTFVTHVPCTSCAAIKKQTCPSGW,0
P61922-2-224,SILSFMGAFHGRTMGCLATTHSKAIHKIDIP,1
P07724-289,LLECADDRAELAKYMCENQATISSKLQTCCD,1
Q8NCR0-30,AALHLWLRLRSPPPACASGAGPADQLALFPQ,1
E0CXK2-1101,CFRVRKMIDVYKPDWCEVREDWSVYLFSPEN,1
Q9QXE0-243,AYSHAEDSIRKLVEQCSLPFLPTPMGKGVVP,1
Q921I1-526,EKNSTLCDLCIGPLKCAPNNKEEYNGYTGAF,1
P02468-963,RTGQCECQPGITGQHCERCETNHFGFGPEGC,0
Q96JJ7-393,GCFLFGLPLGVISIMCYGIYTADTDGGYIEE,1
Q8N554-441,EREELPTIYKCPYQGCTAVYRGADGMKKHIK,0
P22153-97,ALKRKFVASPLSACSCIENDLSPRLDAISLN,0
Q9Y446-569,GRRDLAGAPPGEVVGCFTPQSRRLRELPLAA,1
P08473-234,IDQPRLGLPSRDYYECTGIYKEACTAYVDFM,0
Q9D7B6-157,KFCPPLCTMEKFASYCLTEPGSGSDAASLLT,1
Q5ZMD2-323,ITGQVGFVDAEFCTTCGEKGADKRCSVCKVV,0
P08100-323,MMNKQFRNCMLTTICCGKNPLGDDEASATVS,1
P02458-52,DGQRYNDKDVWKPEPCRICVCDTGTVLCDDI,0
P0C8Q3-542,LGLIPTKETYTSMISCYCKEGDIDLALKYFH,0
P20618-224,SAAERDVYTGDALRICIVTKEGIREETVSLR,1
Q8VHE6-3134,LVAVSEHFLSSYTIDCTAEIKKELVQCMGSF,0
P32486-669,DYVRIYQPSNAISVTCDPSDYPTYDYIQSHL,0
P24270-425,SAPEQQRSALEHSVQCAVDVKRFNSANEDNV,1
Q99K30-320,LTLRARPPSEGEFVDCFQKTKLAINLLAKLQ,1
Q9WV68-53,SGIGFRIAEIFMRHGCHTVIVGRSLQKVTTA,1
Q8CHW4-614,FPLQQVDGLLDPNRYCALLLPLLKAWSPVLR,1
P05817-53,KPHYRLNMTDSCCGRCEPCTDVACTLQVKYC,0
P0A6F1-214,FGAKRNILRMLVDRGCRLTIVPAQTSAEDVL,0
E2RDZ6-9,*******MQPLQIAPCRLLYGLYRGLKSPAS,0
E7EZF3-361,PLTTIPDDEDWYCPDCRNDASEVVLAGEKLK,0
Q96M78-136,PAHSISPLLQFRWGHCP**************,0
E9PT23-34,IVGVSVLTMPFCFKQCGIVLGALLLVFCSWM,0
Q9Z2T6-21,YRISPGCGVTRNFSSCSAVAPKTGNRCCISA,1
D3YUL4-39,LSDPLNKSSYKYEGWCGRQCRRKGQSQRKGS,1
B2RPY5-355,YGLWNKTVRKELLGMCFGDRYYRESFVQRQR,1
P62079-252,AGIFIGIALLQIFGICLAQNLVSDIEAVRAS,1
O35405-485,YSHDLDTSANSVGNACRLL************,0
Q99J86-768,DNPMYYCNKKTSCRSCALDQNCQWEPRNQEC,0
Q66H73-462,YHKLKHFKFKLYQDCCSIAYTKEVGDEQVKD,0
P87724-46,RPSPPTKYKGWCLDCCQHTDLTYCRGCTIYH,0
Q8JZR0-121,ISYKQVSDRAEYLGSCLLHKGYKSSQDQFVG,1
Q9FK27-261,WFSSGRVDLAEGLRMCSHGGCGRPETRAHEF,0
P21333-2378,AIDAKVHSPSGALEECYVTEIDQDKYAVRFI,1
P51593-49,LLLELQQIKTWNIGKCELYHWVDLLDRFDGI,0
Q9DCG2-125,FDKWADQDGEDLVDTCGFLYTKTGEWRKGDC,1
Q96QT4-1143,LPPPLIILSHIVSLFCCICKRRKKDKTSDGP,1
Q961D9-1201,YANPQMGAVGNGSPICPPSASDGTPGMPGLM,0
Q9FPS0-297,KFLNTEKVENYFCYRCWHGAALKYLSVIGAA,0
Q9LQM7-357,TTPENVSAASEATENCIPSPDDLTLPDFTHM,0
P21333-717,GGKAPLRVQVQDNEGCPVEALVKDNGNGTYS,1
Q922D8-863,KAEIYTKQGFGNLPICMAKTHLSLSHNPEQK,1
D3Z291-207,LLTTLLAFVVRSVRPCFTQVAFLKSKYWSHY,1
Q8JZN7-545,LPEGVAPPGLSPAEFCRRHRLPAPASFSCLG,1
H3BLL2-214,IPKEKFDLIWNRAQSCPTFLCALPRRDGYEF,1
P25304-374,TPSPCHGVQCAFGAVCTVKNGKAECECQRVC,0
P51689-256,FISWYSSFGFVRRWNCILMRNHDVTEQPMVL,0
B7ZNN8-49,EDGFLLLEGFFTADECVAMQQRIGEIVAEMD,1
Q01705-739,PCIHGACRDGLNGYKCDCAPGWSGTNCDINN,0
Q91Y47-327,KGQETCQKTCTNNARCQFFTYYPSHRLCNER,1
P70168-765,SDFDMVDYLNELRESCLEAYTGIVQGLKGDQ,1
Q0VBD0-736,RMSASKKDKLILQSVCTRAVTYRREKPEEIK,1
Q61549-59,AYATCTDTTDSYYCTCKRGFLSSNGQTNFQG,0
P42261-603,FNSLWFSLGAFMQQGCDISPRSLSGRIVGGV,1
Q96SZ6-601,GHVLCRTTLRDSSAYC***************,0
Q9BE97-522,QTELDVVPGRDGLTSCNHSQVSVQPVTTTGP,0
P49368-455,VAQALEVIPRTLIQNCGASTIRLLTSLRAKH,1
D3ZEY0-1021,MNLDLTEHLQEVIEECNFWYEDASATVVRVG,0
P28907-16,MANCEFSPVSGDKPCCRLSRRAQLCLGVSIL,1
Q9QXD1-485,LPQSVMYLATPRPARCPAQTAADFRCPEVYT,1
Q07076-302,RSDTSGHFERLLVSMCQGNRDERQSVNHQMA,1
Q9Z2G9-172,LKFDRLSVFRPGVLLCDRQESRPGEWLARKF,1
F6TWM7-112,IIILTSGKCRQLSQFCLNRHRAYRVINMKES,1
O00220-263,LVVPLLLVAVLIVCCCIGSGCGGDPKCMDRV,1
P29317-9,*******MELQAARACFALLWGCALAAAAAA,0
Q99K67-765,ALRPEANPLTWKQLLCDLVGISRSSPCEKLK,1
Q15751-3374,EKKGPLELANALAACCLSSRLSSQHRQWAAQ,0
Q91WU5-251,IITVENKELEGVLGDCRFVSATFRLFKLPKT,1
P38040-33,LRREAAIDRQTISESCAKMMKYITEHEQEDY,0
Q8C196-225,KVFGKGNPTKVVAVDCGIKNNVIRLLVKRGA,1
Q9CWH5-457,KYFSGVTKRIAKEEKCSHE************,0
P30875-54,DMTSNAVLTFIYFVVCVVGLCGNTLVIYVIL,0
B3LTC5-132,FSLFVFGQSHLSSQMCSDVVSSDHCWDGCWW,0
P25911-419,KFPIKWTAPEAINFGCFTIKSDVWSFGILLY,1
Q80XL6-292,ENTGIPLMEELISIYCHRRGIDPNLPNWNFF,1
P0C2W1-17,AAPAPGAGAASGGAGCSGGGAGAGAGSGSGA,1
A2AS89-256,RYSRSQGFRVVLAEDCWMKSLVPLMAEVRQQ,1
Q9QWK4-271,SGRLEVLHKGSWGSVCDDNWGEKEDQVVCKQ,0
Q557F7-246,KTRCNQFGIWTKNDKCIGVAVSPSSSYFNHS,0
Q3SX64-289,TTPSRPAGHRLPGRCC***************,0
Q6SA08-199,SYRQVNCFSHLSQTYCGSFAYACPEILRGLP,0
Q9UQ80-296,RAFEDEKKARMGVVECAKHELLQPFNVLYEK,1
Q5XGZ2-605,EPYCCRESTAALRADCFIYDLSSVVMHHGKG,0
Q8R0Y6-662,GFTGSTEVGKHIMKSCALSNVKKVSLELGGK,1
Q8R127-124,VVKACIENGTSCIDICGEPQFLELMHAKYHE,1
Q9BR39-328,RYEGEWLDNLRHGYGCTTLPDGHREEGKYRH,1
O70194-19,FMTPVIQDNPSGWGPCAVPEQFRDMPYQPFS,1
Q8BFY9-683,EQLVARSNILTLMYQCMQDKMPEVRQSSFAL,1
P21333-810,DCAEAGQGDVSIGIKCAPGVVGPAEADIDFD,1
Q9ERU9-2496,QKALAEKLLLPSTFFCYKNRPGYVSEEEEDD,1
Q6DUA8-160,VRAVMTNGLLEVKISCIQTHEKKKVEVLLPG,1
Q64332-391,VHGKDGKDYIFEVMDCSMPLIGEHQVEDRQL,1
Q9M0B7-212,KNSDCQLWDNEKHKLCYNCKACKAGFLDNLK,0
Q8R4Y4-343,DRSATCQVTPDRKTSCVCKNDEVGDGHACYG,0
P58710-19,GYKGVQFQNWAKTYGCSPEMYYQPTSVGEVR,1
Q69K07-445,ISQILRSSTLLLHCRCICG************,0
G5E8R3-752,ILCIKDMAGLLKPAACTMLVSSLRDRFPDLP,1
Q91W98-271,DGSAFTDMFRILTYSCCSQRGGQRRSGEGLG,1
P04323-348,RMPFGLKNAPATFQRCMNDILRPLLNKHCLV,0
Q2VLH6-651,HFGKGAGQVWSHMFHCTGTEEHIGDCLMTAL,0
Q3UV74-594,YQPPLCEKRPGYFHRCSEYYSCARCLKDNSA,0
Q11119-177,NETYVTNLDNATCSKCDLAENLWMCLTCGAL,0
Q8R0Y6-537,HVGMSIQTFRYFAGWCDKIQGATIPINQARP,1
Q99959-647,IQNRNIQTDNNKSIGCFGSRSRKVKEQYQDV,1
Q95Q11-211,NEGSTIQAKQELHKTCEANRAYAHYRA****,0
Q9CPX7-26,AYHGGHLTIRLALGGCTNRPFYRIVAAHNKC,1
O55186-37,VSLTCYHCFQPVVSSCNMNSTCSPDQDSCLY,0
Q7G9E7-126,LPEIGPPVTGFRKCNCLFGYDPVMDQYKVLS,0
Q8VI47-1344,GVVGRTGAGKSSLTNCLFRILESAGGQIIID,1
P91685-581,VGMIKKQQGDTCCWICDSCESFEYVYDEFTC,0
P03899-39,LPQMNLYSEKANPYECGFDPTSSARLPFSMK,1
Q6P8J7-238,DDHFLFDKPVSPLLTCAGMARDWPDARGIWH,1
Q8BGA3-315,LKSLTTVGLSGNLWECSPRVCALASWLGSFQ,1
Q8BLM0-277,LDLKRRRIHQCDFAGCSKVYTKSSHLKAHRR,0
P22388-112,DLLPTKTTDQGNRCQCAHQKDKKCWNFCQAD,0
Q8K0E7-8,********MGACLGACSLLSCASCLCGSAPC,0
Q80U23-61,SDSSPTPRRSMKYTLCSDNHGIKPPTPEQYL,1
P51174-342,IQTVQHKLAELKTHICVTRAFVDSCLQLHET,1
Q9SK86-109,QGDVVLPVFHPYCEECKDCKSSKTNWCDRYA,0
P61228-63,DLFYVSTNPLGPVVECRFLENSFILCEDPVP,0
P26443-112,QKRNRVRGILRIIKPCNHVLSLSFPIRRDDG,1
Q2KHY2-9,*******MAGKELERCQRQADEVTEIMLNNF,0
Q9S9V8-187,PNLRTLKLNCTGDVKCCDKVALAIAETMPGL,0
Q63722-911,WCGPRPCRLHKGHGECPNGQSCIPVLDDQCF,0
P19221-182,GPWCYTTDPTVRREECSVPVCGQEGRTTVVM,1
P70059-231,YGCAQRNYPGVYTKVCNFVTWIQSTISSN**,0
Q8R0Y6-404,QLLVRKLRGEDGESECVINYVEKAVKKLTLQ,1
Q9UGI8-352,GEIYVMVNDKPVCKPCYVKNHAVVCQGCHNA,0
Q9R0N7-38,IITVSLSVTIVLCGLCHWCQRKLGKRYKNSL,1
Q9JJS0-88,PGYQGEGRQCEDMDECDNTLNGGCVHDCLNI,0
O95835-887,SMDFSNEWGDPSSCRCGDRLKPLERRAARQH,0
Q9NRY6-126,GAGQPLGQAAEESNCCARLCCGARRPLRVRL,1
O23651-459,LEIGGVEVTMYVSIACSFLGLGQSSREQAYK,0
O93505-329,RDSGEQLPTAEDVRRCLSRHEFDSPPFFRNS,0
Q92575-186,GESAGHATSSQEPSGCSDQRPAEDLNIRVER,0
Q8H8U5-42,PPLFDGTTRLYVAYHCPYAQRAWIARNYKGL,0
Q9NSG2-143,AYSLQKQLMELLDMVCMDPLVDDNDDILNMV,0
Q8WW52-398,PIVHTPSGNILTLESCLQQLATHPGHWGIHL,0
P03877-274,LMNGKNRSSRAMPYYCLELRQNYQKNSNNNN,0
Q8K370-396,PSRREAIYTAMNQVLCRIHSVDLQATSLDSF,1
Q8IWN7-784,RTCSPAPIPPHTSDSCSKSGAASLGEEARDT,0
P0C8K7-34,DEVSMTAMSSSEEASCYRRISQKLCSGKLGI,1
P11716-2021,INMLLHFKDEADEEDCPLPEDIRQDLQDFHQ,1
P09774-5,***********MTSICSSKFQQQHYQLTNSN,0
Q8R0Y6-86,AKYQALGAELNVLPFCSQFIPMEVINAPRHG,1
Q9JK38-157,TLLSKKLNCYKITLECLPQNVGFYKKFDYTV,1
Q9CAM1-441,EDAKKTPEEMALNYECAMFGDSQAVLKGARH,0
Q54VQ7-472,KDLHHCGNNGCAFGFCNDCVEIAAMKHNNHP,0
Q8BH95-111,AGADIKEMQNRTFQDCYSSKFLSHWDHITRV,1
A0A1B0GUA7-117,EKDIQSTLKVTSCADCRTHFLSCNDPTFCPA,0
Q8C196-816,IGRTFEESFQKALRMCHPSVDGFTPRLPMNK,1
P23945-672,ETSSTVHNTHPRNGHCSSAPRVTNGSTYILV,1
Q3ULA2-83,KIIPEKNSLRQTYNSCARLCINQETVCLTST,0
Q8BKG4-458,VRIGVFSLLYTVPATCVIACYFYERLNMDYW,0
P70404-333,ANKNIANPTATLLASCMMLDHLKLHSYATSI,1
Q9ESB3-89,IESDCWVLSTKAQDDCLPSRWQSEIVIGQCK,1
Q00889-216,LYLFGVTKYIAGPYECEIRNPVSASRSDPVT,0
P34914-120,MLQAAIALKKKGFTTCIVTNNWLDDGDKRDS,1
P49815-791,YHNYLDKTKQREMVYCLEQGLIHRCASQCVV,0
Q9Z2A9-2-36,VIVVLAAVLSPRQASCGPGAFTRAAVAADSK,1
Q9BQ66-60,CCRPQCCQSVCCQPTCCRPSCCQTTCCRTTC,0
F1QU13-1511,AKMENKTCTTDSLSTCLPSMLNDDIKRRRIA,0
Q9D1Q6-189,NYRVFERVASILHDDCAFLSAFGDLSKPERY,1
P52430-42,RLNAFREVTPVELPNCNLVKGIETGAEDLEI,1
Q3E7I6-337,NFTIGKECGENGVSYCQNPSEYVNWDGYHLT,0
Q685J3-4317,QVQNITVTQYDPEEDCRKMAKEYGDYFVVEY,0
Q14767-885,CVCSPGYQLHPSQAYCTDDNECLRDPCKGKG,0
Q8VDQ8-246,DIVFFGENLPSRFFSCMQSDFSKVDLLIIMG,0
O82226-325,KACHNNQNCTRNFLFCGNQNMKGYAAWDNIK,0
Q6N022-857,KDNDGDGLVDCMDPDCCLQPLCHINPLCLGS,0
P42224-492,LVAEPRNLSFFLTPPCARWAQLSEVLSWQFS,1
Q80XK6-611,HFSTDMSVGQMEFLECLFPTDCHSVPSHYTE,0
Q91V76-226,KGKVKAHIMPAEFSSCPLNSDEAVNKWLHFY,1
P29758-150,KVLPMNTGVEAGETACKLARRWGYTVKGIQK,1
P70697-35,LRAAWGEETDYTPVWCMRQAGRYLPEFRETR,1
Q8VC74-130,EIKDIAKRLNQEVAVCARQFGWSKRVARLTY,1
Q8C4X2-400,PITAPTEVEVMDETNCQKVLNMWCCCFFKRR,1
B1AYL1-268,SLLGMGLFMGNLKHKCLRWPEENENETLHNR,0
P11456-246,WQDLGNLVADGCDFVCRSKPRNVPAAYRGVG,1
Q19673-660,ARRGECLKNKWMPENCRRSCNTCVNQQQLAA,0
Q92766-398,PLPDDNQAIQLQTLKCQLPQDPGCTNLLSLS,0
Q6DPH9-426,PKESTIWTSGSSISFCGVDSDTVGWSWPDGA,0
P62829-28,KFRISLGLPVGAVINCADNTGAKNLYIISVK,1
Q99JY0-436,WGGSLSLGHPFGATGCRLVMAAANRLRKDGG,1
P27046-1092,KGFDCQFSSRGIGLPCSTTQGKMSVLKLFNK,1
H9BW96-83,ERFQSLGVAFYRGADCCVLVFDVTAPNTFKT,1
P67984-25,KGGKKKKQVLKFTLDCTHPVEDGIMDAANFE,1
O95714-2587,QVGMMVRCCRAYEEVCEGDVGKVIKLDRDGL,0
P32241-37,ALGPAGGQAARLQEECDYVQMIEVQHKQCLE,1
Q8R1G2-198,PLEQVSTLTQKLKEHCIVNYQVKTFSGQTHG,1
O75533-1059,DRGAEYVSAREWMRICFELLELLKAHKKAIR,1
P19096-212,SVQFMKLGMLSPDGTCRSFDDSGSGYCRSEA,1
B1ASP2-1077,DVWSFGVTLHELLTYCDSDFSPMALFLKMIG,0
P21614-220,QMKHLSLLTTMSNRVCSQYAAYGKEKSRLSH,1
Q9R0M8-357,RGAVKAIASASASGPCIHQQPPGQPPPPQLS,1
Q62452-151,KQRFFDAVFLDPFDVCGLIVAKYFSLPSVIF,1
Q62261-1900,RENEVLEAWKSLLDACEGRRVRLVDTGDKFR,1
P16460-132,GATGKGNDQVRFELTCYSLAPQIKVIAPWRM,1
Q9JMH6-496,YDNVPTTVFTPLEYGCCGLSEEKAVEKFGEE,1
Q6P7A2-175,LNLSADRDAGERHIFCYLYSCFQRAKEEITK,0
Q922B1-302,EWLEQHKDKVDRLIICVFLEKDEGIYRERLP,1
O35375-902,LLYCTCSYSGLSSRSCTTLENYNFELYDGLK,1
Q3EC11-183,NGFTETVRLLLFRDACQNRQDNTGCTPLHWA,0
Q16555-504,AELRGVPRGLYDGPVCEVSVTPKTVTPASSA,1
Q6AWX7-146,LCFDYRSSMEPEPGRCRRTDGKKWRCSRDVV,0
Q10046-390,LGCLAFVRDPVIAVTCLVIACTGSGSVLSGF,0
Q8BKC5-266,LRPHLEATLQLSLKLCGDTNLNNMQRQLALE,1
Q2WG76-85,LQYQHPVRLFWPKSKCYDYLYQEAETLLKNF,0
P0C7V0-130,ADVSACLRRRSHGDRCVPRSRRRPRPRPRAS,0
P05388-119,ANKVPAAARAGAIAPCEVTVPAQNTGLGPEK,1
Q8VDJ3-53,PTYKDAFPPLPEKAACLESAQEPAGAWSNKI,1
Q6NSW3-1666,KSWKVGDIFHAVVQYCKLHAEQKERTPSLFD,1
O82081-105,NSLVPLTTPGKRYFICGMPGHCSQGMKLEVN,0
E9Q876-185,LLKQNSTPEDIRRELCESYPGYTADYAFSWV,0
Q3UTY6-991,KDKYYNCNVVVQARLCVYNYYKTACCASCTR,0
Q9SU30-24,VNDIFLRLPAKTLVRCRALSKPCYHLINDPD,0
Q6IMT0-474,VTVVLYNPGGSPIYQCGLDSFQATANNMSNR,0
I3L1H3-44,LCLLGCIAGCCFIPFCVDALQDVDHYCPNCR,1
Q9NZQ7-272,FIFRLRKGRMMDVKKCGIQDTNSKKQSDTHL,1
Q6ZU45-132,IGAASCTAQKPFLCYCDPDVGHLISTKPSLS,0
Q6L8H1-202,SKGGCGSCGCSQCSCCKPCCCSSGCGSSCCQ,0
Q61838-594,ASDTHLKVKAAPLSLCALTAVDQSVLLLKPE,1
Q61907-70,SLGICILLLNILRSHCFTQAMMSQPKMEGLD,1
Q64442-179,ACRRGSVSLGNKVLVCGAGPVGMVTLLVAKA,1
Q5I0J8-96,VKKEIWRGRRLKCSFCNNKGATVGCDLQSCP,0
P10599-73,DVDDCQDVASECEVKCMPTFQFFKKGQKVGE,1
Q8NH83-85,AYSTTISPKLIVGLFCDKKTISFQGCMGQLF,0
Q9UIG8-331,NGVLRHPLEPDSSASCFQQLRVIPKVTKHLL,1
Q66IV1-130,CNNNNAMLNPKGYPMCMSNQGLPIKAEPKTS,0
Q3UZ09-416,LHQRQRTEVFSDNMFCVGEEMQVNSVCQGDS,0
Q98199-347,IVLVDTRCYGLGYRECRCYLDEARLLQDISK,0
Q5VTT5-1175,MPDGQYDPETGTGLLCIEELSKKDKGIYRAM,0
Q96WJ0-417,EFKDHMIKALDFLDKCQIQKNCDDQQKCYRH,0
P38146-199,NILEINKKKSGSGCIC***************,0
Q6AV21-302,DHMLRGQWQNFVHDNCLQEEDICLFVPTKGG,0
P34607-570,LTHYLLGLELDKTEQCSNWQCRPLRKKQIVY,0
Q9FLY5-542,VPTHEERYEEFWTVRCENYGDPNFWVPFVRK,0
Q6R2K3-9,*******MAAKRSIYCLLLLPLLLSLLIWIP,0
Q9CR21-140,EFGFEIPDIDAEKLMCPQEIVDYIADKKDVY,1
Q6DFW4-106,DAKLGGVIKEKLNLSCIHSPVVNELMRGIRS,1
E9PIM6-28,VLQVSRGQKVTSLTACLVDQSLRLDCRHENT,1
P05388-27,NYFLKIIQLLDDYPKCFIVGADNVGSKQMQQ,1
O13691-88,PNDFFWRPKKPRVRICNSWMCQQAAEEQGNS,0
Q9Z2D1-486,HADADRSPVFLQFIDCVWQMTRQFPTAFEFN,0
D3YZZ5-151,PSENRVSALTQMESACVSIHEALKSVIDYQT,1
F8VPN4-371,TFIPHDNGPAAIEECCNWFRKRLEELNSEKH,0
Q80X90-706,PIDIQMKSRMDGTYACSYTPLKAIKHTIAVV,1
Q65750-496,ELINPTTYGIGMTYHCYNEMLRMLVAAGKDS,0
Q9GZU1-53,EEDLRRRLKYFFMSPCDKFRAKGRKPCKLML,1
Q91WJ2-88,LRISIPLDSNLRPEKCRRFVQPQWHLLQFNG,1
Q17RR3-252,GHLDFYPNGGKHMPGCEDLITPLLKFNFNAY,0
Q9CRD0-42,PTEEEWRLFAECHEECFWFRSVPLAATSMLI,1
Q9H8U3-157,RSEETSRSKQKSRRRCFQCQTKLELVQQELG,0
Q811Q9-53,RLTLTAPAPFADESSCQCQAPHEKLTVAQAR,0
Q70EK9-234,VWSGTPETRKRKAKSCICHVCSTHMNRLHSC,0
Q8BGA2-62,EQAGMNSEPHYLGILCIRTPAMQQVSRDTLC,1
A2AX52-2303,GPTHGPCPMGPEEGECLNYVLK*********,0
Q7TSF2-65,EEGRPVQTSRARAPVCDCSCCGIPKRYIIAV,0
Q8WZ75-625,QLAQLSSPCSSSDSLCSRRGLSSPRLSLAPA,1
P53996-123,LARDCDHADEQKCYSCGEFGHIQKDCTKVKC,1
Q23369-436,HAKQRGLERANSPDKCLSKMRSRSNGKFRTS,0
Q6PGH4-4,************MLACLQRTQNPPGQHLACP,0
Q01518-93,TGLKLERALLVTASQCQQPAENKLSDLLAPI,1
Q3TX51-233,GLPSYLYNKVIGCNGCGIPIQLSEVRLLTFS,0
P38815-81,SINANFSFQKAHVSDCTIVNGDHGTKFAVWR,0
F6S9Y6-141,MALLTLGINSAMVLDCGYRESLVLPISFLNP,1
Q16658-121,EAHRRYFGGTEDRLSCFAQTVSPAEKWSVHI,1
Q91VD9-367,VALKDLLNKVDSDNLCTEEIFPTEGAGTDLR,1
O55135-152,VFRQTVADQVLVGSYCVFSNQGGLVHPKTSI,1
Q80Z19-163,DALMVELDSRFQNHTCGLCGDFNGMQTNYEF,1
Q8BS03-191,MVWATSNRIGCAIHTCQNMNVWGSVWRRAVY,0
Q8IY21-50,ESEFFLIDGDSLLITCICEISFKPGQNLHFF,0
Q9W332-384,SPQDIDIPAGQTPRTCPAGNNPCYPTASCFL,0
Q7TNG8-439,FAENLGRRALALGGTCTGEHGIGLGKRQLLQ,1
Q03135-143,WAVVPCIKSFLIEIQCISRVYSIYVHTVCDP,1
O14828-190,TLALLLNFLACLASFCVETNNGAGFGLSILW,1
P36552-346,LDSPSKEEAFRFVKTCAEAVVPSYVPIVKKH,1
O74804-132,ELISKFQLDSYRPFFCKWTSSATVSSTISND,0
Q9NWX5-266,ADPSECPAHESLTHICLKSFKLHFPLLRFLL,0
P05997-71,PAPCQICVCDNGAILCDKIECQDVLDCADPV,0
O00592-344,KTPSPTVAHESNWAKCEDLETQTQSEKQLVL,1
Q99JW4-94,IGRVIKAMNNSWHPECFRCDLCQEVLADIGF,1
Q922B2-349,CEPFKFLEPTLRLEYCEALAMLREAGVEMDD,1
Q9SJZ7-350,PDPILKRDDTNILYTCKISYIDAILGTTLKV,0
P16615-471,DTELKGLSKIERANACNSVIKQLMKKEFTLE,1
A2ARV4-3869,HVCIQSFWICDGENDCVDGSDEEIHLCFNVP,0
Q9FMH8-433,CCPHEYPVCDVNRGTCLMSKNSPFSVKALKR,0
Q8C196-920,RKAKEIGFSDKQISKCLGLTEAQTRELRLKK,1
Q64701-439,MGNIIKIVKGIGETFCQHYTQSTDKQPGSHI,0
Q9JJZ2-213,SDCAFMVDNEAIYDICRRNLDIERPTYTNLN,1
O18304-251,PIPLAYPQAVFLAVRCYFAVCVFTRQHLDRY,0
Q8VCR2-215,TAELDTLGKTGIQTSCLCPVFVNTGFTKNPS,1
Q8VY00-903,KVYSSWKETNFSTQWCYENYIQVRSMKRARD,0
Q8BGT5-476,PDMFYCMKLLEETGICVVPGSGFGQREGTYH,1
Q5ZM45-512,DESTPPKPIDNTACLCSHGKLHPDKICIMKR,0
P50544-423,GFKDFQIEAAISKIFCSEAAWKVADECIQIM,1
P0DTE4-498,WFQYHSLDVIGFLLVCVTTAIFLVIQCCLFS,0
Q6NXY1-621,TVVAYSTCSRAPLLNCTLKNDFEYFFHHRNN,0
P29401-42,IQATTAAGSGHPTSCCSAAEIMAVLFFHTMR,0
O14186-699,IISDCISRGDVQTAACVCSVFSYLTIDLPRI,0
Q08AN1-523,LAVHRRIHTGEKPYKCKECGKVFSDRSAFAR,1
P21453-328,LTNKEMRRAFIRIMSCCKCPSGDSAGKFKRP,1
Q75J93-632,LTQNPMIATDVEMSICLHPTLEINKYDSKQG,0
P62873-204,SLSLAPDTRLFVSGACDASAKLWDVREGMCR,1
P00329-98,CVKPGDKVIPLFSPQCGECRICKHPESNFCS,1
P58421-146,MNCDRLPEHGDPDTLCMYYNWTETTTTLPPT,0
Q9Y7V0-70,LFNMLGYDNSVHPNNCKGSFLCPMLRGENRA,0
J3KQ69-370,ADRGVVCIDEFDKMSDMDRTAIHEVMEQGRV,1
Q7ZWS1-140,ENKLCPSVTQECASKCFFGDKCKFSHDVAKY,0
Q98031-249,NHKINISMSTCTIRNCNKLGPRENVAIIQVG,0
P00511-577,GTKRRVFIIETMGGYCGYLATMAGLAAGADA,1
Q4LDG0-152,SEGSSITNSQLDARSCQAAWVLKAKLKDAVI,1
Q64442-45,LGPNDVLLKMHSVGICGSDVHYWEHGRIGDF,1
Q2KHZ2-506,RLCVSDVFKDQGSGFCVTGKIEAGYIQTGDR,0
P0DTU3-157,AVYQLRDSKSSDKSVCLFTDFDSQTNVSQSK,0
P19157-48,VVTIDTWMQGLLKPTCLYGQLPKFEDGDLTL,1
Q91WC1-44,VKFFKPPYVSKGTDYCSVVTIVDQTNVKLTC,0
Q6NS65-309,PVMYFFVAEKFRHALCNLLCSKRLTGPPPSF,1
P30731-153,VFGKGMCHVSRFAQYCSLHVSALTLTAIAVD,0
Q9PTS8-221,EIHGMPAVKNVITYGCCSEPYPDVTFTLILK,0
Q61765-172,SDINGLRRILDELTLCKSDLEAQVESLKEEL,1
P0CK26-7,*********MLNFSLCLYPVFILNKLVLRTQ,0
Q91VI7-251,NAGIAALCPGLLLPSCKLRTLWLWECDITAE,1
Q10F39-771,RSRNILPGTVVDTKICHPSEFDFYLCSHSGI,0
P48509-184,WIRSQEAGGRVVPDSCCKTVVALCGQRDHAS,1
Q06567-325,EYIDSHGISRSEVSSCLSHIFNNMIFTPNVG,0
Q3TF84-48,KELAALPKATVLDLSCNKLSTLPSDFCGLTH,1
Q96EP0-722,PHNRMQALTSCECTICPDCFRQHFTIALKEK,1
Q05816-43,VGLALRKMAAMAKPDCIITCDGNNITVKTES,1
D3ZHH1-55,NERGMLANGRPCEPGCRTFFRICLKHYQATF,0
O35969-91,SRVQQAPIEEHWIIECNDGVFQRLQDWALRQ,1
A7MB40-340,FSGCSHPCSGHCSGHCSGPLLPPPSSQQLPS,0
P16015-182,KTKGKEAPFTHFDPSCLFPACRDYWTYHGSF,1
O35657-212,GIQKQREPGKGRLIVCGHGTLERDGVFCLLS,1
O08999-1111,TGVCTNTVGSFSCKDCDQGYRPNPLGNRCED,0
P38359-735,SSNGETYEKPLLKVVCLDFSQVAQVDSTAVQ,0
O77676-441,RTFKDSKYLYMLMEACLGGELWTILRDRGSF,0
F4J8C6-277,KQMAREVCIAFRQAVCGFDLLRSEGCSYVCD,0
Q3UHB8-78,REQSPLLHLDLFNFACPEAEGSRYVLTSPRS,1
P47974-159,GGGSQINSTRYKTELCRPFEESGTCKYGEKC,0
Q8VC28-39,YKPKEVPKSKSLEAACLALDVGYRHVDTAYA,1
O55111-585,RSEIPFLISDSQGFSCPERQVLQLTVCECLK,1
Q6DFF9-680,IKVQTDPSGLYIATSCSDKNLSIFDFYSGEC,0
P18487-212,EIFQSLFKEFGSILGCCLEYVNIEHITKCPV,0
Q99PL5-1136,LHSKLQSSEVEVKSKCEELSSLHGQLKEARA,1
Q9Z2I8-256,VEVNPFGETPEGQVVCFDAKINFDDNAEFRQ,1
Q91X83-121,NVLVALEQQSPDIAQCVHLDRNEEDVGAGDQ,0
Q64335-103,YFSMEKRDWNSSLKFCADKGSHLLTFPDNQG,0
P18168-792,VGTFCKCHVGHTGTFCEHNLNECSPNPCRNG,0
P15538-270,EHFEAWDCIFQYGDNCIQKIYQELAFSRPQQ,0
P16546-1930,FETDFTVHKDRVNDVCTNGQDLIKKNNHHEE,1
Q8BB26-8,********MFLLPRFCLVCSIIGTFGFENPP,0
Q32M78-256,HMKTPTEEKPYECKECTKAFSCSSFFRAHMK,0
B2RX12-702,KGSVAYVPQQAWIQNCTLQENVLFGQPMNPK,1
P05064-290,QSEEEASINLNAINKCPLLKPWALTFSYGRA,1
Q9M1C2-126,MSAYEVDFGTEDAKHCFCKESDLLAIVQ***,0
Q9CS84-1395,PISQTTDDILVASAECPSDDEDIDPCEPSSG,0
P35221-720,WDDSGNDIIVLAKQMCMIMMEMTDFTRGKGP,1
Q9NWW6-194,LQVYEDLIQELAKQKCLQVTA**********,0
Q9JIM1-378,VLVASRIVFIPLLMLCNVKARHCGAQRHHFV,1
Q9Z2R9-109,LCQTFIKMGLLSSFTCSDEFSSLRLHHNRAI,0
Q9UK96-49,YELILSLDSTRWRQLCLGCTECRHPNWPNQP,1
Q8R3F5-104,YEAAHRVLGYDLLELCLRGPQEDLDRTVHCQ,1
Q8R3P9-787,KLKKKSEELSCSKENCPSLVTKMNFHKTNLK,0
Q8R164-234,LPEGNICRHLLPLVQCPTLIVHGEKDPLVPR,1
Q9VLM8-74,NSEMSKWVRVANTQKCIRAGGKHNDLDDVGK,0
Q8BSE0-313,LLPEEPLLYYLKGRYCYTVSRLSWIEKKMAA,1
Q84LK0-432,ALKIQETCKLMSTVTCSIPEFTCVSSAKLVK,0
A3KMY4-666,GFFSVFGMCVDTLFLCFLEDLERNDGSADRP,0
Q91Y47-544,STLQKAKVPLVSNEECQTRYRRHKITNKMIC,1
P27864-665,ERFVPKVVEHEIRSQCLGSDHCPITIFFNI*,0
Q95R14-40,HVFCETCRTTPTADFCHLCKIPTKTLKMDAS,0
Q62226-25,LVILASSLLVCPGLACGPGRGFGKRRHPKKL,1
Q9UJT1-46,QGLCSMRENEAYQASCKERFFSEEENGVPIA,0
Q62452-181,FARGVFCDYLEEGAQCPSLPSYVPRLFSKYT,1
Q92398-135,PLTDAHFQSFIYQILCGLKYIHSANVIHRDL,0
Q9VX91-384,HILEYDVKLWKTARTCWHRLLISGMLMEYDN,0
Q9EQU3-819,AQDLRLCLDEVLSWDCFGLSLLAVAVGMVVP,0
P62829-125,GEMKGSAITGPVAKECADLWPRIASNAGSIA,1
P02462-1460,GFLVTRHSQTIDDPQCPSGTKILYHGYSLLY,1
Q9QXF8-186,LVIDHRNYDYILSTGCAPPGKNIYYKSDLTK,1
Q9ULD4-325,IEGIDNIPPARWKLTCYICKQKGLGAAIQCH,0
Q80T85-349,SIVNQVRFNPHTYMICSSGVEKIIKIWSPYK,0
Q8C196-516,PDGLILGMGGQTALNCGVELFKRGVLKEYGV,1
Q14126-637,FLLLLLVPLLLLMCHCGKGAKGFTPIPGTIE,1
P41091-269,PRLIVIRSFDVNKPGCEVDDLKGGVAGGSIL,1
P68322-194,DVINDCKSTFSMKTACISFSMIATMAPDIVQ,0
Q15758-39,ALASIEDQGAAAGGYCGSRDQVRRCLRANLL,1
O43505-295,QVGEVRPFYYGLCTPCQAPTNYSRWVNLPEE,0
Q9WUH1-156,FLGGVLVALKQTMGDCVVLRVPQVRVSVVPM,1
Q8N9I9-272,GVRYPGTTRVAYLPDCPEGNKVLTLFRKAFD,1
Q90827-672,NDRCSVCSCQSGYVMCRRMVCDCENPTVDLF,0
Q3TJZ6-46,QAVSAGAASPEFTKLCAWLVSELRVLCKLEE,1
P26639-137,VNNVVWDLDRPLEEDCTLELLKFEDEEAQAV,1
P70310-377,SSSFRKLFLESLSSLCGEQRSVVPLPQEAPE,1
Q9FJ04-181,KFIFFIMNFKNLIFICVGIFLFSL*******,0
Q15149-3336,PSTGEPATYGELQQRCRPDQLTGLSLLPLSE,1
Q61699-140,LKETAENNLKKPVTDCVISVPSFFTDAERRS,1
Q02248-466,VLRAGDREDITEPAICALRHLTSRHQEAEMA,1
Q5T7W7-481,KVSGPMQDSFKEECECTARRPRIPRELLQHV,0
F1RB95-321,PDSTMGICPSCRYAFCTLCRRSYHGLSHCIA,0
Q9IA02-79,HRFQYPERPIIFLSMCYNVYSVAFIIRSVAG,0
O88844-245,IYDKKYKSQFEAQKICYEHRLIDDMVAQAMK,1
P23126-168,NSANKYMKNEFLMSSCIVITLNLFIFMYKS*,1
P97328-282,SLSKGNSMQEALRFGCQVAGKKCGLQGFDGI,1
Q9FLB1-59,HVAMHHTHDVGPDQCCSSVVQMIHAPPESVW,0
Q8BHH1-130,EMGAVRLLAQLVSALCSRYCISALWSLSLTK,1
A6PWR1-42,QRVEDGHRLCGDLVSCFQERARIEKAYAQQL,1
Q9DBN5-405,KTLGREFHRIALGGVCDQSDIRGHRRTYVGS,1
A2ASZ8-225,LKVLMQVHASRSNNMCIVGGFTQMIREGGAK,1
Q9UJD0-307,RRLSQSSLESATSPSCS**************,0
P62810-61,ERCTGDGSCSGNMKCCSNGCGHACKPPVF**,0
Q80Y56-254,VLDEKDDDRIRCCTHCKDKLLKREQQMDEKE,0
Q9DC50-210,LCRGRAFVFDVLHEGCLITPPELLRQLTYIH,1
P0C6X3-5427,VSDVTKLYLGGMSYYCENHKPHYSFKLVMNG,0
Q02225-84,PGGPLFMPSDRSTERCETILEGETISCFVVG,0
Q7SIG6-86,NEEQYTQALEKFGGNCVCRDDPDLGSAFLKF,1
A6NHQ4-5,***********METLCPAPRLAVPASPRGSP,0
P21707-77,AIAIVAVLLVVTCCFCVCKKCLFKKKNKKKG,1
P28902-112,IAQDPNTCEICAYAACTGC************,0
Q71RI9-338,AEAFWIDIKRMDDPECYFNSLPKELEVKRDR,1
Q9QXZ6-439,GVQHPLYGEKNVLADCNTRCSCLTDTWDPVC,1
P24585-306,ESTLPSGTTSSDKWPCMCRNRGDTSERDDTP,0
P63244-240,KHLYTLDGGDIINALCFSPNRYWLCAATGPS,1
Q9ET61-268,LCVSPKFGCSFNNGGCQQDCFEGGDGSFRCG,0
Q7TMB3-158,TDYLSFRDRFQKNFVCLENCSLQDRTVTGTV,0
Q0VDD8-1133,SQGNASFTYGYEYLGCTSRLVITPLTDRCWL,0
Q6PEB4-46,RTLSCHKLVLGIETSCDDTGAAVVDETGNVL,0
Q9LZ39-318,DWVSWNQIFFLADITCCCAIVFAMVWSMCCL,0
Q91X60-408,TEEEEEEEEDENICMCAGLPDSSMGVLYGHG,0
Q8S8N6-105,NNDYLSQECSQKFINCMNNFSQKKQPTFKGN,0
Q91ZX7-808,IRMYDAQQQQVGTNKCRVNNGGCSSLCLATP,1
Q8T690-1248,WKFFFSLSVYLLVIMCYDSLATLFALTLPTI,0
H0YMW4-37,FQKASFKMSTVHEILCKLSLEGDHSTPPSAY,1
O35516-706,CRKGATCINDVNGFRCICPEGPHHPSCYSQV,0
F4HVS6-427,EEFHKQNGNASAYDDCQETKPVSDLAVSSSN,0
P06909-320,TVSKCTPTGWIPVPRCTLKPCEFPQFKYGRL,1
Q8VEE4-540,LSANIADFQENQWVTCFQESAEAILGQNTMY,0
P52429-28,SEGLFADGHLILWTLCSVLLPVFITFWCSLQ,0
Q5VU65-349,VHKNVHMRSVSGLPNCTIYVVEPGFLGFTVQ,0
Q15562-348,YESLEHMTLTCSSKVCSFGKQVVEKVETERA,1
Q6PJF5-476,PSSIDLIHLGAKFSPCIRKDGQIEQLVLRER,1
P36953-270,LTSLLEDVSSMYDGCCEGDVVQCIRSQSQVM,0
P48634-486,REEEERRMQEERRAACAEKLKRLDEKFGAPD,1
Q5RKR3-533,GARRPGRRPLRLLYLCPAGGGTAVQWSRVEE,1
Q20502-415,SHRNCTKVQDAYTLRCVPQVHGVVHDTIEFV,0
Q8CGK3-898,GIKEKTIAAKRAGVTCIILPAENRKDYSDLA,1
Q8R4U0-695,KLGTCVRCFMKNWSKCPTNSEPTAIFTNKCF,0
Q8BYU6-342,TIIFTAAREGKETLKCLSYHVANAYTSSQKV,1
P35564-195,FHDKTPYTIMFGPDKCGEDYKLHFIFRHKNP,1
P34675-1091,TQHVKPMVAIDPFMNCTNRHCEINRLATPTH,0
K7EMM6-92,LFVKADVLSGENAYMCAKCKKKVPASKRFTI,1
Q922D8-408,LVQALGAHLRQNVFACVRQPSQGPTFGIKGG,1
Q01484-347,GLSPLHMAAQGDHVECVKHLLQHKAPVDDVT,1
P32914-7,*********MSSERACMLCGIVQTTNEFNRD,0
P01889-332,VLAVVVIGAVVAAVMCRRKSSGGKGGSYSQA,1
P08133-669,EGDTSGDFLKALLALCGGED***********,0
P18168-529,PPEWHGDVCQVDVNECEAPHSAGIAANALLT,0
Q8TEU8-448,EESCPFPRGNQRCRACKPRQKLVTSFCRSDF,0
P11352-154,TALMTDPKYIIWSPVCRNDIAWNFEKFLVGP,1
Q9DCD0-402,QNLLLDDFFKSAVDNCQDSWRRVISTGVQAG,1
Q69PA8-257,PTYHTIHHTKEDANFCLFMPLFDLIGGTLDA,0
P04625-105,KYDGCCVIDKITRNQCQLCRFKKCISVGMAM,0
Q9D7J4-28,KPFKLLGILDVENTPCARESILYGSLGSIVT,1
Q8BH04-306,PAGKKRYVAAAFPSACGKTNLAMMRPALPGW,1
P13639-369,ITIHLPSPVTAQKYRCELLYEGPPDDEAAMG,1
Q9SB64-254,NFNECPFSGSTMNYSCPNPVNLNKHPRRVCH,0
Q16549-579,SDPNGFNDWTFSTVRCWGERARGTYRLVIRD,1
Q24270-1287,KMDHETLSDEEVREMCEEEEEVDEEGMITAR,0
P06151-84,SLFLKTPKIVSSKDYCVTANSKLVIITAGAR,1
P41805-8,********MARRPARCYRYQKNKPYPKSRYN,0
Q61616-347,AFNADFQKAFSTLLGCYRLCPTTNNAIETVS,1
Q9ESB3-504,LQPEIQPFPQTASRSCPGKFESEFPQISKFF,1
Q5BJU7-128,DRKTLPIPLQETYDVCEQPPPLNVLTPYRDD,0
Q9DCJ5-66,KDPRRCLKEGKLVNGCALNFFRQIKSHCAEP,1
Q8QZR5-89,MGQRPITFFRQVLALCVYPNLLSSPDFPEDA,1
O08573-73,AFHFNPRFEEGGYVVCNTKQNGQWGPEERKM,1
Q3TXS7-571,MYGRMEEADALIESLCRDKDPILRRSGMYTV,1
Q8CH36-140,YSDTVSFAMEASPWSCLQRQAAWGRQVVDFF,1
Q99N64-324,IFQPVFKKLRFQHIICDLTSTTILEQDRLIP,0
P84466-598,VCFTYGAWFGLEAFACMGHTYHNGVACAEIS,0
Q9NSG2-487,LCAHHVTIVAHLIKSCPGECYQLINLSILLK,0
A1Z7K9-503,KLGTQDFDFDQHNQTCFAGLEATLPNSYCNA,0
Q3TXS7-633,AVESLGFILFRTPEQCPSVVSLLSESYNPHV,1
Q9JIL5-868,APPPPLPPPQPPVDVCLKKGDFSLYPTAAHY,0
P28222-33,TWVPQANLSSAPSQNCSAKDYIYQDSISLPW,0
P0DKA4-94,DTTCPYTVGHPSDPDCAPVVHLKGDPNCLKC,0
Q5F425-47,PQKLQALQRVLQSEFCNAVREVYEHVYETVD,0
Q9DC69-86,NHLGRMGSQVIIPYRCDVYDIMHLRLMGDLG,1
Q9R1C6-38,WTLCSVLLPVFITLWCSLQRSRRQLHRRDIF,1
P07724-500,CLLHEKTPVSEHVTKCCSGSLVERRPCFSAL,1
F4IHJ0-330,PEFLGGACTCADQGGCMLSDKGPWKNPEIVK,0
Q8S3W4-230,ATNDTCTIKGLIAALCFHQMFEGMGLGGCIL,0
O88908-322,VLGCLLYACFILGRLCVPVFANMSREPFSTR,1
Q14DL3-279,DEDKYLEDFFFIKPECNIKGKVAHWKQMRYS,0
Q9NYJ7-400,GPRCEHDLDDCAGRACANGGTCVEGGGAHRC,0
Q9H3U7-113,QEQARKEFQQVFIPECNDDGTYSQVQCHSYT,0
A2AIR7-1122,LRRGPRPIVPYSSMFCLSPTNLLRRFCHYIV,1
Q9DBA8-189,ERARRELHLSLSATYCGAHSVPKGKTAVEAA,1
Q8BFS6-268,GTYQNLDMVVSSAIGCQLGKDTHGLRVVAIT,1
Q3UQ44-42,EMDERRRQNIAYEYLCHLEEAKRWMEVCLVE,1
Q91Z96-320,IFQVSYFAFKFAKKDCPVSNINNSFLPSTLP,0
P06734-17,EEGQYSEIEELPRRRCCRRGTQIVLLGLVTA,1
P97412-504,EQLHHSMCTRKRHRRCEYSHFMQHHRDLSGL,0
P08071-216,SSPEEPYSGYAGALRCLRDNAGDVAFTRGST,1
O89112-305,YKVFKEERYLCDAQQCADVIWQYGLLKKGYG,1
P13773-79,TILTLTNTAVNGGFPCYLYAIVITYGSFACW,0
Q8BU14-82,GEDALFTTRESVVDYCNRLLKKQFFHRALKV,1
E9QMN8-275,GNIVAQVTKCIWFAICNRFRNRSEDIPKRQH,1
Q8VDK1-63,CQVTSTPNKQENFKTCAELVQEAARLGACLA,1
P24348-326,NPDGRYQNGNHCVKECPPELLIENDVCVRHC,0
O15118-956,SWIDDYFDWVKPQSSCCRVDNITDQFCNASV,1
P01027-720,YSCQRRARLITQGENCIKAFIDCCNHITKLR,1
Q8R0F9-301,RGSSHQVENEILFPGCVLRWQFASDGGDIGF,1
A7YWP2-36,SQGDREPVYRDCVLRCEERNCSGGALKHFRS,0
F6YLI0-37,SIHLWDLLEGKEKPVCGTTYKALKEIVERVF,1
A2AWL7-1582,VMVVTPVVSSEQVQVCSTVAAAVTTSPQVFL,0
Q99K95-51,YCTLSQEILRRPIVACELGRLYNKDAVIEFL,1
Q8JH71-143,LDGLSERCAQYKKDGCDFAKWRCVLKISDSC,0
Q98TW1-1505,PGSGMANMGPEQQKYC***************,0
D3Z106-310,PKVIVEVLFKYPITQCLAAPGVYRMVLQQKT,1
Q7YR70-217,WKVPNGDCKTFQGPNCPATCGRVLPDGKRAV,0
Q9C0F0-1277,SVLMSVDSANTTISACNISMLKTIQGTDTPC,0
F5GY55-128,GRPSETGIIGIIDPECRMIGLRLYDGLFKVI,1
Q9DC28-255,LCKGYPSEFATYLNFCRSLRFDDKPDYSYLR,1
Q91ZX7-2625,EFRCRDGSCIGNSSRCNQFVDCEDASDEMNC,0
Q14699-494,KNLEDQSSKAGDMGNCVSGQQQEGGVSEEMK,1
O42565-115,AGEHKYHPECFMCSRCKAYIGDGETYALVER,0
Q925I1-471,EQFDWAINDRIDEMVCFALPQREERERLVRM,1
Q8NEG5-249,CNNCKQFPIEGKCYKCTECIEYHLCQECFDS,0
A0A486WWJ9-476,FVTVYKGNMKRHLNTCHPQPEFKSLKEWDQK,0
P00511-351,VSLSGNQAVRLPLMECVQVTKDVTKAMDEKR,1
Q7XIF5-383,PSTYGAYCRQQFRWACGGANLFRKIAMDVLV,0
Q9CAL3-125,PQCYPQNGGRIFLDGCFMRAENYSFYNEYKG,0
Q60936-617,ETYSLHRKMGGSFLICSKLKARFPCKAMFEE,1
Q6ZWZ6-50,IREAAKALDKRQAHLCVLASNCDEPMYVKLV,1
Q8C0L0-209,VFGLFMGLILVVISECFCVPLPRASSERCEQ,1
Q8BFT9-464,PEVYPTATRALGLGTCSGMARVGALITPFIA,1
Q5T3F8-126,SVSSSVDFDQRDNGFCSWLTAIFRIKDDEIR,1
Q61694-183,ATNGRLLKNGGTLHTCALRLPFIYGEECQVT,1
Q9XUB2-320,DAPARYPNNKYKTKLCKNFARGGTGFCPYGL,0
P55072-209,EEESLNEVGYDDIGGCRKQLAQIKEMVELPL,1
Q8N157-952,FPLPGIHQSQDALCTCPKLPHQGSFQIDEFV,0
P49144-344,PFFIISLVMPICKDACWFHQAIFDFFTWLGY,0
O42861-248,DTAALKEEVLKYMNRCSTQDLADMTGCTLAE,0
P50247-195,VNDSVTKSKFDNLYGCRESLIDGIKRATDVM,1
O83998-80,AIPPPNITGVLHMGHCLNTVLQDIVIRYQRM,0
P42287-223,VFHSCLCVNDYDGERCAYKSWNGDYIYSPPT,0
P16460-97,LYEDRYLLGTSLARPCIARRQVEIAQREGAK,1
Q96AP0-485,PPFPRTGATRGAQEPCSVWEPPKRHRDGSAF,1
Q92696-487,HNRLRTLPPALAALRCLEVLQASDNAIESLD,0
P46013-1251,HTEELVAAGKTTKIPCDSPQSDPVDTPTSTK,1
Q96AP0-212,GPCTAPPVTHWAASRCKATGEAVYTVPSSML,0
Q20035-307,EEFSVETLSEGVSLSCSLVVSGWIESDTSPD,0
Q8BXJ8-365,SKGSGLQNKMFHCEICDVHVNSEIQLKQHIS,0
P07550-341,YCRSPDFRIAFQELLCLRRSSLKAYGNGYSS,1
P48643-253,QMPKKVEDAKIAILTCPFEPPKPKTKHKLDV,1
O08914-121,EVNKGTNCVTSYLTDCETQLSQAPRQGLLYG,1
A3BDI8-128,STCRKRVGLTGFNCRCGNLYCAMHRYSDKHD,0
Q9ZQH3-416,FFPDPQYENLQHIICCDSYATYAYDFEFADN,0
Q9D2P8-63,KSGCFYQKKEEDWICCACQKTSRRATSPQRP,0
Q9JKY5-185,NNIFQLTVEMFDYMDCELKLSESVFRQLNTA,0
Q920A5-152,TVASDMMVLLKSFFDCHKEFQTVPFYIFSES,1
E9Q236-19,VHTEVKPNPLQDANLCSRVFFWWLNPLFKTG,1
Q8N1G0-566,HYDRRSMRIEVTCNHCARRLVFFNKCSLLLH,0
Q9D8S9-18,SARSAQCMVSMATRSCVSRGSAGSAAAGPVE,0
Q96KG7-828,ITGTCYCSPGWKGARCDQAGVIIVGNLNSLS,0
P0C6Y0-6932,LPTGCMMNVAKYTQLCQYLSTTTLAVPANMR,0
Q5QJC3-382,GGVTAPQQNSHESAFCSLEDGICFYDCKEEE,0
Q6ZNB6-528,HRGSCYPCPETVDVKCNCGNTKVTVPCGRER,1
Q9ZNS4-138,VVWRNSVRLGCAKVRCNNGGTIISCNYDPPG,0
P02786-363,NMEGDCPSDWKTDSTCRMVTSESKNVKLTVS,1
Q76EJ0-150,AFSMAAKNWAKCDPRCSSTVSTSNSNPEPRV,0
P07357-84,FGGTICSGDIWDQASCSSSTTCVRQAQCGQD,0
Q9CQI6-52,VPGDQGADYQHFIQQCTDDVRLFAFVRFTTG,1
Q9TXP3-1556,HELTPFTVGARPVQCCYCTNILTRWSKAVHC,0
P62702-41,VFAPRPSTGPHKLRECLPLIIFLRNRLKYAL,1
Q9QXD1-640,DAFDFSDHCLNSALGCYDGHVYQRLFEWAQK,0
O35488-301,LALRSKFSASQFWDDCRKYNVTVIQYIGELL,1
Q5U4E2-6,**********MLEQRCRGPTAMGPAQPWLFS,0
P36633-2,**************MCLAFGWAAVILVLQTV,0
A1ZBE8-742,YLSRKLLHIESEPKECSVKVQLQRTTSTIHT,0
O88986-346,MEAAGFTVSGADHPICPVMLGDARLSSQMAD,1
Q4KUS2-1629,SLSADAGPECYELQVCVKDYCFAREDRTVGL,0
Q61418-491,QLAYHHHDWIIFRNWCRPGADCVTPGLYAMV,0
Q8T683-1399,GYVTNTTSDNSECGYCIFNSGEQYYKTLEWD,0
Q29PZ1-10,******MKTMRGLRNCSNDAVTLDLTVHPPP,0
P98164-229,EHACNYPTCGGYQFTCPSGRCIYQNWVCDGE,0
Q80U22-188,QDPATALGTQCSTSHCCRPELEAERMELDEC,0
A1L020-345,PLSTFRQNSLGCIGECGVDSGFEAPRLGEQG,0
Q86SG6-405,GVTIKHVACGDFFTACLTDRGIIMTFGSGSN,0
Q8BVA5-185,RMSESPNGKFATPFLCQFRYLLYATSYLLFK,1
Q13443-623,GSDVPDPGMVNEGTKCGAGKICRNFQCVDAS,0
A0A023PYF4-56,KSSKPTNVPSNSRFDCSTINTFWLIVLSMTS,0
P83474-463,DEDAECICNHEGKCTCVAGNEFPTEFGCECD,0
Q641P0-34,LGYAGNTEPQFIIPSCIAIRESAKVVDQAQR,1
Q9V6A9-214,QFIVNVSLGTDLWMMCVSSQISMHLGYLANM,0
P57999-955,SRGYFKVGEQWFKSDCKQLCICEGSNQIRCQ,0
Q3UGY8-1532,WDVASANFKHAIGLSCELVVEHIQSFLHSDI,0
Q924H0-350,FNENFRNGFQDAFQICQKKAKPQEAYSLRAK,1
Q9C5U0-761,PHIGSTFWFTAVLEKCDKCSAINHMKKPNVE,0
Q9DAV9-161,VVGWARGAGGAVVTACEQLLKGDWKPEGDEW,1
Q9QXX4-504,ACFLRDIPFSAIYFPCYAHVKASFANEDGQV,1
H2KYH4-77,MYRVHNITRMFMCRCCNWAFPDKTSLHIHMQ,0
Q96EP1-428,DVDSESSDISQPYVVCRQCPEYRRQAAQPPH,0
P49137-98,NKRTQEKFALKMLQDCPKARREVELHWRASQ,1
P08249-212,IGGHAGKTIIPLISQCTPKVDFPQDQLATLT,1
O55029-276,YRLESTLNYGMERVWCVASLRGSNNVALGYD,1
P53668-28,ERMGEEGSELPVCASCGQRIYDGQYLQALNA,1
G3V511-1595,DIHMDICWKKVTNDVCSEPLRGHRTTYTECC,1
Q08460-54,ASSSSSSSSSSSSSSSSSSSSSVHEPKMDAL,1
P53026-164,DEVKSTIKFQMKKVLCLAVAVGHVKMTDDEL,1
Q8W4I9-768,NKYTSKMLLSAIDEHCKGTYDFLYLPIDFKN,0
Q9CQJ6-37,KLDADYPLRVLYCGVCSLPTEYCEYMPDVAK,1
Q03350-577,AKCNSFPDGSWSCGSCPVGFLGNGTHCEDLD,0
Q9WUM5-60,ASRKHIYIDKNTKIICQGFTGKQGTFHSQQA,1
Q921I1-506,NRINHCKFDEFFSQGCAPGYEKNSTLCDLCI,1
A8MWA6-369,AQVPSVDRQPPHSRPCLPTAQACTMSHHSAA,0
P10076-196,SQKKCTPEKSVECSDCGETFVNQLELQTHSS,0
G3X982-154,STEQIMETLGGNLCRCTGYRPIVESAKSFCP,1
Q9WUH4-104,CNKCATREDSPRCKGCFKAIVAGDQNVEYKG,0
P17182-357,LKVNQIGSVTESLQACKLAQSNGWGVMVSHR,1
Q9LXY5-182,EMPVRDLVSWNVMICCFSHVGLHNQALSMYK,0
Q5VWQ0-466,TTISNFHTQVNRTYCCGTYRAGPMRQISLVG,0
O70503-166,DNTIKKLININVLSVCKVTRLVLPGMVERSK,1
P70205-351,QSPDMGGNESSIYFSCVQKCYCKPQRAQQHS,1
P12722-633,NSLECRKLFQQYGPVCDNILSVVNSVGQKED,0
Q96BD0-702,FLYKPLSESSDGLETCLPSQSSAPDSATDSQ,0
Q14AW5-329,HMSILTSGHTSKIFVCGIQQEEKDFNARKLF,0
Q7PC81-405,IYHGPRDFICSFFEDCGFKCPQRKSVAEFLQ,0
O94979-694,EGDSLLQTQACLCYICAGNVEKLVACWTKAQ,0
Q9D8W7-130,DQLRGAGFGPEHNRHCLLTCEDCKTRRGLSE,1
Q61982-1158,ARYLCSCPPGTLGVLCEINEDDCDLGPSLDS,0
Q9CQJ8-103,GTSFERYECYKVPEWCLDYWHPSEKAMYPDY,1
Q921H8-177,GNISSRLLESEKARDCLTPMGMTSENVAERF,1
Q9ERB5-39,SFTVGYPSTEEARPCCGKLKVFLGALSFVYF,1
Q8MX88-719,LSERVRKRQCNCGHTCDRKRDLMTKAQQLAE,0
Q3UBG2-169,INDDLSYQMDCHAVQCESKLEAKKLAHAMME,0
F8WHM5-500,DRALNEACESVIQTACKHIRSGDPMILSCLM,1
Q10055-267,CDLYDTLTITQAVIFCNSRRKVDWLTEKMRE,0
Q8K441-1366,SAVGHQGDSRAEFGYCPQENGLWPNLTVKEH,1
Q9W385-77,IETESTLDGATYERVCSDTLDALCDYFEELT,0
P46978-637,GEFRVDREGSPVLLNCLMYKMCYYRFGQVYT,1
O04196-394,TFNCNHPVVRQFILDCLRYWVTEMHVDGFRF,0
Q8N3F8-218,YENGPEEGTFVCAEHCARLGPGTRSGTRPGP,0
P35802-122,TGAIKDLYGDFKITTCGRCVSAWFIMLTYLF,1
P63038-442,ATRAAVEEGIVLGGGCALLRCIPALDSLKPA,1
P0C710-34,NCMFHQMQKRSINTCCQNLQKILDRLILLQT,0
P97952-181,LIVVLTIWLVAEMVYCYKKIAAATEAAAQEN,1
Q9Z2W9-841,VGGLGLAMMVALIEFCYKSRAESKRMKLTKN,1
A0JMY5-579,CHHEARERHRCHFGPCPPCRQTCKKILNRCS,0
O60443-407,ALAEMPDSAAALLGTCCKLQIIPTLCHLLRA,1
Q9U1M2-41,RYIELLEQLHSHQQICFNEIKHQRYRMNQIT,0
P01732-206,GTCGVLLLSLVITLYCNHRNRRRVCKCPRPV,1
P49017-30,VPLRLSRCFTQAHRACKEEEVNSPLSSAAEQ,0
O88799-3650,PPGAYCKDNEDGSSNCARIPPQCPANSHYTD,0
Q91V76-187,EVQAKRRTGELNFVSCMRQTLEEHYGDKPVG,1
Q9ZW04-12,****MAKAEENLRDKCRWSLGGMTALVTGGS,0
P47073-32,ISHKIISGYIWLYRNCTTNIYTVCKFLRCGY,0
Q91WN4-341,VFDELMDKFNNNLSMCLPEFSRFRIPDDHAI,1
Q9D819-242,WKALVTKKTDGKGISCMNTTVSESPFKCDPD,1
P01871-88,LPSKDVMQGTDEHVVCKVQHPNGNKEKNVPL,1
Q5QGU6-413,IVPISSSWRLPENTICQVERNSHIHPQSQSS,1
P53769-236,SCFAKDMKKGTKCFICHKETHGSAKVASDLQ,0
Q8CFA2-325,PQLKGEVQRRRVGLICEGAPVRAHSPILNTE,1
Q9Z331-399,MIQRLRSEIDHVKKQCANLQAAIADAEQRGE,1
Q8K4I7-239,IRKNMICTTNYGEDLCYGDPGGPLACEIDGR,0
D3Z4E2-99,YWEDFHSCTVTALTDCQEGAKDMWDKLRKES,1
Q9Z0Y8-278,MPFICSLTGDNGIMGCHEIPPLKEQGRECCL,0
O70133-440,QYILDDFIQNDRAAECNIVVTQPRRISAVAV,1
Q9DBG7-361,HLIAKNVAADIAVQLCESVANKLEGKVMGTF,1
Q9Z0E3-224,GILIQQVFESGRSKKCIQVGGEFYTPNKFED,0
Q09022-21,VFFLVCVITLGEALKCVNLQANGIKMTQECA,0
Q13523-764,HCLRLFRHFYHKQHLCLVFEPLSMNLREVLK,0
Q96BI3-182,IILLHTFWGVVFFDACERRRYWALGLVVGSH,1
Q8RXD9-419,FFSENEGWLKPYAAFCFLRDFFETSDHSQWG,0
Q02248-381,LGLHLTDPSQRLVQNCLWTLRNLSDAATKQE,1
Q73372-761,VNGFLALFWVDLRNLCLFLYHLLRNLLLIVT,0
Q6NZN0-924,EDLLPHFAQYGEIEDCQIDDASLHAIITFKT,0
P51805-1079,ETTNTCQVINDTAMLCKAPGIFLGRPQPRAQ,0
B0G134-105,RDFDNCLKQINELIKCRNVTFSFKFTSKIRK,0
Q9WTP7-85,VMTRLALHELKTLTQCSWLLDGFPRTLPQAE,1
P28665-680,GLTAFTNLMIKLPIICFDYGMVPISAPRVEF,1
Q9Z2W0-411,VGVPLQDLMVRNDSPCGTTIGPILASRLGLR,1
O43390-292,ILYHQPDDKKKNRGFCFLEYEDHKSAAQARR,1
P54071-154,IRNILGGTVFREPIICKNIPRLVPGWTKPIT,1
Q05925-171,VHPLGTRAPGAASLLCAPDANCGPPDGSQPA,1
O43561-26,LGLLLLPILAMLMALCVHCHRLPGSYDSTSS,1
Q8VDM4-448,LYSSEDYIKSGALLACGIVNSGVRNECDPAL,1
A6ZZY8-248,LASQIYHVCSTLVSCCHYLVPCLLIGGERKK,0
P07724-114,CAIPNLRENYGELADCCTKQEPERNECFLQH,1
Q4VA36-68,VERYVPEHDRCCWCPCCGCEVRKHLSHGNLT,0
Q93052-416,LYDMENPPADEYFGRCARCGENVVGEGTGCT,1
P16615-997,TLKFVARNYLEPGKECVQPATKSCSFSACTD,1
O14753-218,YAYKERRAKLYVCEECGCTSESQEGHVLHLK,0
P30560-372,FSGHLLQDCVQSFPCCHSMAQKFAKDDSDSM,1
Q28295-2773,AVYSIHMEDVQDQCSCCSPTQTEPMQVPLRC,0
P06795-1225,KVVQEALDKAREGRTCIVIAHRLSTIQNADL,1
P14438-161,LSYLTFIPSDDDIYDCKVEHWGLEEPVLKHW,0
P79377-44,CKKSCCSCCPAGCAKCAQGCICKGASDKCSC,0
P23188-659,CHASCATCQGPAPTDCLSCPSHASLDPVEQT,0
Q924C3-692,TFLSNDQFSTDDFSNCLYQDLRIPLSPMHKC,0
P49429-72,VVSHVIKQGKIVFVLCSALNPWNKEMGDHLV,1
P97500-178,EEEEEEEENEDHQMSCTRIMQDTDKDDNNND,0
P99029-96,KKGVLFGVPGAFTPGCSKTHLPGFVEQAGAL,1
D9I2G3-886,LHFVVTRAVTIEIGFCAWSQFLHETPLQHSH,0
P30026-159,GVNMCTLMAIDFGELCEDTITYKCPLLRQNE,0
Q9BW85-80,NEVYLGLPIFRFYIKCTRCLAEITFKTDPEN,0
Q8K4K6-265,MCGRKGNLHFIRFPTCAMHLFIQMGSEKNFS,0
P61769-45,YSRHPAENGKSNFLNCYVSGFHPSDIEVDLL,1
Q9CZ13-268,VSRVYEEDAVPGLTPCRFTGSEIRHRDDALP,1
A2A815-106,ILKEQESRKGLIAAICAGPTALLAHEVGFGC,1
Q9NR30-445,VIRVYSGHQGRTIIFCETKKEAQELSQNSAI,1
P15374-50,YGMDPELLSMVPRPVCAVLLLFPITEKYEVF,0
P30957-4950,HTGQESYVWKMYQERCWEFFPAGDCFRKQYE,0
O76015-142,QENAELEATLLERSKCHESTVCPDYQSYFHT,0
P0C6X2-4759,GMKYHPNTVDCDNDRCIIHCANFNILFSMVL,0
P01027-873,EELKVRVELLHNPAFCSMATAKNRYFQTIKI,1
A0JMY5-723,NKPRPPECPHRCNLPCHSDDCPPCVQMIRTK,0
A0A7H0DNA5-523,DNKRLKETSGYHIVRCCAGDDIVRLRTISDI,0
P70182-290,IPDGLFLDADMYSALCKTLQRDCLVLQSFKI,0
P48960-76,TCDDINECATPSKVSCGKFSDCWNTEGSYDC,1
Q02936-85,LLLIVLPMVFSPAHSCGPGRGLGRHRARNLY,1
P26358-893,SPPKTQPTEDNKFKFCVSCARLAEMRQKEIP,1
P08556-80,SAMRDQYMRTGEGFLCVFAINNSKSFADINL,1
Q91W43-608,AQGYQQLFQGLEKDLCEITGYDRVSFQPNSG,1
Q0GA42-360,SVCSRHGLAIASHSVCLTRLLMAAAFPVCYP,1
P31040-266,NTVVATGGYGRTYFSCTSAHTSTGDGTAMIT,1
P18206-1053,KQCTDKRIRTNLLQVCERIPTISTQLKILST,1
Q8CG65-4466,SQQRLCPDPGACNDTCQWGPWGPWSPCQMPC,0
Q01484-406,PNARALNGFTPLHIACKKNRIKVMELLVKYG,1
G5E814-117,TLGARTHSYGTAAMGCVYMGTAAALFKIGKL,1
P52196-248,FQDKKVDLSQPLIATCRKGVTACHVALAAYL,1
Q99PV3-328,ISRDTEKENGPSARSCHKMCIDIQRRQIYTL,0
Q99PL5-1198,NQQQTRLKELESQVSCLEKETSELKEAMEQQ,1
Q68FM6-360,IVTLDKLRAHTEYTFCVTSLRNSRRFNHTCL,1
Q8CGC7-1377,GVPVRLEVGPRDMKSCQFVAVRRDTGEKLTI,1
E9PUM4-1355,AARAVTESINQLIMLCTQQAPGQKECDNALR,1
Q15366-109,SRPPVTLRLVVPASQCGSLIGKGGCKIKEIR,1
Q53GS7-678,GQMGSFIRLKQFLEKCLQHKDIPVPKGFLTS,0
Q91V76-249,VNKWLHFYEMKAPLVCLPVFVSKDPGLDLRL,1
Q60738-3,*************MGCWGRNRGRLLCMLLLT,0
A8MQ14-225,SYLVKHQRIHTGEKPCACKEYGKAFISGSHL,0
P34914-230,KVTGTQFPEAPLPVPCNPNDVSHGYVTVKPG,1
P49802-133,SNCWEPENTDYAVYLCKRTMQNKARLELADY,1
O49326-168,KWIKVEQKGEGPGPRCSHDIAQVGNKIFSFG,0
A6NNY8-195,CKGDDVGKAANNPNHCNCIIDQIFTGGLQSD,0
P97682-102,SEEDDFGDEFGVCKDCPYGTFGMDCKETCNC,0
O95197-34,GAEPSAPGGGGSPGACPALGTKSCSSSCADS,1
P63017-17,SKGPAVGIDLGTTYSCVGVFQHGKVEIIAND,1
O75093-1442,CLHGHCQASGTKGAHCVCDPGFSGELCEQES,0
P13678-11,*****MFTGKLQIKVCEASGLRPTDFQKRHN,0
P04175-136,DLSSLPEIENALAVFCMATYGEGDPTDNAQD,0
Q61555-2191,SNGQCINTDGSFRCECPMGYNLDYTGVRCVD,0
Q6AYJ1-621,CEVDSKGKEKSSAVLC***************,0
O45599-916,FYFVCSHGRLISSGNCQLGEGYDPSVQGCRT,0
Q9SJM0-1566,LLKAIFSFITMQFQLCSVFFTFSLGTRTHYF,0
B1AY15-241,TQHNLAVDLCHGVIYCFMCRDYVYDKDIEKI,0
Q791V5-79,IDGRRGLFTGLTPRLCSGVLGTVVHGKVLQY,1
Q9STT8-202,PGIHSDLPIFQIRPYCTPTTNLSFSFRQPPI,0
A0A7H0DNG9-309,AILNNTIENHDVIKLCIKYFMMVDYSLCNVY,0
P32020-365,LISKGHPLGATGLAQCAELCWQLRGEAGKRQ,1
P51681-321,NYLLVFFQKHIAKRFCKCCSIFQQEAPERAS,1
Q6NWW9-824,EDEQSLELVYHGPDTCFEMRDLLPAAQYCCR,0
Q9ZVD5-262,NDPTNCEPVGGNILGCRGFHSSFRTTQGGMS,0
Q2V4A4-44,NKSRSDLPLCGFREHCDGLWCPGEGGKYSCI,0
Q91VR5-406,IPQITCDGKRLQVIVCSATLHSFDVKKLSEK,1
P93411-115,STVQARLLVFYIKKMCASDEKYRFEIKDILE,0
Q54JC8-112,RMNFTTTYSSNATSICKSCNLSIIDRIERSR,0
Q9LNU1-631,GLVYETTETDYLNFLCYYGYNVTTIKAMSKA,0
Q14344-318,VSIKDYFLEFEGDPHCLRDVQKFLVECFRNK,1
Q9UIW2-1197,GNSRLNYTVLIGSTPCTLTVSETQLLCEAPN,0
P43564-315,ILANQMCTNLATLCLCIDIKSHKKLAHRLQF,0
Q9USP4-191,KIGYADEPLSELLNKCMEKLEIVEQDPQFWQ,0
P48381-544,VDFANVQEQASWVCQCDDNMVQRLETDFKMT,1
Q99PP6-30,CPVCQELLTKALSLGCGHRVCQACLITKKNA,1
Q05683-30,DGSGDPENPGTARAWCQVAQKFTGGIGNKLC,1
P70398-1340,SKTVRQVAQEQFFLMCTRCCMGHRPLLFFIT,1
Q80W37-176,NRRNSTTAKDYTILDCIYSEVNQTYYVLDVM,0
Q9LJF3-748,LTTFPLTRYANNSGLCGVPLPPCSSGSRPTR,0
O75487-257,AQCTHALLKMIYCSHCRGLVTVKPCYNYCSN,0
Q8N2G6-134,SEARKPSKRPPPNYLCHLCFNKGHYIKDCPQ,0
Q9JLF6-118,TIREGMLVVTGVDLLCSRSDQNRREHHTDEF,1
Q8QZR1-275,YEPMATLSTNVPILSCGGLAKRWLVPGWRLG,1
Q710U6-14,**MNPNQKIITIGSICMIVGIISLILQIGNI,0
P40384-240,FGIFDWDPHGLCIYSCFKYGSNAYSHEPHSQ,0
O35604-352,RMFTKWGAFCVRNPTCIIFFSLAFITVCSSG,0
Q00325-237,PLWMRQIPYTMMKFACFERTVEALYKFVVPK,1
Q93324-173,ADEYKKIFGHSLPPDCNPDIYHGECHQNFIR,0
Q9DCM2-176,TQQVKNKLIENTDAACKYGAFGLPTTVAHVD,1
Q499A3-83,PTPHHVLKGRGPSGKCFINICSDQLIEKPRS,0
Q8VC28-145,PVNEQGKSLLDTVDFCDTWERLEECKDAGLV,1
F7C0F2-87,GTLPSGVTEDDVALHCNSRRSPLVPGIITVI,1
Q00013-242,RVASMAQSAPSEAPSCSPFGKKKKYKDKYLA,1
P62814-207,FSAAGLPHNEIAAQICRQAGLVKKSKDVVDY,1
Q6NYZ4-456,HIGRGVPWSHDFVQVC***************,0
Q5ZKD7-209,ALVLHPGGAYPIQVRCLTSHNGFFRAVVMFE,0
Q9EPU5-368,MIVLFLLLVLVLIVVCSIRKSSRTLKKGPRQ,1
Q8VCR7-138,APGSQLRGFVPVAPICTDKINAVDYASVKTP,1
Q9VEI3-381,TEHPKFVFDMVVLSVCSAVGQLFIYHTIDVF,0
Q10099-222,KVAELPGHTDLIRDICWAPSMGSSYYLIATA,0
Q9JI18-2824,AFMCHNKVCIPKQFVCDHDDDCGDGSDEFLQ,0
P49327-2202,LQELSSKADEASELACPTPKEDGLAQQQTQL,1
Q86197-276,LNHHSQLNVVVNFSICSME************,0
Q9FFB6-143,TGGEENFFHCKRCRCCYSKIMEDKHQCVEGA,0
Q8BJW5-71,SWSVKQGQSITCPAVCNFQTGEYIMVHDHKV,0
Q9DCW2-93,LANTQWMPAPPPILNCPPGLEYLNQIDQLLI,0
Q8C031-327,LSWWIRDMAPSNTACCARCNTPPNLKGRYIG,0
Q61425-99,ENPKAGDEFVEKTLSCLSTSTDAASVVHSTD,1
G5EEA1-45,YLSSPSLTTSDYVSDCSNLTVEGPVPANQEF,0
Q3ULD5-431,EGIAKDGAKMVAAVACAKVPKITVIIGGSYG,1
Q9JHK0-33,VSNLLLWESEAVLPICSVRNGRCFGSFEELL,0
P48794-223,FLRPNQLWGYYLFPDCYNNKFQDPKYDGQCP,0
Q0JKI9-646,LHSPVSGAEHESNNKCLNTNGCKIFGISLTE,0
P30050-17,PPKFDPNEIKVVYLRCTGGEVGATSALAPKI,1
Q5M864-531,HTVQRCWMKTTSPSQCSSL************,0
Q8C129-103,LRNSAAGYRQSPDGTCSLPSARTLVICVFVI,1
Q9CPX6-264,NHPHLPPPPMCSVHPCRHAEVMKKIIETVAE,1
Q9VFX1-51,WEDITGKGLKQALDSCQQSFQWQRWNCPSQD,1
Q9EQ51-304,FMSTEKHLVNFFRSMCEWIINM*********,0
O35598-223,ELLRKKRTTLAERNTCQLYIQTDHLFFKYYG,1
P15693-487,VQEQNYIAHVMAFAGCLEPYTDCGLAPPADE,0
O09173-35,RCPGSLPKGQNNPQVCPYNLYAEQLSGSAFT,1
Q9QXG4-146,GETTKITYRELLVQVCQFSNVLRKQGIQKGD,1
Q91W43-265,ELKLPHEMDFSGKDVCGVLFQYPDTEGKVED,1
P20470-1194,DQIVIQYAANTFESVCLTFGCQANMKKTYIT,0
Q5T870-57,QDKCLVQAQEVCLSQCQESSQEKCPQQGQEP,0
Q9NQ36-654,VSCRAGTYYDGARERCILCPNGTFQNEEGQM,0
Q99LB7-610,FSADVNRPPGSTVYTCMLNQRGGTESDLTVS,1
B1B0P8-128,GFSQGGQFLRAVAQRCPTPPMMTLISVGGQH,1
Q54I18-633,YEQIKDSSFESPETSCNNNDSSSNDIDSKPI,0
P0CAF2-325,TIKASPSPMETYEKICCSEESPLSTEDIDNF,0
Q54LB8-295,SIPKILVECVMSQITCTLSSGQYQNILSILN,0
Q8N7E2-11,*****MNKMPAGEQECEYNKEGKYYSKGVKL,0
H3BKD1-78,QNREIGPNDGFLAQLCQLNDRLAKEGKDPET,1
Q6J9G1-368,KRPSSCSHAMYNIMKCCWRWSEDSRPLLGQL,0
Q6UWH4-356,QKCWQNGRVPKPESGCTEIHHHEWSKMALFD,0
Q9D892-154,QIVMPRGSRDFGWDPCFQPDGYEQTYAEMPK,1
P10833-70,VSDYDPTIEDSYTKICTVDGIPARLDILDTA,1
Q8BMS1-747,RLRKYESAYGTQFTPCQLLLDHANNSSKKFY,1
P48643-302,EMIQQIKETGANLAICQWGFDDEANHLLLQN,1
P62137-172,NCLPIAAIVDEKIFCCHGGLSPDLQSMEQIR,1
O43390-214,DPLSGQNRGYAFITFCGKEAAQEAVKLCDSY,1
Q9GZU7-44,ASQKPRSRGILHSLFCCVCRDDGEALPAHSG,1
G3V928-1234,NHTCQIQSYCAKHLKCSQKCDQNKFSVKCSC,0
Q562R1-286,ESSGIHETTFNSIMKCDVDIRKDLYANTVLS,1
Q9LT72-173,NDTPQTPPAKKESFQCSDEERKFVCSLVLYK,0
Q9VTZ5-618,AISNEYNTGVPYDSMCDLCHGTSYRYCRRDA,0
P53191-482,LWERKHHCRHCGDIFCQDHLRHWLYLDSQAN,0
P11716-230,TGGHVLRLFHGHMDECLTISAADSDDQRRLV,0
Q8BP47-277,MITRCFRDHFFDRGYCEVTTPTLVQTQVEGG,1
P70694-188,LEKILKKPGLKYKPVCNQVECHPYLNQGKLL,1
P48318-426,QCSAILVKEKGILQGCNQMCAGYLFQPDKQY,1
Q9FH21-273,ENDVWSTLVKFAVPSCIAVCLEWWWYEFMTV,0
Q3UPL0-457,AQLQHAVQSQGFIGYCQKKIEASQTEFEKNV,1
P42932-36,HFSGLEEAVYRNIQACKELAQTTRTAYGPNG,1
Q91X44-1-562,PLSNDVRAAPISCHVQVAHEKEKVIPTALLS,1
Q5E9Q4-11,*****MEEAEYESVLCVKPDVHVYRIPPRAT,0
O23188-413,THLVRRHTFMTPFMTCFAPRVDCRKSSSAL*,1
P02760-287,VTEKECLQTCRTVAACNLPIVRGPCRAFIQL,1
E9Q1S3-85,LNPLCQVDYRAKLWACNFCYQRNQRGPQMPL,1
P01832-62,YYPTTSVTRHSRKFWCREEESGRCVTLASTG,0
P56101-113,YFVLSSWWAKALFVFCGVITGCYFCCCLCCC,1
E9PZ36-3873,LCSVASWVALSCLVCCWFKKSKTRKIKPEDI,1
Q8VE09-472,LPNCSFPNLQRMSQACHEVDDSSVVGLKHLL,1
Q00725-255,PKCPDSKPKPQASPKCKSDPKPKAASKTTSK,0
Q9H0J9-85,SPLRLCRAHQGSKPGCVGLCAQLHLCRFMVY,0
Q13410-161,SDPHISMQVQENGEICLECTSVGWYPEPQVQ,0
O88844-363,NNTELSFFAKALEDVCIETIEAGFMTKDLAA,1
Q2PC93-4519,VTLSPGDIILLGCKECVCQDGALQCSSEGCQ,0
P00533-1146,TAVGNPEYLNTVQPTCVNSTFDSPAHWAQKG,1
Q8C165-432,IRSVFPEVDIVVPGICIANTDTRHYANITNG,1
P37889-818,DECVTGTHNCQAGFSCQNTKGSFYCQARQRC,0
O88451-256,FLDSYIKAIQSLTDTCSDDLSVVTDCMEHAL,1
Q6YZX6-396,HDRVLLKEMKSDWHSCLDNRVGFKGFAVPKE,0
P91309-765,DLCINNEVEFERMYVCVKNMADIVVPQEYGI,0
Q8QZS1-335,TLQEVLIMEYRITQACMEGHDFHEGVRAVLI,1
Q03396-1731,TPHVPGTSCIEDDSLCTNDYIIWIIESNANL,0
Q75DV2-502,HIVPLFRYIDYQGELCHSAPTWLSISFWDDN,0
Q9BQG0-1009,TVPMFLSLFSRHPVLCQSLLPILVQHITGPV,0
Q7TN45-262,MMLSSFFYEMVTLLSCVNSCANPIIYFFVGS,0
G3X973-2321,ACQCRAGFVGDGISTCNGKLLDVLAATANFS,1
B2RX12-614,KRIQDFLNQNELDPQCVERKTISPGYAITIH,1
Q6GN21-172,DKASGRHYGAVTCEGCKGFFKRSIRKNLVYT,0
Q7LHG5-67,MSMISWPNDASRIVYCRRHLLNPAAQWANDF,0
Q99PE8-158,LTVRETLRYTAMLALCRSSADFYNKKVEAVM,1
A0M8U6-364,CKPCYVKNHAVVCQGCHNAIDPEVQRVTYNN,0
P62888-52,MIRQGKAKLVILANNCPALRKSEIEYYAMLA,1
P08238-521,RGFEVVYMTEPIDEYCVQQLKEFDGKSLVSV,1
Q80T19-68,QKRRKRDINFPICRFCCQCCNKPSCGICCEE,0
P10276-174,RNDRNKKKKEVPKPECSESYTLTPEVGELIE,1
Q7ZX64-239,ELTEVITAAEFHPHHCHMFVYSSSKGTIRLC,0
Q9JIL9-323,AEIGLAVIFMTTESYCNPQGQPCTEVKTTTP,0
Q9ET30-426,GTILGRNLSGQPNFPCRVNAVPRPIPEKKWF,1
Q91WL6-182,QSTSHLAKGDQLNSCCFLPRSGRRSSPSPPL,1
P59510-679,NYFYLLKDMVEDGTPCGTETHDICVQGQCMA,0
E0CXK2-1433,KKRRKAQRLPYYATYCPTRLLIHSMCTSHYL,1
Q71RG6-94,HGRQGTVHIHTSSVSCWTPCPVTGTGGTAVS,0
E9Q4Z2-1309,YELNSLQHRELPDGTCVVEFQFMLPSSHPNR,0
Q8L7D2-176,PKKWKGVCSGGKNFTCNNKLIGARDYTSEGT,0
E9Q5S3-258,PPPDAQPSPPPAPPSCWGCWPKGHGEAMPLH,1
Q08211-773,LEQRKGRAGRVRPGFCFHLCSRARFERLETH,1
Q96DX4-208,SSHPAKHRNTSAVLGCLAEKLAGPASIGLLS,1
Q01097-1239,NYSSTVAGQNSGRQACIRCEACKKAGNLYDI,1
Q99MX7-504,QPLSIFMLKNLFFLGCRGLEALEGCWDRGSW,1
Q11076-472,FDIFFPTGYPFSPPKCAFLTTGSGNVRFNPN,0
P27545-37,MLQRSWASALAAAQGCGDCGWGLARRGLAEH,1
Q8VDD5-816,KRQQQLTAMKVLQRNCAAYLRLRNWQWWRLF,1
A0A0R4I9Y1-3977,MELSEPFALPCEHVFCRSCLRRSMEREEAQH,0
Q07008-960,DINECASNPCQNGANCTDCVDSYTCTCPTGF,0
Q6DPK0-272,EECSCYPDAGEVTCVCRDNWHGSNRPWVSFN,0
Q8R0W0-2748,VTEMDSVKRYLGGSSCIAGVLVPVQGEPGRQ,1
Q9R1S7-1248,DYARIPKEAPWRLPTCAAQPLWPCGGQIEFR,1
Q3TXX4-56,PVTTHTRDPPVVDCTCFGLPRRYIIAIMSGL,1
P79376-13,***MDPNCSCSTGGSCSCAGSCTCKACRCTS,0
Q925I8-840,LTPESAKTDLMFLKPCSPSRSTDAEHNPCGA,1
Q9CXS4-217,YTPRSNPGGFGIAPHCLDEGTVRSVVTEEFN,1
Q91ZX7-4304,NQPQCRCLPGFLGDRCQYRQCSGFCENFGTC,0
O54937-49,PLSMKQLLDFGSENACERTSFSFLRQELPVR,0
Q12377-259,ESYHNLTTHNSYEKACQVLKYMLLSKIMLNL,0
P11716-253,SDDQRRLVYYEGGAVCTHARSLWRLEPLRIS,1
Q96MP5-373,LDEDLFNFLQAHWFTCELLWYMHVRKGLLAC,0
Q8C547-1370,SQDTPSDIIAKACQVCSTWIGSGVVSDLNDL,1
Q1LYM6-123,MQAASMLQYGRLFEACSTFLQEQLNPENCLS,0
Q9DG67-603,HLICIGALKKLCNHPCLLFKALKEKCCDPKS,0
Q92576-606,PLTHSLSDKSHAHPGCLKEPHHPAQTGHVSH,0
O14678-48,PSWSSQNALMFLTLLCLTLLEQFVIYQVGLI,0
Q9C9V6-101,GITITISAYNIVAARCAAEYLQMSEEVEKGN,0
Q76R05-176,YEDVYKVSKEKECGICYEVVYSKRLENDRYF,0
E9Q484-466,EEVAMGFVRVANEAMCRPIRALTQARGHDPS,1
Q9QW30-1333,TCAVASNVPDGFICRCPPGFSGARCQSSCGQ,0
Q93Z92-341,PIERSLSPEDAECCICLCEYEDGVELRELPC,0
Q15910-571,RFPGCRCKAQCNTKQCPCYLAVRECDPDLCL,1
Q8BGA8-309,HELPRVDAKTILNTLCRFPITTLCCVPTLFR,1
Q9CQB5-92,KENPKVVNEINIEDLCLTKAAYCRCWRSKTF,1
Q8VE88-421,ALERSQTLSQMTVMLCKDLASLSKEFTTCLT,1
Q922B1-244,AVGQPTASQAAELRSCYLSSLDLLLEHRLRS,1
Q76MZ3-390,DECPEVRLNIISNLDCVNEVIGIRQLSQSLL,1
F1M8G0-549,FFERLCLTWIFFFMMCVAERTYKQRFLFAKL,0
Q6TDP4-206,PSNCLGIRGFADAHSCSDLLKAAHRYVLQHF,0
P22792-35,QPCPMGCDCFVQEVFCSDEELATVPLDIPPY,0
Q96JM2-164,NYNIMMHEGFGKVFSCQFCTYKSPRRARIIK,0
Q8CG65-3260,GDWCPWSKWTACSQPCRGQTRTRSRACVCPA,0
Q8BZL8-113,YHLDCFACQLCNQRFCVGDKFFLKNNMILCQ,0
Q4LDG0-483,FDIETAEPLRDKQGFCIPVEPGKPGLLLTKV,1
Q554D9-557,LCRFPAEMKAFYMARCPEDRTLTESLDLLMP,0
Q8VCT4-284,TLSGCKTTTSAVMVHCLRQKTEDELLETSLK,1
Q9LVX0-216,VEDNNMVKWCPSKPHCGSAIRKIEDGHDVVE,0
Q9EQR5-31,GCFSLLLWLWALCTACHRKRAQRQQTGLQDS,1
A8MVA2-160,YCPACCVSSCCQHSCC***************,0
Q9DBL1-261,IGKRENKMGIRASSTCQLTFENVKVPETNIL,1
P05202-295,NMGLYGERVGAFTVVCKDAEEAKRVESQLKI,1
Q9FXA9-261,SNLPVMNSILDLYCRCGYLSEAKHYFHEMED,0
Q9DBM2-471,SLSKRIGKIGVVVGNCYGFVGNRMLAPYYNQ,1
O00410-560,AVQKELRLLRGKTIECISLIGLAVGKEKFMQ,1
P14426-125,NQSEGGSHTIQRLSGCDVGSDWRLLRGYEQF,1
Q9EQ06-94,KCRKLGAQAHPFVVDCSQREEIYSAAKKVKE,1
P87139-242,AKPEELGDMFWPFLLCFSPSIIMLITVQALA,0
Q9ZUY1-381,VNAFALSGEIDDAVKCLWEMIENGRVVDFIS,0
Q8VIF2-331,QADCLHPVVFLVLLLCSLTS***********,0
O15118-800,LDIKRQEKNRLDIFCCVRGAEDGTSVQASES,1
P46735-649,FRQAYEPCLERYKMLCKQTWPHWKGPARSGV,0
O08573-258,GNVLPDATRFHINLRCGGDIAFHLNPRFNEN,1
Q8VCM4-337,EIGEKLNSSFIGSKFCPVETTLLTNVLLRTC,1
Q8C1R0-21,WRKSDQRVFIEQVRECMNNGYLLSSKKIGSG,1
P35421-1314,SSDGRHLALMPHPERCSSMYQWPYVPSSFEV,0
Q56346-3,*************MACNQALIHLANLRHNLG,0
P30999-579,AEIGQKDSDSKLVENCVCLLRNLSYQVHREI,1
A0JNI8-13,***MEIVGCRAEDSSCPFRPPAMLFHGISGG,0
P61247-201,NKLIPDSIGKDIEKACQSIYPLHDVFVRKVK,1
P60335-194,MTIPYQPMPASSPVICAGGQDRCSDAAGYPH,1
P53253-605,TNENIFNRNDNDYKVCIIDISTNSITFHIEN,0
Q8VI59-1109,THYLLPQLRKQLPWFCLSQPVLKPLEYSQYE,1
G5ECE3-510,SCQCKANVEGIYCDRCKAGTIHLSASNPLGC,0
O08599-110,PTAKYRAAHVFFTDSCPDALFNELVKSRAAK,1
Q91ZP3-877,VQEHAKTNISSYVRLCEVVDHVFPLLKRSHS,1
Q10567-95,QPDMAIMAVNTFVKDCEDPNPLIRALAVRTM,1
P06909-85,KWVASNPSRICRKKPCGHPGDTPFGSFRLAV,1
O82232-5,***********MASSCELCCEIFIAILLPPV,0
Q04447-283,NYEFMWNPHLGYILTCPSNLGTGLRAGVHIK,1
P10633-496,HGFFAFPVAPLPYQLCAVVREQGL*******,0
Q9SV72-73,IGSTAPTCTYNECRGCRYKCRAEQVPVEGND,0
Q00612-158,PPTVYEAVTKNIQETCMSQTGWNRIIVEKPF,1
Q9WU39-33,RGPQAPTIKDLMHWYCLNTNTHGCRRIVVSR,1
Q6GQD1-223,QNLSMFLANHNRITQCLHQQLEVIPGYEELL,0
Q05049-598,CGFGGITADQCRQRNCCFDSSISGTKWCFYS,0
O70252-264,EDGLPVHDGKGDIRKCPFYAAQPDKGTLGGS,1
Q9D6G9-92,CATQYYQRFDRLNWPCLDFLRCLSAIVIFLV,1
Q9C0I4-872,MPLLVQECTVPCREDCTFTAWSKFTPCSTNC,0
Q8JZR0-610,SFAAKIGVKGSFEELCKNQCVKEAILEDLQK,1
Q8IUW5-88,FGVLICHLLKKKGYRCTTEAEQDIEEEKVEK,1
Q8JZR0-185,AIIFVINRADIPVVICDTPQKATMLVENVEK,1
Q10934-195,VTTSCFRETDITINLCSTNLTSYTILSACCA,0
P32598-157,RYNIKLWKTFTDCFNCLPIAAIIDEKIFCMH,0
F8VS14-34,ALSFPIPRVANVERSCTGDKQHVWCFKKEVC,1
Q75QN2-725,SRRTAKDLWEVVVQICSVSSQHKRGNDGRVS,0
Q96IQ9-181,SKLHYKPNRYFKCENCLLRFRTHRSLFKHLH,0
Q767M3-21,LASFRPPLRGLRPTRCFPRSHSLSTQSEPHG,0
Q8N567-157,DCPAALENQDMGTGICYRCGSTEHEITKCKA,0
Q9LTB2-1031,TDSNMRDVFLSHTGVCLNSGSWTGIPGYCRF,0
Q91WG8-520,SDTLHLPVWVDNDGNCAAMAERKFGQGKGQE,1
Q64459-64,TVLNYYKGLWKFDMECYKKYGKTWGLFDGQT,1
O70244-420,VNGQCIETVSSYFCKCDSGWSGQNCTENIND,0
Q8BWT1-179,TAENLAAKYNISREDCDRYALQSQQRWKAAN,1
G3UYK9-123,SPAKKLSHAISKSLGCVPSREPPHPVFPEQP,1
Q6ZVL8-136,AEVFCRAGLCACHPDCTAAG***********,0
Q9Y2T5-314,SFLTTWLAISNSFCNCVIYSLSNSVFRLGLR,0
O43861-1143,YVLKYLRRKLSPPSYCKLAS***********,0
Q8NGL2-148,TVTMSWKVRVELASCCYFCGTVCSLIHLCLA,0
P07722-531,PVGAVVAFAILIAIVCYITQTRRKKNVTESP,1
Q8NAJ2-231,HPWPFPCAVWDSGWSCR**************,0
P43622-13,***MLFAYSGCLAPQCIPDISSFKALPFRDT,0
P98164-3979,KGKERTCAENICEQNCTQLNEGGFICSCTAG,0
Q01453-85,ILSIIFSILSLFLFFCQLFTLTKGGRFYITG,1
P07174-84,LDNVTFSDVVSATEPCKPCTECLGLQSMSAP,0
O35215-57,IRPGMTLLMNKSTEPCAHLLVSSIGVVGTAE,1
P60174-1-104,ATWVVLGHSERRHVFGESDELIGQKVAHALA,1
Q6R0H7-1098,EFLRISTASGDGRHYCYPHFTCAVDTENIRR,1
Q86VI4-159,YNFSSSELGGDFEFMDDANMCIAIAISLLMI,1
Q9JHI5-134,ASGAVGLSYGAHSNLCVNQIVRNGNEAQKEK,1
P56391-54,RCEKAMTAKGGDVSVCEWYRRVYKSLCPVSW,1
P33450-4938,LTAEEIERLNGRPRTCSLISTLDAVSSSSEA,1
Q96BW9-381,TAAEPGGRTMSDHWQCCWKLYCPSEFSETLP,0
Q8N684-389,AIAVIKQSRVANDERCRVLISSLKDCLHGIE,0
P34897-91,SENFCSRAALEALGSCLNNKYSEGYPGKRYY,1
Q9C8I6-6,**********MAFSSCFLLVLLQIFSALLLC,0
O35490-299,YAREAYNLGVRYIGGCCGFEPYHIRAIAEEL,1
Q8K0Z7-109,PNPENNSSLANILELCRSKNMPKSTIESALK,1
P06447-1177,PLELLRGIFIEGSEVCKLCRSEGADPIYTWF,0
P13217-367,YRQTLLAGCRCVELDCWNGKGEDEEPIVTHG,0
P07724-472,VGTKCCTLPEDQRLPCVEDYLSAILNRVCLL,1
Q5U208-62,PTKYSSICSEHFTPDCFKRECNNKLLKENAV,0
P13639-651,AEKYEWDVAEARKIWCFGPDGTGPNILTDIT,1
A0A0P0VIP0-5,***********MPPRCRRLPLLFILLLAVRP,0
Q7JQ32-702,WMLQVTDFGLHELRQCAENESIGEHQHYRNQ,0
Q6DDJ5-119,QTCEIGDPFPVLPQGCTWHPSKDILVVLTKR,0
O35453-159,LPLAQRLLDVISVCDCPRGRFLTATCQDCGR,1
Q6ZNB6-376,CDQVCGKTLPCGNHTCEQVCHVGACGECPRS,1
Q9C508-328,LVLYVSGVFGDVVHMCTSPLVALFVVLAFDF,0
F6QYF8-844,FESHPAPSAERTIQQCCENILLNAAWLKRDA,1
O00168-62,LFILGILIVLSRRCRCKFNQQQRTGEPDEEE,1
P25688-195,TLPEVKDRCFATQVYCKWRYQRRDVDFEAIW,1
Q9QUG2-584,KKRSERISNCQDTSRCKTAGQQALQILEPSQ,0
Q705F3-391,HPHKFLCMSTSWTWSCKTTTHKSCHRMLVAF,0
Q6NSR8-284,LSIKGKTTMPGMKRDCGGAAAVLGAFRAAIK,1
O35379-190,FYLYFTLVLVQLVLSCFSDCSPLFSETVHDR,0
Q8JUX5-1242,GLVVAVAALILIVVLCVSFSRH*********,0
P38585-238,TASEPYHVDNFQDKTCHLTNHCIQKEYSKNY,0
P47883-130,CFLLTIMAYDRYLAICQSLTYSSRMSWGIQQ,0
F7BWT7-155,DFKNIMDFVQKKFKCCGGEDYRDWSKNQYHD,1
Q86V20-123,HSSRLSDITSSNMQICGFKSTVPHFTEEEKY,0
O35490-217,AVRLVKAGASIVGVNCHFDPSVSLQTVKLMK,1
Q9JL56-127,HDNTVDRTTDGSGRLCDLTFEQVRKLNPAAN,1
Q9JK38-128,CAKRGRVEDVVVSDECRGKQLGKLLLSTLTL,1
Q6PIE5-457,KRDTAGDASESALLKCIELSCGSVRKMRDRN,1
P15121-200,IECHPYLTQEKLIQYCQSKGIVVTAYSPLGS,1
P49207-49,YTKKVGKAPKSACGVCPGRLRGVRAVRPKVL,1
Q9NYI0-242,AEISQIMNNGRKGAVCVQEPSCPLASLGSSA,0
P09528-131,LELHKLATDKNDPHLCDFIETYYLSEQVKSI,1
Q39241-42,KKLIVIDFTASWCPPCRFIAPVFAEMAKKFT,0
Q95Y36-148,NIELQLQALQMIEFMCGLIPSVLQLEDGETL,0
Q61656-234,EICIATPGRLIDFLECGKTNLRRTTYLVLDE,1
O22199-503,EKSAKEKKRGGKQERCTVRSKSPPISPNHDE,0
Q91WC9-202,TAAKSVWETRVQFCCCCVGQDDNTRVAFSST,1
Q7ZSY6-12,****MDPCECAKTGTCNCGATCKCTNCQCTT,0
Q91WG8-172,HVCCTRSAEQHLISMCEDHDRILLAGCPSYD,1
P41588-393,NSEVQCELKRRWRGLCLTQAGSRDYRLHSWS,1
Q9QXD8-478,SCVKCSKGVFGAGQACQAMGDLYHDACFTCA,0
Q9XTJ4-158,SIKKVSVGSILGDLPCLNKFKDDSDDAATSP,0
Q9C0A1-1196,LDKFLDPARPYKCTVCKESFTQKNILLVHYN,0
Q61923-140,QLGEEALAAFREDEGCLPEGGEDEKPLPSQP,1
Q9CXF4-184,DSKLLIESLEKYVVLCESPQDSRTLLVNCQN,1
P78539-89,GGYYKTALGTRCDIRCQKGYELHGSSLLICQ,0
Q8BMI4-286,DHERNGCILCKSDKYCEPHDYDYLCPCEWHQ,0
P10649-174,LAYDILDQYRMFEPKCLDAFPNLRDFLARFE,1
Q8NFJ5-9,*******MATTVPDGCRNGLKSKYYRLCDKA,0
Q9SKY1-63,SKGDGFLKGCLAAMCCCCVLDACF*******,0
Q9T6H8-50,LAFWCILLSFLGLLFCHISNNLSNYNVLTAN,0
F2Z460-74,EQRNVYKDYRFLELACDSQEDVDSWKASLLR,1
P05202-272,DAWAVRHFIEQGINVCLCQSYAKNMGLYGER,1
Q9ERZ3-289,AEAENFVHPTGSSRSCSSYELQQQGTKRSSR,1
P26672-181,SLVSKHWELTNKKYRCMALAEHISDSIPISE,0
Q09384-106,GGHGSDKDEDKGNCGCDHC************,0
P28665-251,PNAMSVNDEVLSVTACGKYTYGKPVPGHVKI,1
P13639-567,LHLEICLKDLEEDHACIPIKKSDPVVSYRET,1
F8W7T1-64,LMPPGKLKLENLFHMCTRLGDQFYKEAIEHC,1
E9QAM5-2511,PTDSSPSGEEQLGGPCVLYCGPSNKSVDVLG,0
Q9UQP3-233,QCHEDFMSEDCSEKRCPGDCSGHGFCDTGEC,0
Q65941-30,YVSQLLEDWQPECLSCEYSHGGSSPPSLHDL,0
O43657-177,WTDTNYYSEKGFPKSCCKLEDCTPQRDADKV,1
Q54XK2-371,DPFHALFYITFMLTSCALFSKVWIEVSGSSA,0
P24588-129,ADLSKKKAKSRLKIPCIKFPRGPKRSNHSKI,1
Q9V8W3-256,LGRYGNTPFLFPMYGCGELPQCFCRLCAVYG,0
Q9D1X9-89,AVSNAQVRGDSYESGCLGRTGARVWLFIGFM,1
Q6ZWV3-80,LEAARICANKYMVKSCGKDGFHIRVRLHPFH,1
O18806-1914,SWYFTENLERNCRAPCNVQKEDPTLKENFRF,0
Q8IVB5-337,LVLAAGQLGNMHSSNC***************,0
Q8BG51-535,CARIFKQHFMDSRIPCLIVAAKSDLHEVKQE,1
Q5JWT2-874,MVWKYNIVTLDRLILCLAMRSHEGNEAQVCY,1
Q96NG8-115,PQWEIMESLTSYGLECSSFQDDWECRNQFDR,0
Q90Y54-337,EDGYSGVNCERAEHACLSNPCANGGTCKETS,0
Q6PCW6-95,HIQGSVGHDWAALTFCLPCALCQMARELKIR,1
G5E8R3-131,PGYGFLSERADFAQACQDAGVRFIGPSPEVV,1
P30999-394,LDAVKSNAAAYLQHLCYRNDKVKTDVRKLKG,1
P01868-138,KPKDVLTITLTPKVTCVVVDISKDDPEVQFS,1
Q9WVL0-154,FNALEKILQSTAGKYCVGDEVSMADVCLVPQ,1
O15344-195,DEKVNMYCVTDDQLICALCKLVGRHRDHQVA,1
O61931-1103,SVNNIYCDLESFGDLCEVNKDMNVNEKLEGM,0
P58027-323,MYYKEAFWKKKDYCGCMIIEDEEAPISITLD,0
Q8CIE6-41,TSLHNGVIQLWDYRMCTLIDKFDEHDGPVRG,1
P32020-61,ALEDAQIPYSAVEQACVGYVYGDSTSGQRAI,1
O60159-111,LDIVTSWLSDIRRGYCTSHWYYNEKFCCWYS,0
Q92824-1339,KHCPEMCQDCIHEKTCKECTPEFFLHDDMCH,0
P80313-511,AMVRINALTAASEAACLIVSVDETIKNPRST,1
P30408-107,SSVLAALIGIAGSGYCVIVAALGLAEGPLCL,1
P14824-114,KEIKDAISGVGTDEKCLIEILASRTNEQMHQ,1
Q24738-620,NTLCGVRVFIMTLVYCFVFSLLLCRAVMLAS,0
P52480-49,DIDSAPITARNTGIICTIGPASRSVEMLKEM,1
P61922-269,PLEEFTTDNQQEEARCLEEVEDLIVKYRKKK,1
P36583-441,LKNAAGMQCIDCHYTCHKKCYPKVVTKCISK,0
P53804-422,NQNLKVADEALKVDDCDCHPEFSPPSSQPPK,1
Q5NBY9-473,RSHLACHEDKVPCQVCGKYLRAAYMADHLKK,0
Q8C145-153,HRSHTVAGKNNRKAFCPDLDSDNSGKNPRTS,1
P35555-2265,ECEEGKHDCTEKQMECKNLIGTYMCICGPGY,0
P47738-388,LGYIKSGQQEGAKLLCGGGAAADRGYFIQPT,1
Q9SSK1-374,IHDDMNCAEAYVKYMCKWLMDKCGDDMELMD,0
Q80W15-143,PRAHHGHLHKARDGPCEFAPVVLMPPRDIHN,0
Q9R099-243,NSHAVISPCSRFVGSCGFTPDVKVWEVCFGK,1
P29401-468,ATEKAVELAANTKGICFIRTSRPENAIIYNN,1
Q54VI6-160,RTSLLIKEWITFFVLCAGAIALPYSISTYYK,0
Q6ZWV3-105,RLHPFHVIRINKMLSCAGADRLQTGMRGAFG,1
Q54KU5-1931,IINTLSSEFMDTNFKCLNPKGRIVDLTTTHL,0
Q9EQU3-258,LTSLRVLDVGGNCRRCDHAPNPCIECGQKSL,1
Q3UZV7-719,TSKGTKYFHFFNISLCGHEGRKMALCTNNIS,0
P82762-64,CANKCIFMGHHKGGDCIGGLDGIYCCCLA**,0
Q9Y287-38,GEEALIIPPDAVAVDCKDPDDVVPVGQRRAW,1
O60281-261,EEISEVDCKDALEMICNLESEGDEKSALVLC,1
Q67878-591,KRWGYSLHFMGYVIGCYGSLPQEHIIQKIKE,0
Q00969-9,*******MSDDKPFLCTAPGCGQRFTNEDHL,0
Q6DH44-242,GEYSGHVNKGYKLDCCLTDKDTHVLSCSEDG,0
Q5VVP1-1337,KTSGASSHHHHCPRHCLLWEGI*********,0
Q6IQ20-224,WFVPLGLLDWMQKCGCENVIELDWWEENCVP,0
Q8R050-590,EKSKTRPRFVKQDQVCIARLRTAGTICLETF,1
Q3TY56-52,LLKALTNLPHTDFTLCKCMIDQAHQEERPIR,1
P46406-245,AFRVPTPNVSVVDLTCRLEKAAKYDDIKKVV,1
Q60930-104,TDNTLGTEIAIEDQICQGLKLTFDTTFSPNT,1
Q10471-539,QIEGNSKLRHVGSNLCLDSRTAKSGGLSVEV,1
Q09336-15,*MSAAIRENELLIRACILYESLDDKPIAESY,0
Q5VTY9-324,LLMRLDGLTPPALPRCVSTMFSFTGMWRYFD,1
Q9E006-250,TKTGCTENALQGYYVCFLGSHSEPLIVPSLE,0
Q9W0M7-1103,DRGLLSGASQKSENICSFHVGEIIMSLQKAT,0
G3UW78-354,WILYNLARHPEYQERCRQEVQELLRGREPQE,1
O42280-343,CQCQVRWCCYVECKQCTQREEVYTCKD****,0
P15988-827,VCPELPCQTELAVAQCTQRPVDIVFLLDGSE,0
Q9H9P5-670,QHHILCEPCAATAPECPYCKGQPLQW*****,0
Q8VHE0-366,EEREFRAPTLASLENCMKLSQMAVQGLQQFK,1
P42933-145,KFTQEAVNNMTISLRCFFNSLGGLNQCSHSN,0
Q6NXD8-83,TFKSKVLAHYPENIECNPFDQDAVNMLCMPK,0
Q9UQB3-831,KKSQDQWDGVGPLPDCAEPPKGIQMLWHPSI,1
Q02248-619,YSPIENIQRVAAGVLCELAQDKEAAEAIEAE,1
Q8N127-179,FRLSFCGSNIVNHFFCDIPPLLALSCTDTQI,0
Q9CZB6-167,RFQKHLERVIEMIQNCLASLPDDLPHSEAGM,1
O49498-678,LYELHYQMITFGKVFCTKTIPNCNACPMKSE,0
Q8R0G7-44,GPMGNPKSGELEVPDCEGLQRITGLSRGHST,1
Q9DBL1-234,VFANVDPSSGYRGITCFLVDRDTEGFQIGKR,1
P20918-586,PQVEPKKCPGRVVGGCVANPHSWPWQISLRT,1
Q96BI3-245,ITAGGSLRSIQRSLLCRRQEDSRVMVYSALR,1
Q6PUA2-1094,QRMSFLQLQQQAREMCHEIWDRQRLSLSACD,0
Q09794-1518,LVTNVKCAKLMIEAICRNLDFSLSTVDFQSS,0
Q60641-255,SEGRDLRQVTSTTKFCREKTELTADQQTLLD,0
Q54XK2-149,WSGSYGDPAVLGFGNCFLIVLQLFFAGIIVM,0
Q3UE17-628,CMDCAVRICGKSEPECPACRTPATQAIHIFS,0
Q14254-20,HTVGPNEALVVSGGCCGSDYKQYVFGGWAWA,1
Q8IWV8-163,FCDCGDTEAWKEGPYCQKHELNTSEIEEEED,0
P07724-269,EITKLATDLTKVNKECCHGDLLECADDRAEL,1
P0DON7-89,DECKTHASSIAKQLACVDIIKEDISEYIKTT,0
Q8BJW6-306,VYGFMPAKATVFNLKCDPVFDFGTGPRNAAF,0
O35912-54,LWYDCTWNTTTQTWACSNVSENGWLKAVQAL,0
Q9FKW0-172,CRECIDKSMRLGNNECPACRKHCASRRSLRD,0
D3YUM1-133,DREIMRHDPHKLVEGCLVGGRAMGARAAYIY,1
P49757-165,TGERLSHAVGCAFAACLERKQKREKECGVTA,1
Q9E6S5-334,PILSCWWLQFRNSKPCSDYCLSHIVNLLEDW,0
Q8BVE3-47,NWQSYLQGQMISAEDCEFIQRFEMKRSSEDK,1
Q5DTJ9-302,DCIVVGIPPPQVRWYCEGKELENSPDIHIVQ,0
O00161-112,KAYKTTWGDGGENSPCNVVSKQPGPVTNGQL,1
Q8BH86-54,VVVLPRSLAPAFESFCQGNRGPLPLLGQSEA,1
O00206-391,EFLDLSRNGLSFKGCCSQSDFGTTSLKYLDL,1
P59268-49,QKGIFYLTLFLILGTCTLFFAFECRYLAVQL,0
P36732-256,QLNKSDVPIDICQSTCKYPDYLGMAAEPYGD,0
Q9LX26-12,****MPIFQWLKRCLCGDTNITIDQAIALVD,0
Q9SX45-356,TTAGTTLIDLYVKCGCLEEAILVFERLHEKN,0
Q9JIF7-623,DDVDRISLCLKVLSECSPLMNDIFNKECRQS,1
Q9ESB3-288,GSRDHHHTHKTDKLGCPPPPEGKDNSDRPRL,1
Q6L8H2-126,CGFRGGSKGGCGSCGCSQCSCYKPCCCSSGC,0
P09880-770,DGCIIDENNEKIKGLCCQNKIPHITLCKLES,0
Q8BZL1-331,GARGLLERWMPRLPLCYPQSRSPENHGLEPG,1
P51636-122,LSCLHIWILMPFVKTCLMVLPSVQTIWKSVT,1
Q99972-9,*******MRFFCARCCSFGPEMPAVQLLLLA,0
Q63886-188,FLNKLPCSLDSEATQCPVPLSYVPKSLSFNS,1
P17427-282,CYPPPDPAVRGRLTECLETILNKAQEPPKSK,1
Q9H8K7-213,SKLSPGAQQLMDMVRCQQRNCIPIGEQLQSV,0
P13639-290,KSATSPEGKKLPRTFCQLILDPIFKVFDAIM,1
P18760-39,STPEEVKKRKKAVLFCLSEDKKNIILEEGKE,1
Q8NDA2-4780,YRMQGPSLPCLDVNECLQLPKACAYQCHNLQ,1
O23181-178,GDTKLTQSLTNVVIPCFDIKKLQPVIFSSYQ,0
Q8CI71-218,CLECQKAASTFKHYSCISELNSKLQDTLEQI,1
Q63135-156,IISDQSVAWDAEAPICESIPCEIPPSIPNGD,0
Q96B33-53,NQPVDVELYQGLWDMCREQSSRERECGQTDQ,1
P61922-2-384,QYPQFISRVRGRGTFCSFDTPDEAIRNKLIL,1
A2ATU0-809,GDSSVDPKNVKTLIFCSGKHFYALLKQRESL,1
Q6NW95-14,**MDQKPDERVQSHRCELLDLPWEDVLVSHV,0
P56479-345,TKENKSRMDTPPSTNCTHV************,0
O08914-400,GCSFLQNFKGDFVDPCLGDLVLVLKLPRWFK,1
O95071-1238,LKRTSPTAYCDCWEKCKCKTLIAGQKSARLD,0
Q9QZ41-542,NTSKEQLTMKARTPPCSPQEPHECDTENMEN,0
Q68FL6-789,QLPPAACRILATSFICTLPAGHRIGTVSPLF,1
P99999-18,DVEKGKKIFIMKCSQCHTVEKGGKHKTGPNL,1
Q91X83-377,VRDLDLKKPIYQKTACYGHFGRSEFPWEVPK,1
Q9EQF5-483,FAEYIYKRIKQRDQTCTPVPVKRAPYKGEVT,1
O91940-711,TDLSKFNQAFRYETSCICSDVLDELHGVQSL,0
Q5F452-512,CGMYNRFDKGMHPKQCVLDHLLSCMNQKIKL,0
P39087-871,SFCSAMVEELRMSLKCQRRLKHKPQAPVIVK,1
O88703-104,CSPEGPARGPKVSFSCRGAASGPSAAEEAGS,1
Q6Q6R5-29,FAEKVSSLGKNWHRFCLKCERCHSILSPGGH,1
E9Q484-382,FVVGPESAGAHPGPACYRKGGPVTVTDANLV,1
Q5T6F0-105,NKVFASQWLNHRQVVCGTKCNTLFVVDVQTS,0
P47708-137,CGVETSNNRPHPVWLCKICLEQREVWKRSGA,1
O09173-338,GVADKTFRPPYYHRNCMSEFMGLIKGHYEAK,1
P31939-241,LPITVLNGAPGFINLCDALNAWQLVKELKEA,1
P25445-178,TKCKEEGSRSNLGWLCLLLLPIPLIVWVKRK,1
P17987-357,AAMLGQAEEVVQERICDDELILIKNTKARTS,1
A4HSC9-561,PSRRTFSVPDFIGDCCKTIASRVRGAVAAED,0
P50904-252,FSSLSDLIGYYSHVSCLLKGEKLLYPVAPPE,0
P59025-97,QYLELHASGRFHCSWCWHTWQSPYVVILFHM,0
O35423-293,ETRVIHHTTPVTSLYCLRESLALIAEQGLEN,1
P33267-267,HQDSLDPNSPRDFIDCFLTKMAQEKQDPLSH,1
Q8CHC4-1051,SGLGTSPSSSPRTSPCQSPTVPEYSAPSLPI,1
F1N9S8-435,TYTVNELSMMKYYYECVLFVVRKPEEKCFE*,0
Q54UN1-90,NSGNGNGGMGGGNGPCCGGCCGI********,0
Q8VC19-265,WCSNDYLGMSRHPRVCGAVMETVKQHGAGAG,1
F4IJK6-424,NHIQETKGNIRVFCRCRPLNTEETSTKSATI,0
Q8R4K8-957,GYCGDGVIQKDQGEECDDMNKVNGDGCSLFC,0
P31939-287,GAAVGIPLSEDEAKVCMVYDLYKTLTPISAA,1
Q9M0B7-65,GVFLMIIAIAGVVGSCCRVTWLLWSYLFVMF,1
P52500-379,STNPSATFSLINGNICHEGYV**********,0
O88427-456,LSNDSTLASFSEPGSCYEELLKYVGHIFRKV,1
P29268-28,LVLLALCTRPAMGQDCSAQCQCAAEAAPHCP,0
Q7T3B2-111,SRQQSLTDPTSLYLSCVWSFMSLKWSFLLTL,0
Q6PUA2-1309,CGACGQHGHMKTNKHCPKYRRNTESQPESMD,0
P22392-109,TNPADSKPGTIRGDFCIQVGRNIIHGSDSVK,1
P53811-187,PLGPNWKKELANTPDCPRMCAYKLVTIKFKW,1
Q8BHZ4-832,HIQERHCQVFHKCAFCPMAFKTASSTMDHST,0
Q16518-106,RAMTEKRIVITEFGTCAFPDPCKNIFSRFFS,1
Q99466-1284,EKGCNTAECGWDGGDCRPEDGDPEWGPSLAL,0
Q921F2-50,FPGACGLRYRNPVSQCMRGVRLVEGILHAPD,1
Q9Z2I9-430,DAKALIADSGLKILACDDLDEAAKMVVKLSE,1
A8MYJ7-563,LKRLKARIRREASSGCWLQ************,0
Q9H633-75,TLCRGCSSLLVPGLTCTQRQRRCRGQRWTVQ,0
Q9JIL4-339,AESIYSLARFSPLLYCQSQELPNGSVKEGPA,1
Q8BGT5-264,RALRQAKDHCDPKVLCIINPGNPTGQVQSRK,1
P53395-279,VKTMSAALKIPHFGYCDEIDLTQLVKLREEL,1
Q8BLN5-701,GDWPQENISGVFNKSCAISYTSYRNIFPIWA,1
P48678-590,SGDPAEYNLRSRTVLCGTCGQPADKAAGGAG,1
Q8QZT1-193,KDGLTDVYNKIHMGNCAENTAKKMNISRQEQ,1
Q9DCL9-63,NHLEGKAAISNKITSCIFQLLQEAGIKTAFT,1
P34914-312,SSSPPEIEEYAMELLCKEMVTFLDKLGIPQA,1
P52532-186,CSPKNFMSEIYRLFRCYNASIVQIQVYSRNK,0
Q8CEC6-388,GTMLGIKVINVETNRCVRILGKQENIRVMQL,0
A0A0U1RRM8-276,EESSGTPAHQMNLRGCEVTPDVNISGQKFNI,1
A3KNW0-98,RLLEHLLSARTSLEMCIFSFSNMEMSRAILL,0
Q01550-56,LRKEIHSLRSSKSERCWKKKHHEEMMKLRDA,0
P50427-178,GFDRFLGVPTTNLRDCRPGAGTVFGPALRVF,1
P49327-1141,GCLSERAALQEELQLCKGLVQALQTKVTQQG,1
Q8TDN6-115,LFVINEVCEMKNCNKCIYFEAKKKQDLYMWL,0
P48509-79,LVVAGTVVMVTGVLGCCATFKERRNLLRLYF,1
P17710-669,LGFTFSFPCKQTSLDCGILITWTKGFKATDC,1
Q5SRN1-307,SAVRLFPLSGHLLLSCSMDCKIKLWEVYGER,1
Q5SXR6-757,TGQIKEVERICRESNCYDPERVKNFLKEAKL,1
P15833-270,VGNIYRRWIQLGLQKCVRMYNPTNILDIKQG,0
P40206-126,GEVSFKSLRQCRKMECGARDNKILNRLAKTR,0
Q9NW08-907,EIGDKFSSRHGQKGVCGLIVPQEDMPFCDSG,0
Q60749-19,RDDPASRLTRSSGRSCSKDPSGAHPSVRLTP,1
O04086-18,NSILFLLLSFLYLTNCVAQSPSQTCPLDFSH,0
P07633-92,DPGSFLESDMFVEHRCADFGMAAEKNKFPGD,0
Q6NSQ9-269,DSGSALGLGIALHTPCYAQIRRAHLGNGQKI,1
P16615-447,GVYEKVGEATETALTCLVEKMNVFDTELKGL,1
P49327-642,WEECKQRCPPGVVPACHNSKDTVTISGPQAP,1
Q9JLR1-148,MTGMYGDPAEMGAGICLLIIIQLFVAGLIVL,0
Q922Q1-78,YPIKSCKGVSVCETECTDMGLRCGKVRDRFW,1
Q28749-549,RYQCYCYGRGIGEWHCQPLQTYPGTSGPVQV,0
P63244-168,CVRFSPNSSNPIIVSCGWDKLVKVWNLANCK,1
Q4A3R3-592,IFDESPGSNTSLGKICNHTSQIFTSSYNRMT,0
P80313-364,EETQIGGERYNFFTGCPKAKTCTIILRGGAE,1
Q6ZQ18-763,VEKFQKAPFEEIAAHCGARASLLQSKLNQIF,1
P09055-75,TSARCDDLEALKKKGCQPSDIENPRGSQTIK,1
O57340-125,TDYSDCVHEKVRTNYCTKPQKLCNM******,0
Q3TUF7-1387,RIPKEITVSNIHQAICNIPFLDFLTNKHMGR,0
Q8N608-356,QNISILTVCETTTGACSKKYEMTSDTWLSQQ,0
P12790-152,MGKRSVEERIKEEAQCLVEELKKYQGVPLDP,1
Q75T13-400,YCQSTMLDTNSWIFACINSTSMCLQGVDLSW,0
P35198-321,NIIENYLLNIAVEAQCRFDFKQRCSEYKKWK,0
O08738-70,DNLTRRFSDLGFEVKCFNDLRAEELLLKIHE,1
P0C9J8-48,AYWCTYAKSCDFCWDCQNDTCINKVINESIS,0
Q8BJ64-165,NRWHREGAEGWDYAHCLPYFRKAQRHELGAN,1
Q54UP9-820,ALHIAISKRNLHIITCLIQNGADPSIPNEIT,0
P58875-254,VEYGGTMTDPDGNPKCKSKINYGGDIPKKYY,0
Q8BJU2-148,GLKNAWNIIQAEMRCCGVTDYTDWYPVLGEN,1
Q64458-216,INENVKILSSPWLQVCNSFPSLIDYCPGSHH,1
P31040-238,DLLMENGECRGVIALCIEDGSIHRIRAKNTV,1
Q61176-168,KGKFPDVPGFSWVTPCISAKDIVYIGLRDVD,1
P16284-622,VIIGVIIALLIIAAKCYFLRKAKAKQMPVEM,1
A0A0R4ITC5-2474,SQNWESMGSHFWIKQCTELLLAVCERNTTIG,0
Q9Z1Q2-205,RGTADTFLNRVKKLPCQITSYLVAHTLGRRM,1
P04637-176,AIYKQSQHMTEVVRRCPHHERCSDSDGLAPP,1
Q3UMB9-936,NAMGYIRMIRSGGLHCSSNAIRFVPDLEDIV,1
F4JRR1-471,LILRQSDTLLECLRSCWKEDVLVFSAADKFL,0
Q96J66-609,MGGAYDKARYLQVLHCCSLNRDLELLPFGDM,0
O88587-234,TPDFLAYVRGSSSFECTHYSSYLEYMKVVDG,1
Q8R0A7-313,HTLRFWNAAFFDAVHCERRKRSPTTRGDAGE,1
Q07175-311,IGMFPYVMLASSPLFCSPEWPRKLVAHCPKK,0
Q8R143-63,CLRNVSCLWCNENKACMDYPVRKILPPASLC,1
Q09927-19,PNTIPPWRCTDFNAWCIAVDKSTNVKNKEEL,0
P36894-173,ISMAVCIIAMIIFSSCFCYKHYCKSISSRRR,1
Q9SV71-260,IFESADPAWFYLHVSCQFSAYVIGVAGWATG,0
D3YYM4-560,CGDHSVALLHLEGRRCLLRARKHLFPVRMIR,0
O96028-1102,EFVNEYVGELIDEEECMARIKHAHENDITHF,0
Q70PP2-1668,FSRLNHHEPYVRKSVCDLLCRLAKSRPQLVI,0
P15203-313,ALDTNYCFRNLEENCCVRPLYIDFRQDLGWK,0
G5EFI8-767,DVFNDVLSTATTPQHCPKRERDRHSPRMQSR,0
Q8N2S1-768,VDECARSPPPCTYGRCENTEGSFQCVCPMGF,0
O01929-85,NCLDGNDVIDTSKRVCRACRFEKCVQAGMNP,0
D3ZKD3-231,IVSVSFFSDSALCFGCKFQFKPIRVSEPVLS,0
D3YY75-103,LTRIAKDMEDSVPLDCSRHLGVAAGAILALL,1
A3FIN4-497,SEDPLVYLFFLCLSLCHTVMSEEKVEGELVY,0
Q3UP75-331,MNSAFAHLPQGVLWTCKSSHWPKDVSLAPNV,1
Q9R207-269,EDDEEEQSFFSAPGTCVVDVGITNTQLIISH,1
P52788-337,TEALSLYEEQLGRLYCPVEFSKEIVCVPSYL,1
Q7TQ32-90,ALRSYALCTRRTARTCRGDLAFHSAVHGIED,0
Q10665-155,RLKTDAHRENGLYNFCTLQFMKISSWGSSMD,0
Q98931-241,YDAKAFNTCAAHEFQCGNGECILLNWKCDGD,0
Q9Y5A7-270,ALPCLLDADKYFCECCRELLDTVDNYAVLQL,0
P33436-317,YNSCTTEGRTDGYRWCGTTEDYDRDKKYGFC,0
Q5Y5T1-278,PMFSYGIDGNGFSLGCSKNWRQVFGDEKKYW,1
P13185-213,GQILYHPHICRLFEMCTLSNHFYMLFEYVSG,0
P07901-598,KVEKVVVSNRLVTSPCCIVTSTYGWTANMER,1
Q96PJ5-410,GLLSALLLAVALLFHCWRRRKSGVGFLGDET,1
Q9M0V4-352,STRMIYRAPASSLESCCFISDNEYLSGSDNG,0
O35431-116,IRYCPEDDSYLEGMDCNGEEYLAHGAHPVDT,0
Q01484-375,DVTLDYLTALHVAAHCGHYRVTKLLLDKRAN,1
Q9D517-254,SLLGILYGKKYEADMCVRRFPLEDIPADETS,1
B1AR13-81,TYRWCVCGRSKNQPFCDGSHFFQRTGLSPLK,1
Q5ZLD4-82,TRIGDETARWITVGNCLHKTAVLAGTTCLFT,0
Q9FJR0-150,FTEHACKYCGISNPACVVRCNVASCRKWFCN,0
P54826-55,LAHGRRLICWQALLQCQGEPECSYAYNQYAE,0
Q6XZF7-73,IVTIPSLKEGERLFVCICEFTSQELDNLPLH,0
Q3UR85-759,PKLANKSSPAVPDQACISQRFLQGTIIALVV,1
Q9N2M8-99,IHLNELSLADCIRVLCNNENCSAGQYMHREC,0
P23298-262,KFNVHNYKVPTFCDHCGSLLWGIMRQGLQCK,0
Q9UMS4-16,MSLICSISNEVPEHPCVSPVSNHVYERRLIE,1
P19096-161,FFFDFKGPSIALDTACSSSLLALQNAYQAIR,1
Q71U36-376,TVVPGGDLAKVQRAVCMLSNTTAIAEAWARL,1
O88851-127,GYFSRPWQWEKIKANCPHIVQFGSTDDPFLP,1
Q6ZU64-1147,SLDLLNSYLERDPTPCELTYKVPTRHSMSQI,0
G5EDT6-49,PRDRRSTSVDQKHKECSSTSSSPQHQRPNNI,0
Q6DFC8-471,RPSNGNRKIRGEAKKCRKVYGIEHRDQWCTA,0
A8WH69-535,PTSTTKKKKKKKDKSCLLS************,0
A6NGN4-184,LLLWVKQRKDLLHLCCKKLKILGMPFRNIRS,1
Q5U458-241,KLFRNLTPRCFVTTNCALQFSSRGIRPGLTT,1
Q5U2Q3-3,*************MACTEFSFHVPSLEELAE,0
P55085-361,FVSHDFRDHAKNALLCRSVRTVKQMQVSLTS,1
E9QN92-491,LPCVIILAKGLFLLPCLNRRLTKIRRGWEKD,1
Q99572-362,AAVFIDFLIDTYSSNCCRSHIYPWCKCCQPC,1
Q7KWM5-130,IPLFKLFTNSKVLFYCHFPDKLLTSRTSLIK,0
P01375-30,EALPKKTGGPQGSRRCLFLSLFSFLIVAGAT,1
O35214-264,FLLAWSPYSIVCLWACFGNPKKIPPSMAIIA,0
P51660-277,QPMTPEAVRDNWEKICDFSNASKPQTIQEST,1
O92921-384,YRILSPFLPLLPIFFCLWVYI**********,0
Q8VCW8-254,EQNLAQLRYNQRFLSCYDPINIQFTSGTTGN,1
P33316-166,KAVVKTDIQIALPSGCYGRVAPRSGLAAKHF,1
P00441-112,DVSIEDSVISLSGDHCIIGRTLVVHEKADDL,1
Q8IYT2-116,HVRKSVNAELCTQAWCKFHEILCSFPLIPQE,0
Q8BH00-271,GKNPAIIFEDANLEECIPATVRSSFANQGEI,1
O54828-264,KYSEQFSSNDAIMSGCLPSNPWITDDTQFWD,0
Q70EK8-1068,YHQRPKLSFPESSGFCNNSLS**********,0
O42980-155,LARVSDLFKKKFTIECMPVQQQRNGYDCGAH,0
Q8VDD5-172,AYRSMMQDREDQSILCTGESGAGKTENTKKV,1
Q8VHL0-20,PTMVKVDRGENQILSCRGRRCGFKVLGYVTG,1
Q3YL57-123,LFESSFSMDVHQIKRCMGQMVLLAGPGVLIS,0
Q27969-141,NTKVMLISDIDGDGRCELVVGYTDRVVRAFR,0
E9Q3S4-18,SMPRPERHAESLLDICHEAGSTPMEMTVSQT,0
P04409-53,RFIARFFKQPTFCSHCTDFIWGFGKQGFQCQ,0
Q8C010-83,AKTPALRKFVFVFHLCLVDLLAALTLMPLAM,0
Q7XXI9-266,AIFLKSMLHLHNDEDCIKILKKCHQALTHNG,0
Q6DFW4-205,HFPELGKIISDNLTYCKCLQKVGDRKNYASA,1
Q8K296-136,PGKIEDLFSFAYHAWCMEVYASEKEQHGDLC,0
P42669-291,EMKKIQEKQREKRAACEQLHQQQQQQQEETT,1
P36030-67,YPHFNIYISFSGSKYCITALNAYIIPLLLHI,0
Q9SZR3-839,KNPRIEEDDDESNVACDISNIKKEFSRQLKF,0
Q3ZBE5-120,GVKENSITTKYRKGACENCGAMTHKKKDCFE,0
Q75EL5-203,FRRGFNGSFGRGHQECVRRRAVLSVMGNPKC,0
P78310-146,KKIHLVVLVKPSGARCYVDGSEEIGSDFKIK,1
P0DTC1-1744,RETMSYLFQHANLDSCKRVLNVVCKTCGQQQ,0
P35556-1495,FTPASDSRSCQDIDECSFQNICVFGTCNNLP,0
O23034-242,GHIQLLVPGETACFACAPPLVVASGIDERTL,0
P26016-82,QQTIIECDIGNFNFDCNLFKTSFLTQHKQKR,0
Q8L7S0-673,MGIEVLSERCSPLIDCNGDMTQTQDDQGIEM,0
P11725-27,AALRKGHTSVVRHFWCGKPVQSQVQLKGRDL,1
Q9SZD1-158,KLYCECFASGTYCDGCNCVNCFNNVDNEPAR,0
P09626-120,LAGGLQCLMWVAAAICLIAFAIQASEGDLTT,0
Q6P9S7-365,SFKVWMCGGRMEDIPCSRVGHIYRKYVPYKV,1
A0A1B0GTW7-741,DHNPSMTHLRLSMGLCLMLLILVGVMGTTAY,0
Q8CFE6-400,PVVIFPIRSSVTHLLCPTKEFSWLRHSIITV,1
P25823-1678,VVNGADCVSMYSVDKCWYRAKIIDAELMVLL,0
Q63886-225,QRVKNVLLAVSENFMCRVVYSPYGSLATEIL,1
Q64689-189,SQCGQEIDKSDFVFRCNFAPTEAFHKDVGRK,0
Q80XN0-288,GRKYFDEKIAKMETYCNSGSTDTSSVINAVT,1
P48754-1031,GNACQEAGSGSIHEVCSTGDSFPGQLGRNRG,0
P21731-2-373,RASASRAAGITGVSHCARPCMLFDPEFDLLA,1
F8WIG8-291,PKFQPHSGQEDLFSCCQRKNFRGAPCSFFAI,1
Q9C9X7-372,SRRISATMMQITCHNCKQHFQAPAALVPPPP,0
Q9QZI8-81,NKIPGFCENEKGVVPCNILVGYKAVYRLCFG,1
Q8R164-206,KPLEALYGYDYLAKTCEDWVDGISQFKQLPE,1
Q8BR63-109,LWFYMLRAATSTLSVCDFLGEKIASVLGIST,1
O75592-1465,TATLLDLERLRFVGTCCLRLLRVYTCEIYPV,0
P04191-636,VIMITGDNKGTAIAICRRIGIFGENEEVADR,1
Q9VSR3-642,DKRVEVKPYVLDDQMCDECEGQRCGGKFAPF,0
Q99KK2-392,ECLKRVGLSAVPADACSGAQKAVGYICKCSG,1
Q61425-201,TPMTSQKTFESLVDFCKTLGKHPVSCKDTPG,1
P18881-128,IIVTREPYVSCDPSGCKMYALHQGTTIRNKH,0
Q61205-206,MYDYLHLSRLGYTPVCRALHSLLLRLLAQDQ,1
Q06418-768,QPPECMEDVYDLMYQCWSADPKQRPSFTCLR,0
Q99N02-532,PENATVVPGKCPSPGCQEAFLTFLCVMCVCS,0
P19540-127,CRAGFEGKNCELDVTCNIKNGRCKQFCKLGP,0
P51949-31,NPSLKLMVNVCGHTLCESCVDLLFVRGAGNC,0
Q9CWW7-591,VFELTGDFCRLPKRQCNRHYCWEKLRRAEVD,1
H3BQW9-99,EAVATEHNPVRPLRRCPGCHCLTLLHVPIDV,0
P16615-498,FTLEFSRDRKSMSVYCTPNKPSRTSMSKMFV,1
P00533-291,QMDVNPEGKYSFGATCVKKCPRNYVVTDHGS,1
Q8N7B9-229,MKEKDLFKFLEELKRCNSGSDSPYSKIPIFP,0
Q9SV73-128,SFIRCVESDTKGWESCVKNSGREKAINDCYN,0
Q9DCC4-49,EAKQVLASAPTDNNLCHFRALGCQTTHSNHE,1
Q96S06-231,RIMLGAGLIKIRGDRCWRDLTCMDFHYETQP,0
Q12359-158,TYAMTVFSSFGGFWICYGYGLTDTDNLVSGY,0
Q9BRT2-53,AFREGENTQVAEPEACDQMYESLARLHSNYY,1
B2KG20-112,TGILLPKLFSSQEEQCRKTSLHPLRCPKDDA,0
Q9DCX2-101,YTALVDQEEKEDVKSCAEFVSGSQLRIQEYE,1
A2AAE1-3981,WVALQSLPEEMVISPCLLDFLEKALETIPIT,0
P25807-127,SCWAFGAAEMISDRTCIETKGAQQPIISPDD,0
P38060-307,TGVNLQKLLEAGDFICQALNRKTSSKVAQAT,1
P58268-338,FTPVMMAAVKTYRWQCIECKCCNICGTSEND,0
P31648-164,YYLYNSFTTTLPWKQCDNPWNTDRCFSNYSL,1
P40936-231,YLEKEVVEKAIQDAGCQVLKCNCVSLSYSEA,1
Q8NDH2-3408,QYLPISYENFWEHISCPQKYPCLLQHLMPQE,0
P46471-377,MSVERDIRFELLARLCPNSTGAEIRSVCTEA,1
P16372-257,AEKSYKCEECGKPFYCPLLLKKHQIIHSAEK,0
Q8BNX7-43,WGSQPSRTERDGDRKCPPSILRPRRQECGCH,0
E9Q5W5-799,ECICAQTLLLKLLQSCFSVLQGDPQAASEEE,1
Q4G061-403,IIWDILTGHKKRGFHCESSAHWPIFKWSHDG,0
P53701-35,SPPSGCPMHEGKMKGCPVNTEPSGPTCEKKT,1
P19096-2017,ACPELDYFVAFSSVSCGRGNAGQTNYGFANS,1
P01748-115,TQLSSLTSEDSAVYYCAR*************,0
O60809-460,RQPKRIFFGPVPCPNCGSWPSEKVDFHLCS*,0
P0CI67-124,EGYVYSFDDDLSQSNCTIPDPSKHTTSIVTT,0
Q9DB29-166,KLNRLNSVVGEYANACLQVARDCGTDVLDLW,1
Q9H9Y6-535,VVTQFVYTASIPALLCNLGVTPIDGAPHRSY,0
Q5T4K2-44,VKLGALVLLLVLTLLCSLVPICVLRRPGANH,1
P56528-279,NELKMIVQKRNMIFACVDNYRPARFLQCVKN,1
Q9WTP6-42,GKGTQAPKLAENFCVCHLATGDMLRAMVASG,1
P41951-126,SNSSPQVSASGQVVTCSTNTQCASGYTCNNG,0
Q8C196-600,MIRSAYALGGLGSGICPNKETLIDLGTKAFA,1
Q3USB7-1060,AKNEAVENIKQIQLACLSCGLSKGPGGGSEA,1
P48745-244,TNRNRQCEMLKQTRLCMVRPCEQEPEQPTDK,1
O01501-328,ALFIAAKYEEIYPPKCIDFAHLTDSAFTCDN,0
C9JE40-3,*************MNCLEGPGKTCGPLASEE,0
Q9Y4A0-214,VPGHKSIEERVTIMCCANATGLHKLKLCVVG,0
P61247-139,HVDVKTTDGYLLRLFCVGFTKKRNNQIRKTS,1
Q8K370-922,FEIAQGRLGPGRIHHCMRLIGYSERALALMK,1
Q5Z9P8-4,************MANCVRCCCWLLVLMLMAL,0
F8WLE0-37,RVRPFSQREKNSGSQCVISMHARSITIRDPK,0
Q14155-795,WTAHSYRMGSTSRKSCCSYISHQN*******,0
Q9VU41-425,HTCATCQAKAKKKCACCKKVHYCSRDCQLKD,0
Q9Z2B3-162,LMGWGHYDYEPVGTCCTLDYSRGDRNFISFL,0
Q9BU23-659,MAVGAVRFVQALLAPCSLRSSPLAPVSGEKR,1
P97501-397,TDLQARWAAQVIKGTCTLPSVNDMMDDIDEK,1
Q03265-244,QKRFNDGTDEKKKLYCIYVAIGQKRSTVAQL,1
P00533-1049,LLSSLSATSNNSTVACIDRNGLQSCPIKEDS,1
P26770-860,GQNRRNEDLYHQSYECVCVLFASIPDFKEFY,0
Q62918-643,GYDCRCPHGKNCTGDCVHDGKVKHNGQIWVL,0
Q14344-236,VDVGGQRSERKRWFECFDSVTSILFLVSSSE,1
P11413-232,ANRIFGPIWNRDNIACVILTFKEPFGTEGRG,1
Q5QNQ9-215,LGKVNPRAVQFEGALCQFSIHPVAQVAHNYC,0
Q8CHR6-904,IIAASKIRQKDQNTACSPLQRKHFNSQKPIP,1
Q8BIJ6-819,DRLYCENEKDPKRRSCQTALAEILDVLVRAF,1
Q9CQW3-165,CSCAKGYKLGKDQKSCGPSDKCACGALTSEH,0
F1RWC3-3093,IQLKFNDFDLVPSTFCSQDYLEIYDGSNISD,0
P53538-172,AILELADMLNDKIEQCEKDDIPFEDCIMDIL,0
P08603-630,GLSPDLPICKEQVQSCGPPPELLNGNVKEKT,0
Q54T85-1044,SNKNNNNNNYYYNGSCSNSENYSKVFKLLLP,0
Q8NEG7-88,KSSICYLSFPDSHSGCLGDTQFSFRMRQCGG,0
P12970-182,VVFLPALCRKMGVPYCIIKGKARLGHLVHRK,1
Q9DBR1-263,FTIIREEFKPNKPKPCALCNQFGHEVKDCEG,0
Q99KR3-100,GIVDICKNINNDTTYCIKKLRRNPQREEIIG,1
A0A7J6K144-1255,LRKTEGSGTVSSVWDCFATDVGLPRVIYFSI,0
P70280-217,YIIVSLLCGGFTWPNCVKK************,0
Q99836-113,RDDVLLELGPSIEEDCQKYILKQQQEEAEKP,1
P0C1C7-123,DPVVTDVVYHDHGGECTGYGFTSSPERGWSD,0
P15270-143,CKVDEWGKECCVKIKCDDICDLRCPKGHECK,0
P11716-2326,PMLLAKGYPDIGWNPCGGERYLDFLRFAVFV,1
P47962-100,KYGVKVGLTNYAAAYCTGLLLARRLLNRFGM,1
Q16827-706,LSLPPGDIYNLSVTACTERGSNTSMLRLVKL,1
Q9URZ0-191,SDALNKTGRPIFYSLCQWGEDFVWNWGNTIA,0
Q09271-77,ECLRMCLTSSIRKAKCLSAMHVPNDDECVIS,0
Q9VZU2-483,GNYVALCFCSYCFFQCSELLLTKSDGRSKTK,0
Q54GB2-404,PKISLVLDLDETLVHCSTEPLEQPHLTFPVF,0
B4DX44-380,EERPYKCEECSKTFKCFSDLTNHKRIHTGEK,0
P35070-141,AVMVVFIILVIGVCTCCHPLRKRRKRKKKEE,1
P46061-575,LLLAFVTKPNGALETCSFARHNLLQTLYNI*,1
P49595-464,KGSSCAEVCDALCDACLADSTDGDGTGCDNM,0
Q8BGJ9-163,TDFRESCCRQYEMGECTRGGFCNFMHLRPIS,1
Q91WJ8-328,TTPDRIAQITGPPDRCQHAAEIITDLLRSVQ,1
Q6DID5-323,QLGTRTVGAAPCPRSCSGEVTMLCSAGAGDK,0
Q9Z1M0-477,LHEEVAPKSGDSPSWCQCGNCLPSRLPEQRR,1
A2AN08-260,ASLQELGGSEKLLRVCLNLPYFLRYINRFQD,1
Q5IBH7-62,ENNAQNNKSKRPRGPCLIIQRQEMTAFFKLF,1
Q17RM4-668,LPKSQVHRRPPCCCACQEVQTTKLPSSCLNS,0
P97445-73,ARTMALYNPIPVRQNCLTVNRSLFLFSEDNV,1
P04625-94,IQKNLHPTYSCKYDGCCVIDKITRNQCQLCR,0
P84244-111,ASEAYLVGLFEDTNLCAIHAKRVTIMPKDIQ,1
Q91X05-160,LPGRAKGPGLFFFLPCLDTYHKVDLRLQTLE,1
P11835-535,CHTSDVPNKEIFGQYCECDNVNCERYNSQVC,0
Q6WQJ1-204,GQATSWSRRLKVFLCCTRTKDSQSDAYSEIA,1
Q7Z7M0-2814,LGSALVTLRHRLHEYCGGGGGAGGSGHGTGA,1
P11717-731,NNERHTPRATLITFLCDRDAGVGFPEYQEED,1
P54194-72,PREADYVDFDEVNRNCNASFITSMTNVLQFN,0
P01023-1321,PELPGEYSMKVTGEGCVYLQTSLKYNILPEK,1
Q3MIW9-320,TENRERTANENKKTICTKGKNTPVPEKPTEN,0
Q99296-546,KGSSSSDVAHPYKRRCSFRVRRVSTSAPTAD,0
Q8BWT5-1019,GVDLIAAFYGCLYCGCVPVTVRPPHPQNLGT,0
P11450-234,LETIVQHLPNSANIVCSALGHDCHKERAYLF,0
Q69Z28-567,FMPAAEGTLCGQDMWCRGGQCVKYGDEGPKP,0
Q71LX6-1839,MGDRRGVWTESKECLCSDDHMSKYVSASMSR,0
Q8BU14-55,MGHRVDYFIASKAVECLLDSKWAKAKKGEDA,1
Q9VRP9-399,RQLPESVIVETTEYKCLQSQFSVLYNESMQI,0
P0C6X2-1237,YWFLNQFDINAYANWCCLKCGFSFDLNGLDA,0
P21333-1018,KVASKIVGPSGAAVPCKVEPGLGADNSVVRF,1
A2AMI2-808,KAIDEPSFSVAYANMCRCLVTLKVPMADKPG,1
Q8BH86-97,IRTICPQLQKYKFGTCTGILTSLEEHSEQLK,1
P53798-374,TKQVISKIRTQNLPNCQLISRSHYSPIYLSF,1
Q5XTN8-51,MNRVNSIRVESGAWVCFDHPDFKGQQYMLEK,0
P70365-223,GTENQEACQRYEVMQCFTVSQPKSIQEDGED,0
Q80X90-991,KLDVTILSPSRKVVPCLVAPVAGRECSTAKF,1
Q7X7L3-138,HRCPHIATTGNICVYCPGGPDSDFEYSTQSY,0
B1AY10-417,CQNVSAHVPNTYTCFCGKVKNPEWSRNEIPH,0
Q59S52-295,ATIAYLKKSVFLSFLCDVDDTFPDFDSNVQT,0
Q4V8F4-115,SIWVFGGADQSGNRNCLQVMNPEARTWSTPE,0
Q6NS60-679,HCPNILTDRSLWLASCYCRALQAVTYRSATD,1
Q21038-1159,VCWQFNPKDRPTFNDCITFFENHMRDSSSQF,0
Q8K441-440,AEHRSAPLFFLNPTSCFRKTANRNKVIERDL,1
Q9UPZ3-468,RIISSRRGSQSDEDSCSLHSQTLSEDERFKE,0
Q6S8J3-65,DDSAMKTLRSKMGKWCHHCFPCCRGSGKSNV,0
Q5JPB2-234,KAGEPPRPEGRGESRCQGMHEGASERPLSPG,0
Q21106-797,LIAHNGLQNLMREPVCSDKRDIHAAFCKEAV,0
E9Q6G4-772,GIPEPWNFPFRRSYWCGPGPPKSSVLAPAPQ,1
Q9CPV9-276,ARIPYTLSQTRAVFDCSAENTLFYVKESTLW,1
Q5BJI7-55,AYVLTVNERGGRCECCFTRKEGLSKCGKCKQ,0
Q8IZJ1-403,VAILMAVGVVVYRRNCRDFDTDITDSSAALT,1
A0N0X6-422,GQQVKEVLIQDSSEQCLPMISHDTFPNHLNM,0
A2ATU0-721,GPEHSSCRIERFLQMCDSAEEGVDSDTVNMF,0
Q4LDG0-248,NLEEVLPKLLAENIHCFYLGHSSPTPGVEAL,1
Q9Y520-895,EDVRPHHTDANNQSACFEAPDQKTLSAPQEE,1
Q59E04-188,ENTAIFSREFQAAQDCTCDNEHMFDCSEQDS,0
Q9CPY7-445,WRMPLFEHYTRQVIDCQLADVNNLGKYRSAG,1
O02197-291,LDEDSSSIHLPGIDECLSSVNVNEDSFLYNI,0
P97821-330,VVEESCFPYTAKDSPCKPRENCLRYYSSDYY,1
A2CEK3-119,LVIGQNGILSTPAVSCIIRKIKAIGGIILTA,1
Q12246-43,KHGQLRSGDSLSLLSCLSCLDDGTLSSDGGS,1
Q03734-259,MKFLTTRHFRDEELSCSVLELKYTGNASALF,1
P31115-217,AVCLRPPPNFDARFSCVHRHYKYIFNGKNLN,0
P11716-3170,DVILDDVQVSCYRTLCSIYSLGTTKNTYVEK,1
O42849-542,YWIEAEDDSTFFPGRCAAVYYRKDFGTAGIR,0
Q86VZ1-175,RTDLTYPVHALGIITCFDVLKWTMLPSVAMW,0
Q64516-299,TYGTGCFLLCNTGHKCVFSEHGLLTTVAYKL,1
P01915-42,VRDTRPRFLEYVTSECHFYNGTQHVRFLERF,0
P34348-45,CLSILDPVLELHPGKCYEIDGDLGVGKTQIC,0
Q99MZ7-79,ASLPPSSSAEVSAIQCNIRKEEEVSNLVKST,1
Q9UTD1-82,QCDFLHEYNLKKMPPCHFYAERGWCSNGEEC,0
Q9JHW2-97,GGSIPEEDAGKLYNTCSVFGPDGSLLVKHRK,1
P48453-237,RRLDRFKEPPAFGPMCDLLWSDPSEDFGNEK,1
P60866-36,RITLTSRNVKSLEKVCADLIRGAKEKNLKVK,1
Q9CQA3-251,LQDPFSVYRCHTIMNCTQTCPKGLNPGKAIA,1
P63244-286,KQEVISTSSKAEPPQCTSLAWSADGQTLFAG,1
P48525-336,FGWSPPRDLASKKHECFSMEELETIFNLNGL,0
P36578-125,RWHRRVNTTQKRYAICSALAASALPALVMSK,1
Q91ZA3-359,LEMNTRLQVEHPVTECITGLDLVQEMILVAK,1
P62962-71,RSSFFVNGLTLGGQKCSVIRDSLLQDGEFTM,0
P54868-389,LSTHNGNMYTSSLYGCLASLLSHHSAQELAG,1
Q9JJY3-59,EKRQRADDPCCLQLFCTVLFTPVYLALLVAA,1
Q99467-419,SHNEPLGLQSQAFKECPQLELLDLAFTRLHI,0
P17182-389,GETEDTFIADLVVGLCTGQIKTGAPCRSERL,1
O15943-2592,LSRNSVAGCPQTEEVCAQTETTARCWEHGNC,0
Q99P72-884,KSEIANVQSGANSLPCSELPCDLSFKNTYPK,1
Q5SYE7-162,FCDDYQDEDEETDQKCSLSSSEEERFISIRR,0
Q7TPR4-154,ISVEETSAKEGLLLWCQRKTAPYKNVNIQNF,1
H0Y8X4-186,GYELGRAVAFNKRILCLFRPQSGRVLSAMIR,1
Q6K5F8-322,YPAGHLLDSDFEGEDCRSETPECTRSPRRCI,0
O75417-1993,CGISLEQSYEDPKVACWLLDPDSQEPTLHSI,0
Q9D2W0-88,PGKATPLIIPGSANTC***************,0
P41091-434,AVKADLGKIVLTNPVCTEVGEKIALSRRVEK,1
P41216-55,TTFWYATRPKALKPPCDLSMQSVEIAGTTDG,1
Q64096-751,ESLWRQCSDCPFFQECQKKLDHKLSLDSYLL,0
Q710E8-207,CLKPPLKEVPEGDWICQFCEVKKSGQTLVVV,0
O15394-740,FIRQCGLLMCITRRMCGKKSGSSGKSKELEE,1
Q9D826-163,VLYADKALRALQHIICQLGGTVCDGEKVVEI,1
A2ARP8-1072,LAEEEHVSSATSITECDKLSSFATSVAEDQS,1
Q12676-106,NKSHSLKCTEFELLTCTAFKYFYDVQCQWCV,0
Q62167-223,KHAIPIIKEKRDLMACAQTGSGKTAAFLLPI,1
Q75DA4-406,HVSHPEQYIPAVLRRCKRHHLERTYEISGWA,0
P24446-187,ERSYSVVYVPHNKELCGQFCQPEKTMARVLG,0
Q10260-52,TPIIESDGMIYNGQSCDSPVKSLASHGAVGI,0
Q54BX5-90,ATVGAILGGGGSRGSCGCH************,0
P70375-303,RLHRPVTFTDYVVPLCLPEKSFSENTLARIR,1
P35282-175,SAKQNKGIEELFLDLCKRMIETAQVDERAKG,1
Q14623-28,CLVLLLLLVVPAAWGCGPGRVVGSRRRPPRK,1
Q52KR3-2075,FSFKVDSENPDILTHCDHDSNSQASSSPDVC,0
Q8IWZ5-6,**********METAMCVCCPCCTWQRCCPQL,0
Q7TP90-256,EEFSRHIPPYPQPSACDGEACYSMFACIQEF,0
Q14697-47,AVDRSNFKTCEESSFCKRQRSIRPGLSPYRA,0
Q99732-95,YVQHPITFLDRPIQMCCPSCNKMIVSQLSYN,0
P05064-339,AQEEYIKRALANSLACQGKYTPSGQSGAAAS,1
Q9AWL7-648,QGPVATFDSYVLAAVCALSCELQLFPFISKN,0
Q9DBW0-483,IGQKFAVMEEKTILACILRQFWVESNQKREE,1
Q9FWQ5-1416,KEDFIMVHLQHSCTHCCTLMVTGNRWVCSQC,0
O02740-452,PIHFPGGRPPRADAQCWFADGRICQGGINPT,0
Q8CHD8-855,QQLDEENSELRSCTPCLKANIERLEEEKQKM,0
O83600-16,MLKLDLKERDSLDLRCIAGHHGLANPITISD,0
Q54JE1-415,CVCIGNWDTIYQCFECKDGFYGDKCTVLPPC,0
Q9H6R7-507,GRTLIKEIQSPLSSICDGSIALDAEPVTQPA,1
P46406-150,HEKYDNSLKIVSNASCTTNCLAPLAKVIHDH,1
A5PJS6-115,LPDDIDKEVNYSSANCQYPGPALALDGGSPA,0
Q2NKX9-109,SSGGSELEPSGHQLFCLEYEADSGEVTSVIV,0
P03300-364,PGSNQYLTADNFQSPCALPEFDVTPPIDIPG,0
O15551-184,AAALQLLGGALLCCSCPPREKKYTATKVVYS,1
Q7RTX1-838,STEHFQASIQDYTRRCGST************,0
Q8BFS6-143,HDLGNAPTAETVEEFCQTWGDDYFSFWVGGV,0
Q13753-113,NSGRCSCKPGVTGARCDRCLPGFHMLTDAGC,0
P24668-33,LAVAVRESWQIEEKSCDLVGEKDKESKNEVA,1
B4P3A0-1378,QHEFMQRQYRNKHSNCDLGMGDAYYNQGSVG,0
P52825-489,AFLRQYGQTVATYESCSTAAFKHGRTETIRP,1
P16332-558,DGNILALAVDAARARCTVGEITDALKKVFGE,1
Q96PE1-268,SLRQVVFQGDRLPFQCSASYLGNDTRIRWYH,0
Q13085-813,CIHYVKRPGAALDPGCVLAKMQLDNPSKVQQ,1
Q99L48-218,QHAQKMVEFLQGIVPCRYKASQRLISQDIHS,1
Q8CIH9-280,TLDIIPRSNGDPVAFCIFEYVYFARPDSMFE,0
P09411-316,ATVASGIPAGWMGLDCGTESSKKYAEAVGRA,1
Q12275-1435,TLLPCVDGEFGEIWCCSEANAFDYFVCNSSK,0
P14211-105,TLVVQFTVKHEQNIDCGGGYVKLFPSGLDQK,1
Q9ERU9-1593,CIACQYPNKQNQPTSCVSAPASSETSRSPKS,0
P02768-416,FKPLVEEPQNLIKQNCELFEQLGEYKFQNAL,1
Q3KR37-248,EDYVPPDDDFNTMGYCEEIPVEENEVNDSSS,0
Q9Y289-577,IYPVLPKLLSLLPLSCQKRLHCRSYGQDHLD,1
Q6ZQ38-264,IGEYLEKIIPLVVKFCNVDDDELREYCIQAF,1
A0A0G2JJZ9-65,GGLSIKKDEEVLKKNCPHIVVGTPGRILALA,1
Q6P5H2-562,MSLKTQNHETPGKENCNSSIEENSGTVKSPE,0
P29673-237,LVMRARNLVFHVNCFCCTVCHTPLTKGDQYG,0
Q14254-197,GVAEAERDAGIREAECKKEMLDVKFMADTKI,1
E9PAM4-290,RNTDRGNDNWLIKYDCPMDSSSSRDTDWVVV,1
Q80TF6-2899,PHLSGSQPTTAVHACCSHSSTLLCCRDGVLR,0
P06733-119,SKFGANAILGVSLAVCKAGAVEKGVPLYRHI,1
Q52K88-113,VWEFRSKSSSVEADCCLGGGCKGYMFALEVK,0
O73727-98,LIRKRGIVEQCCHKPCSIFELQNYCN*****,0
Q6K9A2-158,PDAVLDETCWSDYEFCKQTDNLYCCAKMMAE,0
O35927-805,LLCGETNGKDTESSGCWGKKKKKKKSQDQWD,1
Q9BXT8-428,ESSAELVFVSHVIDPCHFYIRKYSQIKDAKV,0
Q16658-260,ATKVGKDELFALEQSCAQVVLQAANERNVST,1
Q5SXR6-782,LKEAKLTDQLPLIIVCDRFDFVHDLVLYLYR,1
P31793-309,ALNLTSPDKTQECWLCLVSRPPYYEGVAVLG,0
Q08857-272,FVEKSRTLRFFSSDICRSIYAVFGSEIDLKG,1
Q9SZY2-184,WKGGCESGEDFNSSHCNKKLIGAKYFINAFL,0
Q91YP0-377,VFQHFSYGVNEMYKACFLSETVKHLQKFIPE,1
Q9Y6Q2-446,GKFVESAVITQIYCLCFVNGNLECFLTLNDL,0
P91829-61,QNCDVTKNKRNACRACRLQKCVKAGMKSNAI,0
Q922B2-76,WVRARVHTSRAKGKQCFLVLRQQQFNVQALV,1
Q8VE95-132,THLLASDSESPRLSYCGGGEALAIPFEPARL,1
Q9WV07-541,IVSYYYPSDASVQQDCELQAWVGEIFAQAFL,0
Q8C5H8-321,DDGPWEKQKSSGLNLCTGTGSKAWSFNINRV,1
P60334-130,NEMIKKSERTLRENQCAYINDSIGLHRVENV,1
Q8NEM0-826,LSEKWVLDSITQHKVCAPENYLLSQ******,0
Q58DH2-261,FRSQLVTREGNELYHCVIYLAPGDYHCFHSP,0
P0C9S8-8,********MFSLQDLCRKHLFILPDVFGEHV,0
P01267-1736,EVHLFCLLACDHDSCCDGFILVQVQGGPLLC,0
Q9W3W5-395,VIPCKNEGRCIGNNLCRCPNGLRGDHCEIGR,0
Q5FWT5-322,RVIEVCLPHTCYSIVCYHVLCTSEVASNMAR,0
P50431-329,MTTEFKIYQLQVLANCRALSDALTELGYKIV,1
F8VPN4-172,MIHFTPLQTLGLSRSCYSLADQLELNPDFSR,1
P40099-199,VASPIPLEKHDYSMDCIVCGDGSIHWFQ***,0
Q5RKG2-666,QVQDNPSQLVFMRIYCGLKTSCIVTAGQLAN,0
O95248-636,QFDFVVRMMNCCLQDCTSLDEHGIAAALLPL,0
P33303-219,QNYHQMDVLPSWETSCIGLISGAIGPFSNAP,0
P36578-208,KGKMRNRRRIQRRGPCIIYNEDNGIIKAFRN,1
B2RWW0-273,LNNKVKILVEFLIDNCFEIFGENIRTRSRIT,0
Q8NBM8-369,FPFANILTTDFPSFFCTLDNICPVNISASFR,0
P52480-358,AEGSDVANAVLDGADCIMLSGETAKGDYPLE,1
Q8BPY9-208,FQSARLPKETNTTKTCLTSSTSLGESATAAF,0
O88537-291,HILLNPASTLASFNSCLNPILYVFLGQEFRE,0
O88962-350,HTPVLDSVMEESLRLCATPTLLRVVQEDYVL,1
Q8CGC7-910,GAEKPEAKVLFDRVACQGEVVRKLKAEKASK,1
Q61035-379,DGLVGMFDPKGRKVPCVGLSIGVERIFSIVE,1
Q75CP5-23,SLVVSEDRRHPANVICALCRLFYANNWVTGT,0
Q9JLJ2-45,KAFEPATGRVIATFACSGEKEVNLAVENAKA,1
Q0WT31-437,LPFPGSVFDLIHCARCRVPWHIEGGKLLLEL,0
Q7YR73-82,TTKENGNTVSKNPKFCQSQSSSDGVSFFLYN,0
P08670-328,KQESTEYRRQVQSLTCEVDALKGTNESLERQ,1
Q6P4D5-188,LSQTLLCHLLILVLICSSRQTFN********,0
P54868-305,FTLDDLQYMIFHTPFCKMVQKSLARLMFNDF,1
P34903-9,*******MIITQTSHCYMTSLGILFLINILP,0
O81483-81,GCRFGCCGGYWWNGLCIYCCRSQAEANEVVK,0
Q27969-67,DSRPWLTCSCQGMLTCVGVGDVCNKGKNLVV,0
Q9CPU0-139,GFGHIGIAVPDVYSACKRFEELGVKFVKKPD,1
P14736-466,QDIKQTQIVKPGCKECGYLKVHGKVGKVLKV,0
A0A5F9C6I2-1274,AHPISAVFQPCGHKSCKACIDQHLMNNKDCF,0
E3LYX0-521,YMCNESNRCLKRDEVCSPYSMCPNATYTDKA,0
Q6ZN84-239,METLVEECGENRERKCKLKDQSDKEEGTRDI,1
Q80TN5-590,FKVTTTSIESPFNHGCVRNIIDFFEFRCCGL,1
Q8BZ21-1597,SYGGLSSSSSLTQNSCVVTQQMANMGNSCSM,0
Q8BH83-109,FPRCALAPPSAGFRCCTAPGPHVALAVRYNR,0
P13497-890,SHAQFGDNNYPGGVDCEWVIVAEEGYGVELV,0
Q9US60-354,EMKRQLYIYKDALSRCVCGARINNNLDYNNC,0
Q61982-534,NGAKCVDQPDGYECRCAEGFEGTLCERNVDD,0
Q88434-1491,ISECMYTKLDELFMYCGWELLLELSYQMYYL,0
Q9QZE5-258,EDGSRDSPLFDFIESCLRNKHEMVVYEAASA,1
P16331-265,SSRDFLGGLAFRVFHCTQYIRHGSKPMYTPE,1
O95859-83,IAVCCFLIIVGMLGYCGTVKRNLLLLAWYFG,1
Q60766-356,FYTLRREDWKLRLMTCAIVNAFFRLLRFLPC,1
P61313-110,ARSLQSVAEERAGRHCGALRVLNSYWVGEDS,1
Q7TPB0-119,GRGPGGVEGSINAGGCNFNSFLRRTVRFVGV,1
P51410-74,KWWGNRKELATVRTICSHVQNMIKGVTLGFR,1
Q9QXD6-39,KAQGTGELTQLLNSLCTAIKAISSAVRQAGI,1
P05064-178,AIMENANVLARYASICQQNGIVPIVEPEILP,1
Q99KG5-208,PELLPGFRAGPLEDWLFVVVVCLASLLFFLL,1
Q9SY88-46,RLGRDSIKPFDACSLCLKPFIDPMCCHKGHV,0
C0HL13-1390,CECPLGYRLANDSKTCEDIDECRIPGFCSQH,0
Q9LVW9-119,GLTVFDPSLTKKTMKCDICMEEDLSKYAMTR,0
Q8NC54-237,KIFLLVQSRKWRDGLCSKTVEYHRLDQNVNE,1
Q9NQX1-463,NVHVQVVHERHKKYRCELCNKAFVTPSVLRS,1
Q7TNG8-287,PVARIEFLDDVMMDACNRHSKLNCPVAPTLF,1
P11836-220,ELVIAGIVENEWKRTCSRPKSNIVLLSAEEK,1
Q3ZCI3-96,DPERKYHFECCSEEQCQQWMAALRQASYEFM,0
Q8BWF0-260,IPCSRNKAKEVGEVLCTDPLVSKISFTGSTA,1
P00745-98,YSDGDQCEDRPSGSPCDLPCCGRGKCIDGLG,0
Q1RMU1-57,QGGCATCSDYNGCLSCKPKLFFVLERIGMKQ,0
Q6Q2W4-272,IYYIEGTLQMVWVDRCYPGYGINAVRHPDCP,0
P25304-772,MTGLCSCRPGVAGPKCGQCPDGQVLGHLGCE,0
Q17R98-819,GNGLPSWKFNDQLFPCDVCGKVFGRQQTLSR,0
Q87022-1088,TDLRSTLITNFAMFRCEDVLTHKFPVGDQAE,0
P28347-53,DIEQSFQEALAIYPPCGRRKIILSDEGKMYG,1
Q9CQA3-70,GDKPRMQTYEVDLNKCGPMVLDALIKIKNEV,1
P02769-276,LTKVHKECCHGDLLECADDRADLAKYICDNQ,0
P21333-478,VPIPRSPYTVTVGQACNPSACRAVGRGLQPK,1
Q5RLM2-113,VSNSGEPEGEPLTVPCSQGWEYDRSEFSSTI,0
Q91ZX7-3626,TPRCDMDQFQCKSGHCIPLRWRCDADADCMD,1
Q3UNX5-2-318,TSILQTLSKFPITVFCSAPTAYRMLVQNDMS,1
Q8H1S7-463,YELPEILDKYSGCPFCIGMETQSSSSDSHLK,0
P35569-970,ELGRIGPAPPGSATVCRPTRSVPNSRGDYMT,1
Q5SXR6-440,LLDQGQLNKYESLELCRPVLQQGRKQLLEKW,1
Q9DC70-194,RGCDRIVPVDIYVPGCPPTAEALLYGILQLQ,1
P25191-572,GIGEHCSGLAIKSDYCGGNPCTCQPQAFLGW,0
P82675-72,THPYASLSRALQTQCCISSPSHLMSQQYRPY,0
Q02156-276,SLLWGLLRQGLQCKVCKMNVHRRCETNVAPN,1
Q9EQ20-86,VPQSTKAEMDAAVESCKRAFPAWADTSILSR,1
P34280-99,STHSEAAGYEFTTLTCIPGVISYNGANIQLL,0
Q8K377-463,VSWKCFPASLRQLRQCFVTQRRKQKQKQTMH,1
P80315-450,RLTEYSRTLSGMESYCVRAFADAMEVIPSTL,1
P23515-11,*****MEYQILKMSLCLFILLFLTPGILCIC,0
P49429-37,VTFWVGNAKQAASFYCNKMGFEPLAYRGLET,1
Q5E9R0-364,PEQGATGSQEDSELNCASLS***********,0
Q91572-405,GLSEHYFKMSSRRMRCKEVQVIPWVLADSNF,0
Q9QXS1-4261,LQLMERCITDPQTGLCLLPLKEKKRERKTSS,1
Q18221-1497,YDYKFPIEDDKIDCLCGAKTCRGYLN*****,0
Q01341-784,CAARMLNLTPADVTACHLQQLNYSLGLDAPL,0
Q8BMS1-470,KHKVLKEVESVTPEHCIFASNTSALPINQIA,1
E9PVZ8-3176,EHSEWESARTPIMGACGSQEQALLIDLPGHS,1
P34884-81,GKIGGAQNRNYSKLLCGLLSDRLHISPDRVY,1
Q8R2Y2-274,EPVGLLKEGDHVTIRCLTDGNPQPHFTINKK,1
Q9DBG3-2-123,RTMGCIRVDKITEYLCEPLRKCLKDEDPYVR,1
Q9VXG8-2010,TNTEQVKKMNDLLTNCCTALPTAVFYTVYSQ,0
Q9D956-170,SEAEGLLDCHKCRYLCTGRACWQMLKALLNL,0
P48553-362,VSVPPGALDCWVFLSCLEVLQRIEGCCDRAQ,0
O42146-152,SPTQKKSLNQRYQMGCECKISRCLSIPCFVS,0
Q9JLJ2-220,LFNVVQGGAATGQFLCHHREVAKISFTGSVP,1
P16615-875,GGPRVSFYQLSHFLQCKEDNPDFEGVDCAIF,1
Q9DBC0-485,DLSDSAEFLSRLTSQCASLEELRLAFRPQMD,1
Q921I1-373,SPVKWCALSHLERTKCDEWSIISEGKIECES,1
O49318-1115,IESGERAGKVIVSTTCSDLPPPAPP******,0
Q99J23-378,CRLGDVVQVVGTYNQCPVVRFTCRLGQTLNV,1
Q9R159-637,DGTDCGPEHVCINKKCVSKSIWRSQCSPKTC,0
Q7SXS7-544,EEHVEEMNQLTPDAVCMNSSKIPVLNGQCKD,0
Q9SAK2-381,KAAQSYPHESALKKQCCWTKQYLEMELSSWV,0
O35633-47,GFQAATDEEAVGFAHCDDLDFEHRQGLQMDI,1
Q8K441-838,VQETVSTMSLWRMQVCAIARLRILKLKRERK,1
P55072-105,NNLRVRLGDVISIQPCPDVKYGKRIHVLPID,1
Q09602-315,LQLYHVIFEFSQSETCSVSFQRNSASNMRSL,0
M0QWJ1-58,RGGFAETGEHSRNLSCPLKRQARKRRGRKRR,1
Q5E9L2-252,YLQEKFVQSALSYIMCNGEGEYVCQNSQCRC,0
P97441-365,AEASSRLYSRFGFSSCTLQVEQYQPEMAQCL,1
Q96RW7-3918,PTDFLVTKHAPAVITCTASGVPFPSIHWTKN,0
Q61153-95,QRLEDRAEFGGLAPNCTVVCLSGQKCNIWDF,1
Q9PTY5-139,QPYGPTFTTGDVIGCCVNLIDNTCFYTKNGH,0
Q04721-888,DIDECISKPCMNHGLCHNTQGSYMCECPPGF,0
Q9UIW2-667,ASVDFVFYNCSVHQSCLSCVNGSFPCHWCKY,0
Q66H04-234,THFSDSGLSASDENTCPELLGSSGSQTTYGA,0
Q62431-332,FTLRTQYMKYLYPYECERRGLSSPNELQAAI,1
D6R9I9-65,ISETLCIGCGICIKKCPFGALSIVNLPSNLE,1
G5E902-132,KGWAPTLIGYSMQGLCKFGFYEVFKALYSNI,1
Q60710-104,RGFREKKVLDIFRDNKIAGSFLPFLDEDRLE,1
Q5VST9-7609,LEGGSWTTLASDIFDCCYLTSKLSRGGTYTF,0
Q50LE5-100,WSKYVDTSLTIPGVMCVNFTPTPGESYNKNS,0
Q9NR16-820,SGRVEVKHADTWRSVCDSDFSLHAANVLCRE,0
P04412-620,DCGYISNAYKFDNRTCKICHPECRTCNGAGA,0
H7C234-79,CLVYCKNGRSRSAAVCTAYLMRHRGLSLAKA,1
Q8VE47-248,VASNIDEKTLKREGVCAASLPTTMGVVAGIL,1
P15396-152,TSWVDEDCSTAQQPQCPEGFDLPPVILFSMD,0
P30989-381,LVSANFRHIFLATLACLCPVWRRRRKRPAFS,1
Q8CGV2-476,IENVVQDLRSDLNTVCDALNKMNQYLGI***,0
P26443-172,SVDEVKALASLMTYKCAVVDVPFGGAKAGVK,1
Q8MV48-132,EISMHRSVRDTRLEECRHWDYPFDLPRTSVI,0
O08601-397,KSDSSIILQERFLYACGFATHPDEELLRALL,1
P13639-41,AHVDHGKSTLTDSLVCKAGIIASARAGETRF,1
P60891-165,AVLKWIRENISEWRNCTIVSPDAGGAKRVTS,1
Q96GR4-116,YCLVLQPLRARHCRECRRCVRRYDHHCPWME,0
Q96EP0-916,CYNAFYAKNKCPEPNCRVKKSLHGHHPRDCL,0
O75475-204,KIPKPRGRPKMVKQPCPSESDIITEEDKSKK,1
P81255-5,***********MALPCSFSVALVLLSCHSLC,0
Q811T9-668,QDAAHKTRMKANTVKCMEVLEGQLSSCRCPL,0
F6VT60-140,QRANFVPFIAVLKEYCDTLQLDSGVDYRKRE,1
Q80T79-3048,RTCQLNGHWSGSQPHCSGDTTGTCGDPGTPG,0
Q14592-46,DVTQRALYVEVMLETCGLLVALGDSTKPETV,0
Q8GWF4-70,EYVKLFEEGIYCCVGCGNPVYKSTTKFDSGC,0
C0HL13-3926,SDEKKENCLAPTPRPCTEGEFKCSNGHCISQ,0
O88844-269,MVAQAMKSEGGFIWACKNYDGDVQSDSVAQG,1
P0C9G8-51,YVKNCRFCWACQDGLCKNKVLKDMPPVQEHS,0
Q9DCN2-204,QVIRAVLKDPNDHTVCYLLFANQSEKDILLR,1
Q01628-72,HVVWSLFNTLFMNPCCLGFIAFAYSVKSRDR,1
Q3TYU2-1000,VQVCTFLTVKQQPWYCEVYKYSECFLVNQSN,0
Q8BY89-106,NIVKCANPLVLLEFHCPTPQICVKQCPDRYL,1
P47757-62,LKIARDKVVGKDYLLCDYNRDGDSYRSPWSN,1
P98165-152,SCGPQSTQCIPVSWKCDGEKDCDSGEDEENC,0
Q61765-351,NQEYQVLLDVKARLECEINTYRGLLESEDCK,1
Q8CGB6-548,PTAAERQELDRLLGGCGVASAGRGAGRETAI,1
Q3T1L5-83,WGLDYPPLTAYHSLLCAYVAKFINPDWVALH,0
P17124-305,TLNRDFRTAYQQLFRCRPASHNAQETSLRSN,1
Q10132-229,DVDHASKFQDTLIHRC***************,0
A0A7J6KDB0-129,GPGGCGEFCSSNWIFCSSSLIYHPDKSYGGD,0
A0A1P8B554-166,NVPMLVEASGGSEGTCLTTGCVTDLNQKCPT,0
Q91ZX7-2606,DCGDGSDEIPCNKTACGVGEFRCRDGSCIGN,1
Q9UT46-74,ETKPFCLNCTKTNRECEGYPNSAAQMQAMGS,0
Q62635-440,LLGELASCGSTDKQTCLKTVVLLTDNKKNVV,0
Q8CIE6-254,AWEVDTCRGHYNNVSCAVFHPRQELILSNSE,1
Q6ZPR6-674,EDCEGSPDSHLHTVNCHVDDKQKSAFEVYRS,0
Q9P2E3-656,SVWQISLQKFPILVVCYTNHALDQFLEGIYN,0
Q9H2W2-170,PEIILNHCAPGTETKCLKPQLPLEVDVNCLP,0
Q2PZI1-134,IYTKIMDLIGIQTKICWTVTRGEGLSPIESC,1
Q8N3Z6-256,IICRNCDKRGHLSKNCPLPRKVRRCFLCSRR,0
P51636-145,QTIWKSVTDVIIAPLCTSVGRCFSSVSLQLS,1
P03409-36,GDCVQGDWCPISGGLCSARLHRHALLATCPE,0
Q704Y3-391,GPVHSSLYDLSCIDTCEKNSVLEVIAYSSSE,1
Q14590-198,WSKIYLNETQNYQRSCKQTQMKNKLCIFAPY,0
Q9JIM1-351,NFNVFDWLGRSLTAVCMWPGQDSRWLPVLVA,1
Q9DCS9-125,LKACQQREGENYQQNCAKELEQFTKVTKAYQ,1
P60984-96,RVSYPLCFIFSSPVGCKPEQQMMYAGSKNKL,0
Q8BM55-222,ELDKTPGESLHGYRICIQAVLQDKPKIVTSN,1
Q9NWQ8-37,AAVAIFFVITFLIFLCSSCDREKKPRQHSGD,1
Q6ZWS4-108,LNVPLLFYHFWRYFHCPADSSELAYDPPVVM,1
B0BND0-429,LKSQTSSSPSIPPNSCALVLILLLYFV****,0
Q6PA06-402,VAGARDVYCKSMEQVCGGDKPYIAPSDLERK,1
Q8NH63-171,CVVFPVPFLIKCLPFCHSNVLSHSYCLHQNM,0
Q9DCP2-369,LHTYSKVDPFDVLILCVRVAVLIAVTLTVPI,1
Q21455-417,YSNCDFCVTDENCGFCESKVAKKGYCLPFPS,0
P42799-190,ARAFTNKEKFIKFEGCYHGHANAFLVKAGSG,0
P40936-116,KEPGAYDWSSIVQHACELEGDRSRWQEKEAK,1
Q0V8T9-674,GSMEQLEALIDGSEYCEQEVIYHCRRSRLLN,0
Q99P30-72,FTVRSDKLKREPGEVCFPGGKRDPVDTDDTA,1
P23780-628,SAPNNITVLELEFAPCSEGTPELCTVEFVDT,0
S4R1M8-51,LLSHDKDPRGPSPASCMDQLPIKRDYGEELR,1
Q8CAY6-65,EEVSEVIFGHVLTAGCGQNPTRQASVGAGIP,1
Q5SSW2-1432,TVETYNDWGTCIATSCESRDPRKLHWLFELL,0
P00338-163,WKISGFPKNRVIGSGCNLDSARFRYLMGERL,1
Q8N328-586,TTFRCEKCDVALHVKCSVEYHTE********,0
Q94KK6-253,QMRSSRNFCIDIILLCVILGIVSYIYNALN*,0
P0C2X5-60,RQIQILTIMLNILRCCRRMKE**********,0
Q9D0M3-219,RHGGEDYVFSLLTGYCEPPTGVSLREGLYFN,1
Q6P1J1-553,SHKSTVEYNIFEGMECHGSPLVVISQGKIVF,1
Q8V9T7-290,GKRKTFDVVAQSLQECKKILQGKKIYTSIWN,0
Q9DCK3-190,DSCGLHEPGTWWKSPCYETVKAWLQENLLAV,1
Q6EIG7-90,AWGCCPASWKSFGSSCYFISSEEKVWSKSEQ,0
Q99MN9-271,SGVAHRAFDNDVDALCNLREFFNFLPLSSQD,1
Q6PCJ1-794,QQVCETLLDCRKYLKCVVAVFQEVAAAGAQM,0
P40142-386,SIAVGCATRDRTVPFCSTFAAFFTRAFDQIR,1
G3X9Y6-217,LLNYCKSKDIVLVAYCALGSQRPKRWVDPSS,1
Q8BH00-398,DESRCMTEEIFGPVTCVVPFDSEEEVITRAN,1
P55072-415,ANETHGHVGADLAALCSEAALQAIRKKMDLI,1
Q05049-374,SQRVDCGFRGITADQCRQKNCCFDSSISGTK,0
Q8TEQ6-1122,ALQLHESLQGQRLVFCLLELLSRHLEEKQLS,1
P24898-2,**************MCTKMEQPFYHDDSYAA,0
O14672-435,RATSGDKLNNNKFSLCSIRNISQVLEKKRNN,1
Q3UMW7-381,KRRKKQAGSSSASQGCNNQ************,0
Q9DBA8-136,FTVEHTRQASEEELFCSFQQRLQCMMRAGTT,1
P0C6Y4-712,CTMSGFECFMPTIPQCPAVLEEIDGGSIWRS,0
P49151-129,QHIGEMSFLQHNKCECRPKKDRARQENPCGP,0
Q53H12-72,NAQVKKATVFLNPAACKGKARTLFEKNAAPI,1
Q01279-337,GIRKCKKCDGPCRKVCNGIGIGEFKDTLSIN,1
A2AMH3-97,GLDHTHRKYVFFLDPCNLDLINRKIKSIALC,1
Q9UT10-522,ISHITPLPENQSHIYCSIHSGMLQDSQKLYV,0
D3YX25-51,CESGEGCCQAKPGEKCASLITLKDGKIQFGN,1
Q6IR42-250,KEEESGFGHCVIWVQCSSPKCEKWRQLRGNI,0
P19096-1222,DPLISGLLNSQALKACVDTALENLSTLKMKV,1
Q4U4S6-3372,ADTLLLGDLTTHPDACNSKRQDNDLRKWGDR,0
P49660-358,YYATALKSRGGAGCICPPLPCQQEPVQAEPG,1
Q791V5-49,PLPPTIGRNIFGRQVCQLPGLFCYAQHIASI,1
A2AQR0-546,PYIEAEVKYGIKEYACTAVDMISRRTRLAFL,1
P04577-214,QCYMNHCNTSVITESCDKHYWDAIRFRYCAP,0
B1AR13-119,TVALCTCKATQRPPYCDGTHKSEQVQKAEVG,1
P35125-1342,GHYITYAKNPNCKWYCYNDSSCEELHPDEID,0
P09528-103,KPDRDDWESGLNAMECALHLEKSVNQSLLEL,1
Q9WUU7-35,ASAARARLYFRSGQTCYHPIRGDQLALLGRR,1
Q62452-122,LTGSARGFFELTFSHCRSLFNDKKLVEYLKQ,1
Q9R0P3-56,ESGKCPALYWLSGLTCTEQNFISKSGYQQAA,1
Q9DCK3-169,TDWFEVYNATRVPDSCCLEFSDSCGLHEPGT,1
Q8MT36-780,LDSKYLFRGLSREPICKYCYQAGSDLVRCSR,0
P62826-112,TYKNVPNWHRDLVRVCENIPIVLCGNKVDIK,1
Q7TNC8-380,TRESRFNFSGYGMGHCLQMKDGTAVKATPAN,1
Q9NYG5-34,NDENCGICRMAFNGCCPDCKVPGDDCPLVWG,0
P24719-304,RDLKLDNILLCTPEPCTRIVLADFGIAKDLN,0
Q9UK96-180,ALLASIDQHCSTTRLCNLVFTPAWFSPIMYK,1
Q9CXI0-6,**********MAAPRCCVLWRVCGRGWWRAT,0
Q55GK3-531,NNNNDNDNIKVEDNGCNEPVMKKVRSNGEFY,0
O54749-447,KKRESFLPFSMGKRACLGEQLAKSELFIFFS,1
Q5CZC0-4843,KLINEIMSIISKHEICIIKYGNKKQSMISAK,0
B3LIS9-1319,LTMVILPCGHEGHFQCIQEWFLDENEQECPG,0
Q8VCC2-254,LFHRAIAQSSVIFNPCLFGRAARPLAKKIAA,1
P97742-32,DGIDLRLSHEALKQICLSGLHSWKKKFIRFK,1
P49756-83,RKDHPGLKAKENDENCGPTTTVFVGNISEKA,0
K7ER00-533,VGHKVNLQMVYDSPLCRLDAEPRPPPTQEAA,1
Q04721-1273,GERCEGDINECLSNPCSSEGSLDCIQLTNDY,0
Q8WTX9-150,HCNLCNVDVSARSKHCSACNKCVCGFDHHCK,0
E9Q557-69,HSRRCTVNDQNSDGYCQTGTMSRHQNQNTIQ,0
Q99296-240,VTLYDRASMQFDLFACNNDGHLYQCDVSNRD,0
P41216-298,NPKGAMITHQNIINDCSGFIKATESAFIAST,1
Q5DQR4-1031,VNYLPLTDMRIARTFCFTNEGQALYLVSPTE,1
P13639-466,ILMMGRYVEPIEDVPCGNIVGLVGVDQFLVK,1
Q75VQ0-280,ISPLSGSAQHVEECSCYPRYPGVRCVCRDNW,0
Q9Y337-217,KVLQCLNISVLSQKRCEDAYPRQIDDTMFCA,0
Q8VHP9-254,QNWLDYIPPTRYKDPCELVHLCRITIRTQLL,0
Q9UP79-656,KVIDGTLCGPETLAICVRGQCVKAGCDHVVD,0
Q9CZ13-410,LRNALVSHLDGTTPVCEDIGRSLLTYGRRIP,1
Q16719-327,TRFKMDNKLQLIPGVCGFRISNPPILLVCSL,1
Q7K0P4-75,QSVFDRLFQWSCADECQYGCMWRTVFAFFER,0
Q15149-1405,ALLEEIERHGEKVEECQRFAKQYINAIKDYE,1
Q96EP0-998,DEACGKETPAGYAGLCQAHYKEYLVSLINAH,0
Q9P2P5-224,LKMSIQPGKKSSFPTCAHHGQERRSTIISNT,1
Q6IAN0-68,AVVVITGATSGLGKECAKVFYAAGAKLVLCG,0
Q8K3K7-248,TNGLTDADVTKLVDTCYQSMRATFLQISQIP,1
P70349-84,DDESLLGHLMIVGKKCAADLGLKRGYRMVVN,1
Q9JII6-46,AAIKHALSAGYRHIDCASVYGNETEIGEALK,1
Q9Y169-339,LRMGQPDLVEIMSQHCIPVIAVDNYVLPFED,0
P12491-236,AILKCNDKKFNGTGPCKNVSTVQCTHGIRPV,0
Q9P373-90,MIRSTQTLLANCLRICYPEKQLKEILALFAD,0
Q8BLN5-534,SEVFGDIMIDYTYVECTSAVMQALKHFHEHF,0
Q54PL2-517,NKLIESILNQTVNNICVILKTQFTTSTNNNT,0
Q99JY9-235,SLETAKAVKERYSYVCPDLVKEFNKYDTDGS,1
Q8VHQ9-533,ETPEYQRGETLCSGFCLWREGDQMTKVSYYN,1
O95274-140,DPAGNESAYPPNGVECYSCVGLSREACQGTS,0
Q91572-520,KVQIDPYLEDSVCQVCNAQPGPFFCRDQVCF,0
P40085-338,FWSPRSTLSIVINILCGPMVSVVGSEVLVDW,0
Q3UHK1-303,IEEEEKEATAAGPIICRMLSYPPTRRALVVG,1
P13639-693,SVVAGFQWATKEGALCEENMRGVRFDVHDVT,1
P98167-4963,ATETQGNCSGRQAPGCVCQRGHFRSQEGPCV,0
O88737-1918,LACCDMVYKFPFGSSCTGTFHPAPSAPDKSV,1
Q6SA80-241,LSAVATDLRKDKAKSCTVM************,0
Q01279-311,PRNYVVTDHGSCVRACGPDYYEVEEDGIRKC,1
A5PF10-288,DGSVVINARNQNNYHCRCRIVLRSYDACDTL,0
Q8BWF0-81,VYDPASGAKLGTVADCGVPEARAAVRAAYDA,1
P13265-409,LKSFISFYSALPGYICSHSPVAENDTLCWNG,0
Q91XD4-286,GLVPLKALLDAAAFYCDKEKLFVLEEEHRIR,1
Q90W33-184,KDDLSEDEMFARNTHCTTSNSLSPSTSKNGS,0
Q5A5K7-55,TLINSCNGAFDFNCLCNLPQSYFQNLYDCSK,0
Q570C0-269,YSGLSVALSGCKELRCLSGFWDAVPAYLPAV,0
P51881-160,VGKAGAEREFKGLGDCLVKIYKSDGIKGLYQ,1
Q6IWL4-3,*************MACNDVDKSSFDDVCCDS,0
Q9CXM0-170,PGLGGPYLYQWNDDRCNMKHNYICKYEPEIH,0
Q05816-67,ITVKTESTVKTTVFSCNLGEKFDETTADGRK,1
D3YXN7-147,FATFSPSFPSLSAANLVIAIGTIVMVTGFLG,1
Q05D44-631,HGKNVNTEKLRAPIICVLGHVDTGKTKILDK,1
Q9W3Y1-196,MTKMGGKENVVGIHCCMRYDASAAFVMPFMA,0
P34567-71,RIRLGIMRHVMIVIDCSRFMTSKAMPPSRFV,0
Q54QF4-167,KVQQSEEEYKLQVQACNQYHSLYHQEKLPKI,0
Q8BVZ1-319,SLTLELQNAVDALAGCVRGLPPSAQAKVAEV,1
A0A7H0DN23-50,SLLPVDEVHVNHGFDCVEMIDENISNENIEQ,0
Q9VIS1-982,ASSSCGHESGGAENCCKRYKLEDQLCDIQFI,0
Q9QYY9-112,QCKRCKLCLSPLTNLCGKLRNFKYPTIDQEL,1
Q8BM55-529,RLLRSSGLLPVGQQVCARLSSYSLQSYNWLQ,1
Q9QZE5-650,EPVALTESETEYVIRCTKHTFSDHLVFQFDC,0
Q6UXB4-287,LWNDAPCDSEKDGWICEKRHNC*********,0
Q9JIT1-146,ICKEEFELHPQVLLSCSHVFHRACLQAFEKF,0
Q24459-469,TVEIVTGSGIWSCKRCAKPMKMQQPVSHKIT,0
Q9C5P1-440,DDKTIPEDFDYIPSQCHSGMMTHEFHFDRQS,0
Q8BFZ2-182,TDCRAHQQFINNGNICTGDLEVIEKARRSFP,1
P14824-358,WELSAVSRVELKGTVCAANDFNPDADAKALR,1
F8VX04-391,RSSLFELAKKTKFNLCRHTVVTCILLVVINL,1
Q70CQ2-277,MQHIIPFRTYVIRYLCKLSDQELRQSAARNM,0
Q96RT1-32,LRGEEETVTTLDYSHCSLEQVPKEIFTFEKT,1
A0A0P0VUY4-662,LPLPGAVDVICGGPPCQGISGFNRFRKHNDP,0
O09173-180,IYTEFGKMSLQPNEICVIQRGMRFSVDVFEE,1
A0A024R9R8-83,ETEKTLTELNKCCGLCVCPCNSITNDAREDE,1
P04183-188,EVIGGADKYHSVCRLCYFKKASGQPAGPDNK,0
Q9JK38-45,ISPTHPGEGLVLRPLCTADLNKGFFKVLGQL,1
Q6PF96-326,QSIPKLTFPGGLLIGCSPGFMNVPKIKGTHT,1
Q9USM3-372,SDAQTLLEQERPRWRCRWCNVLGTGTFCVRR,0
D3Z0R2-409,NTLSLVMSKLASPSTCPK*************,0
P25322-7,*********MEHQLLCCEVETIRRAYPDTNL,0
A1Z877-984,ATCEPTEDPANYECQCIAGFKGDGYVCIEEQ,0
Q54V07-231,EEFLTPNNWTIEVSICGSFYKSYSFPYFPKL,0
F4K687-21,PVEKLSYGSNTEDKTCVVLVATGSFNPPTFM,0
Q55BF2-52,VDITEGIPKQLTIQWCRGCARYLQPPNHWAI,0
Q6AWT8-153,KCCNCTSCSCIGSKCCDGSCCSNICCCPRLS,0
Q63788-390,FHRDGHYGFSEPLTFCSVVELISHYRHESLA,0
P98089-3,*************VNCSVDCQLQVFNWSCPS,0
P22139-7,*********MIVPVRCFSCGKVVGDKWESYL,0
Q6P6J9-5,***********MQLLCWWQVLLWVLGLPAHG,0
Q80UG2-10,******MKAMPWNWTCLLSHLLVVGMGSSTL,0
Q711S8-128,TVQISAEKVQDVWVRCRWSSSSESNSSEEMI,0
Q5XK84-89,GCNSVLVQFATPADFCSFYNIIKSCRCPATE,0
P07724-58,FKGLVLIAFSQYLQKCSYDEHAKLVQEVTDF,1
Q99K67-87,YVRAGGILQEDITEACLILGVKRPPEEKLMS,1
Q8K2V6-366,KIKMAFFTYPTLTEICRRLVSHYFLLTEEEL,1
G5EDE5-408,YPFLAIFFFALLSLLC***************,0
F1QZE9-700,MPVIYSIMTLPPSFDCGPFSGKDKMYDVITE,0
Q14246-315,FHPNPEGSQKDGNFSCQRVLFKCKEDVIPDN,0
P23685-770,EDDDDDECGEEKLPSCFDYVMHFLTVFWKVL,1
Q5DU28-1045,SRQSSDPSVLLSFIQCKLLPKCLHQNLEESA,1
E9Q8I9-2983,GTYALVGSNHSLTEICTKLMELNMEIRDMIR,1
P14824-59,LELITSRSNKQRQEICQNYKSLYGKDLIEDL,1
Q01459-49,RLAAGTDCPCPEPELCRPIRHHPDFEVFVFD,0
P10605-211,PPCTGEGDTPRCNKSCEAGYSPSYKEDKHFG,1
G2TRU4-17,SQKSHKEKLEKPAYKCMKQYICEKVSAHEND,0
G5EGA5-212,ETTEDRVKCAVSGVACAICAYIAFVLCDYSV,0
P53396-633,VTIIGPATVGGIKPGCFKIGNTGGMLDNILA,1
Q9SH13-118,FNLSRALSCYHCLSHCFLMIIYIILFSI***,0
C9JZR9-155,TSWLQEHVADLSRSLCGIIPGLSSIFLPRMN,1
P05135-382,RATCCYAYSYNGPSLCKGVYRGELTKSFECG,0
F5HDM3-223,WLVSPYDVINLFVDDCMRVFAANNQHVCIVA,0
P61922-2-205,SKEELETCMVNQSPGCPDYSILSFMGAFHGR,1
Q7TP36-950,LIHEDNSARYCPVTACYVFIPCRLQVFVAGA,0
Q6UVM4-474,TLLVHTSRGQCVCLCCREGQQSPEQWQKTYG,0
Q9BVA1-303,ELTQQMFDSKNMMAACDPRHGRYLTVAAIFR,1
Q922E4-296,YPIMNLHERTLSVLACRYVSEVVIGAPYSVT,1
P47964-48,LTNHTKFVRDMIREVCGFAPYERRAMELLKV,1
Q9PUN2-530,WILENDITSVLDHTFCVEHNAFGRLLQHELK,0
P26710-52,GELEYWCTYAKSCDFCWNCRHGICKNKVFEK,0
Q8BWT1-128,VVLCGGTESMSQSPYCVRNVRFGTKFGLDLK,1
P52825-512,GRTETIRPASIFTKRCSEAFVREPSKHSVGE,1
Q3V3R4-82,PLVGQPKARTGDVYKCPVGRERSMPCVKLDL,1
Q86AE3-375,IGHCEAGSGVASLIKCCLMFKYQCFLPNIHF,0
P16144-562,SGFLCNDRGRCSMGQCVCEPGWTGPSCDCPL,0
Q06885-292,YTDDYEPSIKIGNKICETLTSSQTSIRCYLT,0
Q8CIE6-380,VFNMSYNPAENAVLLCTRASNLENSTYDLYT,1
Q06770-243,VQSGNISYFRDSAIPCQMVQMNYVGNGTTFI,0
Q5SXR6-495,LSVYLRANVPNKVIQCFAETGQVQKIVLYAK,1
Q9JL04-1181,SPSLIWEKIEEPSIDCHEFEELFSKTAVKER,0
P05202-106,NLDKEYLPIGGLAEFCKASAELALGENNEVL,1
Q8LPT1-760,SFEMRLPELPKIDIQCPQRQKSNGSDPESPI,0
Q923X4-61,TTTPVNQIQETISNNCVVIFSKTSCSYCSMA,1
Q9CRT8-38,AYFEQLKISPDAWQVCAEALAQKTYSDDHVK,1
O88736-106,AGILPNPQFNLKAFFCGIFSRNVIHMFTTAE,1
A8MUX0-425,TYRQPYMTSISYRPACYRPCYSILRRPACVT,0
P35293-110,TFVKLDNWLNELETYCTRNDIVNMLVGNKID,1
Q9FMC2-13,***MQPSTNIFSLHGCPPSYLSHIPTSSPFC,0
P59511-531,KGCRTQHMPLADGTSCGPGMHCHRGLCVTRD,0
P97494-295,SAASPFYRGYVSDIDCRWGVISASVDDRTRE,1
Q9JJ28-241,SDVDLSCNDLTRVPECLYTLPSLRRLNLSSN,1
Q9UK96-648,GKGLIEGNTIYANKGCGVWMMSSSLPHVTSN,0
Q806Y7-815,RYSRKVCVQFGEENLCKTIDMNDCFVTRHVK,0
Q9FFR6-42,PELQKSICDKRWSPCCTLVRLYARMGLHRYN,0
Q9CZ13-453,AQMLRDICSKYFYDQCPAVAGYGPIEQLPDY,1
P16793-467,KNQTSTVCLLCELMACSYYDNVVLRELYRRV,0
Q03463-1711,PDREVLYREFDEMEECSQHLPYIEQGMMLAE,0
Q9QXD6-282,ANKKSPSGKLRLLYECNPIAYVMEKAGGLAT,1
P0C6W9-6917,SVATYFGDCITLPFDCQWDLIISDMYDPITK,0
Q750S6-104,STLMDSLLASVMLGHCYIGFQACIIDYIPQR,0
P0C6W9-3175,EEMALTTFMITKDSYCKLKNSLSDVAFNRYL,0
Q08268-499,ACYIISRHICVGAKLCKF*************,0
Q5DU41-109,QNDLHRQQYSYIDAVCYEKQLHWFAKFFPYL,1
Q93WF1-65,SIRNSTARRRLGYFSCSTGNPIDDCWRCDRR,0
Q8BWT1-287,NFTPLARVVGYFVSGCDPTIMGIGPVPAING,1
P56528-258,QAWVMHDIEGASSNACSSSSLNELKMIVQKR,1
E9Q390-2000,PPNRPETSFLWFTNPCKTMRFIVWRRFKWVI,1
O43597-265,CTRWSAMGVMSLFLPCLWCYLPAKGCLKLCQ,1
P33450-4987,HSSTSTDESGNDSFTCSEIEYDNNSLSGDGK,1
P02706-254,QPDDWYGHGLGGGEDCAHFTTDGHWNDDVCR,0
Q6PB66-112,GRITKGLLQRVFESTCSSGSPGSNQALLLLR,1
Q61006-826,IYYVRDGNILACPENCPLELYNLMRLCWSKL,0
Q9WUP4-43,FALLLQLAPARLLPSCALFQDLLRYGKTKQS,1
O43196-261,SGLKEGLSLFGILNRCHCKWGEKLLRLWFTR,0
Q9HCK5-484,ISKDAGMPIQGQPCFCKYAQGADSVEPMFKH,0
P52592-305,WRSRDLRREVLRPLQCWRRGKGVTGRRGGNP,1
O75665-85,LIGASNSLVADHLQRCGYEYSLSVFFPESGL,0
P36542-103,KKKHLLIGVSSDRGLCGAIHSSIAKQMKSEV,1
Q9P7E3-161,WEEEVRYLQLFFPSGCSYVVGPTNKNHWHLF,0
Q8BFZ2-114,RESLIAEEKMILTGDCCYLSPLLRRIIRFIG,1
P11716-305,YLALTEDQGLVVVDACKAHTKATSFCFRVSK,1
Q9NQC3-1101,ELVQKYSNSALGHVNCTIKELRRLFLVDDLV,1
P18721-15,*TIKPFACTKCKRRFCSNKELFSHKRIHTGR,0
P09612-1275,SVDITAEGSCAGCINCFQNIHCELTLHTTIE,0
Q9D1A2-192,IFAQKDKFFKDVDYVCISDNYWLGKNKPCIT,1
Q5RJI4-178,VALKAVDFSGHDLGSCVREFGARRGCYRLAA,0
Q9SUR8-269,ICMNNGWSLSSSSSYCVVENVFYRYCEGEIR,0
Q8VDN2-249,ENPLETRNIAFFSTNCVEGTARGIVVYTGDR,1
Q8VDD5-740,TPNSIPKGFMDGKQACVLMIKALELDSNLYR,1
Q7PLK0-723,IIIYRDGIGDGQLYTCLNYEIPQFEMVCGNR,0
P32299-357,KKSREVYRVLCQKGGCMGEPVQMENSMGTLR,1
Q5F3Z9-706,HPKHCRFNTQCTRPDCTFYHPTIAVPPRHAL,0
P77445-458,GEGVTSARTFVRLRRCVLVDAFRIV******,0
Q5JL96-160,DDVSKQQYHCNGCGICRIGGKENFFHCSKCG,0
O54828-585,KARAALSLGRFLRRGCLASPVFARLSPKCPS,1
Q922B2-203,RTSTSQAIFRLQSGICHLFRETLINKGFVEI,1
Q9JIY0-77,EKNSQEVFDLSDYEKCEELRKSKSRSKKNHS,0
Q9SUE7-1015,DYLFDPDEAEELKVPCLCKAPNCRKFMN***,0
P47911-51,KVHPKGKKPKKAKPHCSRNPVLVRGIGRYSR,1
Q91Z53-57,RKDLEQGVVGAHGLLCRLSDRVDKKLLDAAG,1
Q7Y1I7-859,KAEERKRKGLPVEYICKSLYWPEKGGFFSLP,0
Q7RTY3-246,KQMSNGAFSGPCASACLLFLCWLLQPQMGS*,0
Q60872-51,AQVIKMLGNGRLEAMCFDGVRRLCHIRGKLR,1
Q9QXY7-91,QLGPLYRCCEVFCIYCQSDQNEEPYVSITKK,1
Q61205-56,EVVFIGDSLVQLMHQCEIWRELFSPLHALNF,1
Q8TBE9-184,IFYYCCNLLGVQPGDCVMVGDTLETDIQGGL,0
Q99JY9-189,VTHVIPVAEGYVIGSCIKHIPIAGRDITYFI,1
P27659-114,LRTFKTVFAEHISDECKRRFYKNWHKSKKKA,1
Q9C7G1-31,AKLHGKMCNALSVIYCKIMSIFPSLEAARPR,0
G5EFQ0-460,SELISNCDGLKNKSGCFQLKINDIKSGFWPS,0
O42224-148,WPDFLKCTPDRFPEGCPNEVQNIKFNSSGQC,0
P45844-30,NASSYSAEMTEPKSVCVSVDEVVSSNMEATE,1
A2BGD5-73,WAVAPSSYKEGTSVNCCVNFQASYLPGPSAQ,0
Q5SRY7-16,MEPDSVIEDKTIELMCSVPRSLWLGCANLVE,1
Q9QXE0-556,LQHSLRQALQDTSKPCLLNIMIEPQSTRKAQ,1
Q9XYD3-739,MGLRNSVMSPLKCSACDFVASSADEKMRHSM,0
P43030-11,*****MSLRLGAISSCTTSSPFPVLQVLLPL,0
Q9JLJ2-355,LGFVKLAKEQGATVLCGGEVYVPEDPKLKHG,1
Q8GTS2-170,KPAVTNVPYSYMMHPCNMQCDVDNLYCLQNG,0
Q62635-793,PTSCQTLVARYYHTECISGCVCPDGLLDNGR,0
P56213-181,LHNEVNRKLGKPDFDCSRVDERWRDGWKDGS,1
Q6UWF3-42,IIVVSVGLGLILYCVCKWQLRRGKKWEIAKP,1
Q8NBI5-226,GHIPYPLPPNYSYGLCPGNGTTKEEKETAEH,1
Q9BDB7-79,VFILENFPRLVSEKPCTCAWFSLKRNNSSGI,0
P18753-454,THMEEKPFSCVQCGKCFSKDTHLKYHYRTHT,0
Q54MV2-173,RLSEKEGRKFFRQMLCGLIYCHSNMVCHRDL,0
P62207-139,HECASINRIYGFYDECKRRFNIKLWKTFTDC,0
O45944-49,ECNLSKLNNHAKTGNCKTTALWKVTSDTNCT,0
O09172-35,LQTGNLLNWGRLRKKCPSTHSEELRDCIQKT,1
Q9Z1Z0-816,LCSQSLEITRLQTENCELLQRAETLAKSVPV,1
P51660-175,GQANYSAAKLGILGLCNTLAIEGRKNNIHCN,1
Q91VS7-50,AFQRITNKVFANPEDCAGFGKGENAKKFVRT,1
Q6ZUJ8-10,******MAASGVPRGCDILIVYSPDAEEWCQ,0
Q86Z14-976,VISSRGFPFENSSSRCSQTQENTECTVCLFL,0
Q76MZ3-329,SADCRENVIMTQILPCIKELVSDANQHVKSA,1
O09173-120,ASEKKVDFVSGLYTLCGAGDIKSNNGLAVHI,1
Q91XD4-419,QLTSLVDADARAFAACLEAIKLPKNTPEERD,1
Q5Y4N8-177,SGFVSNGSTCEDEDECVTRNACPEHATCHNT,0
C9J841-125,NTAFRSSVPNIKLAKCLVNSAGCHLVAGLLF,1
P24270-232,SHTFKLVNADGEAVYCKFHYKTDQGIKNLPV,1
O14975-22,TVLAGLLFLPLLVNLCCPYFFQDIGYFLKVA,1
Q7Z6L1-157,IDFPATYTKDKKWNSCVRRRKWIRYRRYKSR,0
J3KTM6-135,PMANGLAAAGSPVFLCALSPLGQLLQDRYGW,1
Q60597-566,NQPEYEEEISKYDKICEEAFTRSKDEKILHI,1
P01871-244,PSFASIFLTKSTKLTCLVTDLTTYDSVTISW,1
Q90953-3504,HCKDGFIQRHIPTIRCQGNGRWDMPKITCMN,0
F4K4J0-819,KMISWKGRGCASGYPC***************,0
F6SSP6-161,FQLTEKSPNPSLLHLCGSLAQLACVEPVRLQ,1
P56593-163,IQEEAGCLIKMLQGTCGAPIDPTIYLSKTAS,1
O74485-132,TKCFQNSQQFRDANFCKLVLVWTVCQCVSST,0
P21739-197,YSISWVNGRTTISEWCNPCCAPVKSTASVEK,0
P11940-128,KALYDTFSAFGNILSCKVVCDENGSKGYGFV,1
Q9CZV8-101,SKRCGGFLRKLSLRGCLGVGDNALRTFAQNC,1
P98163-1303,FKCRSGRECIRREFRCDGQKDCGDGSDELSC,0
P10126-234,KDGSASGTTLLEALDCILPPTRPTDKPLRLP,1
P49935-270,EDFLMYKSGVYSSKSCHKTPDKVNHAVLAVG,0
Q8VCW8-194,KQFKTQQYYDILKQVCPELEKAQPGALKSER,1
Q8VCH7-288,VKQAMRAILTDQPMVCTPRLMYIVTFMKSIL,1
O75074-185,EFRCDNGKCLPGPWQCNTVDECGDGSDEGNC,0
Q9SVH0-567,SDSFVETALTDMYCKCGEIDSARQFFDAVLR,0
Q86B91-1363,PQRSVPEQKFDYTAHCSTMPLPVGCHSQQLA,0
Q04447-254,SMQKGGNMKEVFTRFCTGLTQIETLFKSKNY,1
Q6ZMB0-98,EQLPARIQDFLRYRHCRHFPLLWDAPAKCAG,0
Q7TMG8-103,CQEVLPKIHEGKQYPCTLVGTWNTWYGEQDQ,1
Q9R1P4-182,SARTYLERHMSEFMECNLDELVKHGLRALRE,1
Q54HD2-1753,NNSLKSSTSLKNSSDCVGNIHGNNFKQPLNK,0
O94460-315,RNDIGPLEEGCSCPCCKTELEGGWGITRAYF,0
Q75LR7-120,QQLISGVSYCHSMQVCHRDLKLENTLLDGSV,0
Q91X91-202,KARQAAGFSLKVEVECSSLEEAFRAAEAGAD,1
B1AX39-263,SKNCPLPQKVRACCLCSERGHLQYGCPARYC,0
D3YTT4-249,VGWNSQPTRAVIFEDCAVPVANRIGTEGQGF,1
Q9Z0E0-469,PSWPGDALRLLLPGWCHLTVEDGPREILIKE,1
Q8VE95-100,NHSGRYEASFPFLSLCGRERNFLRCEDRPVV,1
P29474-1009,RGAPSFRLPPDPSLPCILVGPGTGIAPFRGF,1
Q02257-341,KLLWTTSRVLKVLSVCPSNKPAIVEAGGMQA,1
C0HL13-1252,FQCREDGICIPDSWECDGHPDCLTGSDEHSG,0
P16144-739,LLALLLLLCWKYCACCKACLALLPCCNRGHM,1
Q9D826-71,RKAYPEDFYTMMMKECYQTWAQLEREAGTQL,1
Q91VI7-97,IQKLSLQNCGLTEAGCGILPGMLRSLSTLRE,1
P16909-194,ARPRKACPRPRKKMECGKAKAKPRCLKPKSS,0
Q0IIE6-270,IAPEAPTLSHFQQTFCYLMHEFHKFWIEEDP,0
B3G515-48,STDTYEFYIIGLFLSCLYTIFLFPIGFIGNI,0
P99028-51,EQLEKCVKARERLELCDNRVSSRSQTEEDCT,1
K9JHZ4-1386,YNGNGVVESYSVLGSCRPSDPYSMNSVYSYH,0
Q8C729-57,YKVIQDSNNELLEPVCHQLFELYRSSEVRLK,1
Q27355-408,DFTGIKSNVISHARQCRHNAEDAHDITTDEM,0
P11881-56,PEAGDLNNPPKKFRDCLFKLCPMNRYSAQKQ,1
Q8CAK1-166,TVEPSPELHVWAVLPCVPQTSETAPLEERVE,1
P09564-198,LAVISFLLGLGLGVACVLARTQIKKLCSWRD,1
A2ANU3-192,PPRDHLGLSVFSMLCCFWPLGIAAFYLSHET,1
Q10233-1111,LERLMISSDACDVDVCGQCGLLGYKGWCNSC,0
Q8CC86-484,QVEPLLRLYLQQGQLCEPLPSLDESRRFAQQ,1
Q9JLV1-295,SSREGSPARSGTPVHCPSPIRVHTVVDRPQP,1
P17442-1050,GSMRQIVFSSCNWEACSILNWKQPNFPVLLQ,0
P22314-481,LGKQKYFLVGAGAIGCELLKNFAMIGLGCGE,1
B8JI71-1295,NGFQCSCVPGYFGPHCNLDVNECDSSPCLHE,0
P51863-197,RNTLYKAYLESFYKFCTLLGGTTADAMCPIL,1
Q3KNM2-188,SNKLQILNSIFPGIGCPVPRIPAEANPLADH,1
P09411-99,ELKSLLGKDVLFLKDCVGPEVENACANPAAG,1
A0A7H0DNE9-303,DEFRRVLMNGVMKNFC***************,0
Q8CGC7-1076,KDFFDAEIKKLGVENCYFPIFVSQAALEKEK,1
Q9LLR6-27,VLTVFIVASVDAAITCGTVASSLSPCLGYLS,0
P20591-52,AENNLCSQYEEKVRPCIDLIDSLRALGVEQD,1
O01761-2722,HSEKGTYTVTIKDITCDYSGQVVCEAINEYG,0
A7TZG3-137,LFKSENMSLMSNKFSCPSIYLITIIFLNFLR,0
Q0WVM4-70,WDEFSVDPCSWTMISCSSDNLVIGLGAPSQS,0
O88844-73,KDAAEAIKKYNVGVKCATITPDEKRVEEFKL,1
C0HKA5-197,SSTYGYGSDIRDTMICAAASGKDACQGDSGG,0
Q9D0I9-369,FVQVDDGRKIVFVPGCSVPLTIVKSDGGYTY,1
Q682H0-78,VLAWLPFWPYLKLLFCMWLVLPMFSGAAYIY,0
Q8BSF5-545,RLTTDCNIEDSASFDCYDPETDTWTSQGQLP,0
P26006-1016,AGLLLLGLIILLLWKCGFFKRARTRALYEAK,1
G3UWE1-18,HYEVEIRDAKTREKLCFLDKVEPQATISEIK,1
Q60605-32,QLFDRTGDGKILYSQCGDVMRALGQNPTNAE,1
O62305-114,DIVAREFYSEADASHCIQQILESIAYCHSNG,0
P34909-60,KNFFPCPCGYQICQFCYNNIRQNPELNGRCP,0
Q9USM5-676,MCLWNDQQYEKLFYNCEWIFEKIQFHMESIT,0
P43256-207,GLPLEGFDYNSILGQCCEMPVGYVQIPVGIA,0
P38742-4,************MDECLPNSCLLGVHLVIST,0
O75159-381,IHCLVPDLLQITGNPCYWGVMDRYEAEALLE,0
P82987-1655,QKKKPISWRHCLGPSCDRDCTDTTHYCMFVK,0
P17987-147,INENLIVNTDELGRDCLINAAKTSMSSKIIG,1
Q9QXZ6-651,DTELAEMKLTEKESECTDVCRSPKVENDGEL,1
O42398-240,NNFQTFPQAVLLLFRCATGEAWQEILLDCSY,0
Q99J21-544,GTGTEKSELQAYIEQCQDSPTSGKFRRGSGS,1
O89112-183,NFGEEKIPQSHIQQICENILTSGENLSRKRN,1
Q9XWD6-691,CPAGSYGDGCQQVCSCADGHGCDPTTGECIC,0
P61750-62,PTIGFNVETVEYKNICFTVWDVGGQDKIRPL,1
P33532-88,QNWHWAKRWSIVFMFCLMQIYVIWTSNGFGS,0
O75051-672,SAHQLCLSCVNSAFRCHWCKYRNLCTHDPTT,0
P49757-37,PHQWQTDEEGVRTGKCSFPVKYLGHVEVDES,1
Q95209-1070,LMCDCPKGYELKNNTCVKEEDTCLRNQYRCS,0
Q9NVS2-108,IRPHGGMLPRKITGLCQEEHRKIEECVKMAH,1
P19096-2461,TYGEDLGADYNLSQVCDGKVSVHIIEGDHRT,1
Q9JHU4-2464,RLRCLGSLFSMLHQACRNVAQYNANHPDFPM,1
Q63321-205,DPEKREQINISLDHRCRIFQNLDGALDEVVL,0
Q9QUR6-225,LCYHVLGTDQSEDILCAEFPDEPKWMGGAEL,1
Q9D034-37,NGEAEQQRKSKEIDKCLSREKTYVKRLVKIL,1
Q5ZM88-1394,CRLKAMIMCKGCGAFCHDDCIGPSKLCVSCL,0
P11717-2342,YKKERRETVISKLTTCCRRSSNVSYKYSKVN,1
Q54ER4-2679,ASNWLMFLSQVASRICHKNTDTWLILEKIII,0
Q9M2Z1-620,SFVGNSHLCGPYLGPCGKGTHQSHVKPLSAT,0
Q9EQ14-78,EETKNNVPRIQCEDGCDPQGLKDNSQFCLQR,0
P35815-149,AVGVMISPTHIYFINCGDSRAVLCRNGQVCF,0
Q2EMV9-1093,QGVSVDVGTILQTSGCNLNSRHVFHVVPPPW,0
B7ZNY8-386,EVQQALRQKTGRRLLCGLIVDTGQYNRGFLR,1
Q91694-191,LSKKGFYLAFQDVGACIALVSVRVFYKKCPL,0
Q54HI2-739,CVFNYSALDPEEVKFCSQSRFFALPVLNALP,0
Q54GJ2-64,TVECSKIDAESISNICKEHNVEYVFVGPEVP,0
P27701-226,VYQEGCMEKVQAWLQENLGIILGVGVGVAII,1
P51875-351,FDAVTDVIIANNLRGCGLY************,0
G3XA48-228,KNVTLNPDPNEIKSYCYVSKEEVREILKKAA,1
Q8JZZ7-1133,KVRKEYGKCFRHWYCCGGLPTESPHSSVKAS,1
Q8BHJ6-359,SRYGAPELEVARCCFCFGPDGEDTEEQQNVK,1
Q9WTW5-333,YSEITVTDEEVSNPSCLDLVRTPQMRKCTLI,1
Q9ZUL7-64,NCANVCHNEGFGGGKCRGFRRRCYCTRHC**,0
Q9Z0V2-588,RSSLNAKMEECVKLNCEQPYVTTAIISIPTP,1
P43598-31,TFERSQDFLNIDEPPCAQETPSVSTFNLPGP,0
Q61086-504,IVGIPSIFWVGSKKTCFEWASFFHGRRKKEI,1
P53811-230,KQEKRIFTNLHRQLFCWIDKWIDLTMEDIRR,1
P26662-508,PCGIVPASQVCGPVYCFTPSPVVVGTTDRFG,0
Q9UJU3-295,HLEGKPYTYSSCGKGCNYSSLLHIHQNIERE,0
Q9HCC8-21,GCCSVWARCLHCLYSCHWRKCPRERMQTSKC,0
Q8R3N6-140,SNTFYSAGKNYLLRMCNDLLRRLSKSQNTVF,1
Q7SYL3-177,EKPEHEEVCEFRPYTCPCPGASCKWQGSLEE,0
Q66478-1290,FDGYKQQVVAVMDDLCQNPDGKDMSLFCQMV,0
Q8K2B3-536,NHAAVFRVGSVLQEGCEKISQLYGDLKHLKT,1
O43295-716,EGPVYEKCMAGGEEYCDSPHSEPGAIDEVDH,0
Q9Z265-128,VNDNYWFGRDKSCEYCFDGPLLRRTDKYRTY,0
P62242-71,RALRLDVGNFSWGSECCTRKTRIIDVVYNAS,1
Q9Z287-90,CGPTVCMAPSCQSSVCVPVSCRPVCVTSSCQ,0
P00743-62,EVKQGNLERECLEEACSLEEAREVFEDAEQT,0
P02786-67,TKANVTKPKRCSGSICYGTIAVIVFFLIGFM,1
Q61493-689,SRKYSNMRKIEKDASCIHVNRHISETILGKN,0
Q64527-327,CDCNFQWCCTVKCGQCRRVVSRYYCTRPVGS,0
P31943-22,GGEGFVVKVRGLPWSCSADEVQRFFSDCKIQ,1
Q10237-465,INKRIRESSLHGINRCWFVMEEEWVNSKEEE,0
P60191-23,LSLSASFEALAIYFPCMNSFDDEDAADSRRL,0
Q9JJL3-609,TCMKWSVTSCGARGACRLYNSRLFGMIYVGL,1
D3YW54-34,RSVVRRIGTNLPLKPCPRASFETLPNISDLC,1
Q8BTZ7-149,LVTKVEEPSKYGVVVCEADTGRIHRFVEKPQ,1
Q6PF96-525,LEQGDGFRLQINAQNCVHCKTCDIKDPSQNI,1
Q9R0H0-297,RSFLVGSAAQSLSKACTIAIRYSAVRRQSEI,1
Q8H4D4-426,KVYVFGGLSDDGLCSCMNIMDTASIQWNVIS,0
P11717-1408,AITGTGDPEHYLINVCKSLAPQAGTEPCPPE,1
Q3UNX5-2-109,LGLLSRKFANILTEACSLQRGDRVMVILPKI,1
P50431-198,NASLFHPKLIIAGTSCYSRNLDYARLRKIAD,1
P34914-521,MEKWIPFLKRGHIEDCGHWTQIEKPTEVNQI,1
Q571I9-59,VNGMWLKPEHRNPAPCQDPITGENLASCLQA,1
P31649-569,RTLKGPLRERLRQLVCPAEDLPQKNQPEPTA,1
Q5R328-189,HHVCPDEFEPNDSMECIPTVHCEVSEWSEWG,0
P78310-41,EEMIEKAKGETAYLPCKFTLSPEDQGPLDIE,1
Q7TSI1-877,RPKLCAFSGLYYCDFCHQDDASVIPARIIHN,0
Q14AI0-251,LQELGPLEPEEMIEHCLKCYGKRYVDKDDVY,0
Q05816-120,STITRKLKDGKMIVECVMNNATCTRVYEKVQ,1
Q8R2I3-28,FVFLQLFPGTGEIAVCETCRLGRGKCRRACI,0
Q8VDD5-91,NPPKFSKVEDMAELTCLNEASVLHNLKERYY,1
Q7Z434-508,PRPQADRKFQEREVPCHRPSPGALWLQVAVT,1
Q8IZA0-116,LEGMCIQADCSRPQSCRAFRTHSSNSMLVFL,0
P70441-201,SGLRAQDRIVEVNGVCMEGKQHGDVVSAIKG,1
Q8BPB5-379,PCQDHYVLTSENRCVCPVSNTMCRELPQSIV,0
P40925-154,TASKSAPSIPKENFSCLTRLDHNRAKAQIAL,1
Q9FLG1-223,QETDGGDSNRLKVAACCKHYTAYDVDNWKGV,0
O95498-361,FNFTELFENAGNLTVCQKELCCHLSYRMLQK,1
Q8H1D3-105,GMTVTLNAYNITAVRCAAEYLEMTEDADRGN,0
P62631-411,SGDAAIVEMVPGKPMCVESFSQYPPLGRFAV,1
P79431-37,KACRCTSCKKSCCSCCPVGCAKCAQGCICKG,0
O35205-219,GQKDSCKGDSGGPLICKGIFHALVSQGYKCG,0
Q61586-598,EAIIACSIYAVLNKRCSGGSAGGLGNLISQE,1
P04388-120,VKDRDEFPMLMVGNKCDLKHQQQVSLEEAQN,1
P54729-289,DTVDNYAVLQLDIVWCYFRLEQLECLDDAEK,0
P0CD63-1116,DIVGNDFDNVANDYSCGYDDDDYFNDYSSHF,0
Q8CIE6-580,DLPIYVTRVKGNNVYCLDRECRPRVLTIDPT,1
Q0E9G3-144,AQTTSRDDFDAKNNHCKVFDVVFHPDALHLA,0
Q8K440-1282,LVSTSFDEKPVIIASCLRKEYAGKQKHCLSK,1
H0YN29-19,EPNKDLRPGDTVTITCSSYRGYPEAEVFWQD,1
Q8LPQ5-581,QHQDKRPAKRTAVLSCEKKTTPHSTEVANGC,0
O42665-419,NRIAEIGRFNCSSSGCDYATNVTCPDSYTAV,0
Q9H3N1-165,SSMSALFQLSMWIRTCHNYFIEDLGLPVWGS,1
Q6NXL6-697,NRPEFLQGWQTAVTKCIPQQKNDSDCGVFVL,0
Q9R049-371,CGHLFHNSCLRSWLEQDTSCPTCRMSLNIAD,1
Q8QFV0-255,QRTQSAMFNQVLILICTLLCLVFTGTCGIQH,0
P24721-198,WFSRDGLTWAEADQYCQLENAHLLVINSREE,1
P36888-563,IGVCLLFIVVLTLLICHKYKKQFRYESQLQM,1
E9Q390-1118,HSATTVFGANTPIVSCNFDRVYIYHLRCYIY,1
Q9SZ20-371,LDDMPQRGVAANTVSCNTLIKGYFQAGKIDL,0
P21333-1260,SKLQVEPAVDTSGVQCYGPGIEGQGVFREAT,1
Q9Y4A5-1874,RRLMTFAWPCLLSKACVDPACKYSGHLLLAH,0
P16070-676,ALILAVCIAVNSRRRCGQKKKLVINSGNGAV,1
Q5M8N0-134,TVWQVKFYNYHKRDHCQWGSPFSVIEYECKP,1
Q9DBD0-58,DNMKKVLPAGGPAVTCVRKMSHPECIRDISA,1
Q9QAQ8-572,GIGEHCSGLAIKSDYCGGNPCSCRPQAFLGW,0
P20274-159,WVALLMTFFAGIFYMCAYRMHECRRLSTPR*,1
O35490-256,KAYLMSQPLAYHTPDCGKQGFIDLPEFPFGL,1
Q9Y4P3-44,RGWLRAGEERSGRPACQKANGFPPDKSSGSK,1
P62317-46,VLTQSVKNNTQVLINCRNNKKLLGRVKAFDR,1
Q9D3X9-402,HLETTEPAVTCDRNTCIIYESHV********,0
Q6KCD5-2039,YLTTKCSTQNDFMVICNVAKILELVVPLMEH,0
P06731-477,LFISNITEKNSGLYTCQANNSASGHSRTTVK,0
Q921M4-981,EIQNPRERPGLGSNPCIPFFYRADENDEVKI,1
Q80U72-224,LSALPPELGNLRRLVCLDVSENRLEELPVEL,1
Q9U641-227,ENATFDRSTGVWTINCVDSEDNTKKIVYRAR,0
Q8BM55-653,QEHCHEACRGDVTWDCIKTQLSRAAQWTWLC,1
Q68DH5-552,VVILCIATYFSLGTRCLNLLGFQQFMGDDDM,1
P01213-49,QDGPKPINPLICSLQCQAALLPSEEWERCQS,0
Q54HX8-116,QPTFGVVPVDCICQHCQTRMSTKTSYKSGSM,0
O95382-512,PPRRAHFWLHFLLQSCQPFKTACAQGDQCLV,0
Q68D91-212,IDWLPYSRISDYVGTCERLIELVDRGLVEKV,1
O95631-341,PWQRATAREANECVACNCNLHARRCRFNMEL,0
Q9D826-227,PLGIELPLQTLRINVCYWREKVPGSYGVSQA,1
A2RVK7-43,SDLDWSRPDGRGFHQCRPALLQTGAVSSASG,0
P01375-49,SLFSFLIVAGATTLFCLLHFGVIGPQREEFP,1
O14057-6,**********MDGHTCDVFVGKLIHTPSLGE,0
G5ECE8-184,TKQIEWQAERDYEKACQKFFIETLRLGKRLR,0
Q8R0N9-150,LCDVDVSARSKHCSACNKCVCGFDHHCKWLN,0
Q9BXJ7-137,DEAPGLFFVDAERVPCRHDDVFFPPSASFRV,0
D3YTT4-281,IAMKGLNGGRINVASCSLGAAHASVILTQEH,1
O70443-66,KQMKIIHSGGFNLDACKEYKPLIIYNAIDSL,1
A0FLQ6-1220,KMCCSGASLQLEMESCQTVLNIFYSGIVFDQ,0
P32623-10,******MAIVNSWLICLVSIFSFVVRVEAAT,0
Q6EPP9-141,LCFDYRSSMEPDPGRCRRTDGKKWRCSRDVV,0
Q80YN4-991,VCLPSPREFLEPDTYCYITGWGHMGNKMPFK,0
P98164-3671,VDNDCGDHSDEPIEECMSSAHLCDNFTEFSC,0
P60174-255,QSTRIIYGGSVTGATCKELASQPDVDGFLVG,1
Q80UM3-102,GLLQRSDKKYDEAIKCYRNALKWDKDNLQIL,0
P68368-54,DKTIGGGDDSFTTFFCETGAGKHVPRAVFVD,1
Q8BWQ1-516,VVTLTFIITKFCLFVCQKLYMKESKKMGNRK,1
A0A087WRU1-365,ATSPNFPFNTSYTETCQPNRPCQEYNSNEIN,0
P27773-244,SGKIKKFIQDSIFGLCPHMTEDNKDLIQGKD,1
Q283Q6-199,FIKIEDQSRKFRPLQCTFTSFPELSFVCSDK,0
Q8VCB3-575,PDDSCNQLTQFLYGFCKQSRRQRIIQRNRTE,1
Q09116-144,LNSHREKRLQDTRVHCCLFFIRPTGHSLRPI,0
Q9WVL4-207,DFRVLGKGGFGEVSACQMKATGKMYACKKLN,0
Q155Z9-788,VLANTSLDFNFYSLACFTYFRSDLEVTVVSL,0
P02699-140,LWSLVVLAIERYVVVCKPMSNFRFGENHAIM,1
Q8C6K9-11,*****MLLVLCLTMICFHVCVNQDSGPEYAD,0
Q91W90-373,DVTIAEVDCTAERNVCSKYSVRGYPTLLLFR,1
Q9Y4A8-442,HNNTSVIKSNSSHSVCDEGAIGYCTDHESSS,0
P78371-289,KMKEKVERILKHGINCFINRQLIYNYPEQLF,1
P07190-256,PLTNDSVNCPDPDDHCYTQHIYTQDMPETID,0
Q1LW89-633,SEGKGEPLFSNKISNCLLFVSVVSFMTYSIW,0
P79928-116,YYYADKNNWPFGEVLCKLVRFLFYANLYSSI,0
O15162-154,VYFAAEDTDCCTRNCCGPSRPFTLRIIDNMG,1
O88342-325,SKPLRVIKGHSKSIQCLTVHRNGGKSYIYSG,1
Q5F3V3-480,QYLVPHNLETEERMKCLYYLYASLDPNAVKA,0
E9PH60-284,IHKDDLLYVNKSPNYCVEDKKLGIPGTQGRE,1
Q3YK19-226,VKNTSPQTLFSSCTECSCSSGKETRKDSGNT,0
A1ZAC4-533,RHYDPKLNGCFKGNNCRFAHEPFAPNGATKD,0
Q80TR4-1029,CVNGGVCVDGVGNYTCQCPLQYTGRACEQLV,0
Q01339-260,EAECTKTGTWSFLPTCRESCKLPVKKATVLY,1
O08523-591,QALGIPIGDWRIQTGCVSTVRCPSFSHYSVC,0
Q8R0Y6-762,GPQNHEAHLRKLVEYCQRGVKEGATLVCGGN,1
Q921I1-597,LCPDGTRKPVKDFASCHLAQAPNHVVVSRKE,1
Q62266-25,CTVPPQLHQQQVKQPCQPPPQEPCAPKTKDP,0
Q18LE5-314,LAGYEPLYVWKRITRCCCMRVEYENLEDESQ,0
Q750X2-14,**MTRLVWFCMQVAYCLHGWDWDIMDRGRSS,0
Q55D66-170,KKDMNEDDLFETISQCMLASLDRDALSGWGA,0
Q05049-647,GYPGISSSVCINRGCCWDNSVMNVPWCFYRT,0
P24437-20,GNCETLIVNSCFGSTCARSIPVFIDSCDLTA,0
B6ZI38-286,GEPCDHHLDCLPGSCCDLREHLCKPHNRGLN,0
Q9JHI9-217,VIGCGFISGWNLVSMCVEYFLLWKVYQKTPA,0
Q62799-218,QILTKTICAPQCNGRCFGPNPNQCCHDECAG,0
P22002-1074,GNIVIVTTLLQFMFACIGVQLFKGKLYTCSD,0
Q9DBG3-2-380,VDVDFVRKAVRAIGRCAIKVEQSAERCVSTL,1
Q04149-537,LQFRREFERKGGIECCHNLECFQELMGKGDL,0
O80494-7,*********MMLPEACVATILSFTTPADTIS,0
Q640K3-622,AKQARNLITDICTEQCTLSDQLLPKHCAKTI,0
Q6VZ17-296,YKHSDVINVILSNRACHTLAVYFLLNWKLEH,0
P53065-10,******MVSCQGTRPCIVNLLTMPSEDKLGE,0
P41413-941,WKFELKKQCHPCHHTCQGCQGSGPSNCTSCK,0
A0A7H0DN01-533,YICDTYPSYIEYITDCEKEIADMCQIKINGT,0
E9QAQ1-170,IFTLCTMSVDRYIAVCHPVKALDFRTPRNAK,1
Q60759-289,ENVLPNVSSLAGPFGCLNTARYGITWGVLGA,1
Q5FWP4-479,SHVAPQQCTICLEPFCHMYWGCNRMGCFGCL,0
P53396-20,AISEQTGKELLYKFICTTSAIQNRFKYARVT,1
P00329-175,KIDGASPLDKVCLIGCGFSTGYGSAVKVAKV,1
A2A3W1-70,SLPDQLVNKSVSQGFCFNILCVGETGLGKST,1
Q99497-53,LAGKDPVQCSRDVVICPDASLEDAKKEGPYD,1
Q64725-433,MQQLDNPYIVRMIGICEAESWMLVMEMAAWG,0
O08524-225,ADFMYPLQWQLINKGCPTDETVLVHENGKDH,0
Q9UBS0-348,WDDLLAWRVDPPFRPCLQSEEDVSQFDTRFT,0
Q9FMR0-330,GEIRRSCRSTCNNPLCV**************,0
O08848-119,DINTKQAAFKAVPEVCRIPTHLFTFIQFKKD,0
P51116-270,RKVPGVTAIELGEETCTFRIYGETPEACRQA,1
Q8BWN8-303,GILDIVDIRNDAVGGCENPSMIPIEKAKGPI,1
B1ASP2-16,MQYLNIKEDCNAMAFCAKMRSFKKTEVKQVV,1
Q8NGZ5-144,VCRPLHYTVLMHIHLCMALASMAWLSGIATT,0
P08172-324,STSLGHSKDENSKQTCIRIGTKTPKSDSCTP,1
Q7TSK2-877,SCAPGYVLKGQASIKCVPGHPSHWSDPPPIC,0
P19096-779,HALLQAVLKRGVKSSCTIIPLMKRDHKDNLE,1
Q8BGR6-37,CCKGPPPARPEYDLVCIGLTGSGKTSLLSEL,1
O95500-104,LLSGIACACAVIGMKCTRCAKGTPAKTTFAI,1
P04386-578,SYMDNHNVTPYFAWNCSYYLFNAVLVPIKTL,0
O55225-2631,EVWSPDRCCPYKSCECDCDTIPVPRCHLWEK,0
Q640I9-1033,WCCDKRLWTQIDLNRCKSITPLMLSGIIRRQ,0
Q61153-124,DFIQGSRPLVLNFGSCTUPSFLLKFDQFKRL,0
Q8CJ19-36,QATTCKGTLRAFQELCDHLELKPKDYRSFYH,1
P0CAE5-249,YKSCYPLVFISILCSCISFLFLFICLLRSIC,0
Q9Z1Q2-258,RLVEECNGRRAKLLACDGNEIDTMFVDRRGT,1
Q9HBV1-207,TEEGIFQVTLTAETDCRYVSWRRKKLYLLFA,0
Q9CPU4-56,PVMYSTDPENGHMFNCIQRAHQNTLEVYPPF,1
O57427-309,EFIEDWYNQEFLGSQCSFGDDRHLTNRVLSL,0
Q14156-154,RYDFFVSRFSAMCHSCHSDPEIRTEIRIAGI,1
Q2PZL6-3850,LPVIIVANEPLQPSQCKCVPGYAGSWCEVDI,0
Q9WU38-43,WYCNNTNTHGPKRIICEGPKKKAMWFLLTLL,1
Q96EK9-103,RYELYCLARAARTPLCLVYCVRPGGPIAGPQ,1
P35576-245,LGVDLLWTLEKAKRWCERPEWVHLDTTPFAS,1
A0A1L8GVF0-1301,YRIKKNIDQCSEIIRCSVSSLASYLH*****,0
Q04501-127,KSVIWTNERQLNPWICN**************,0
Q9DDC9-328,IYGLYTPSFREDVQLCLRGIEAAISQHVRHK,1
O43707-351,RDYRRVHKPPKVQEKCQLEINFNTLQTKLRL,1
Q6ZK57-575,VRRLESMPPQFAYFDCSIEDASPLHSLQDDS,0
Q9D4H9-451,FCEDPRFARTGVCISCDAGMCRAYFHVTCAQ,0
P27708-1613,AVLMVAQLTQRSVHICHVARKEEILLIKAAK,1
Q99MZ7-198,KSMALAWASSGVRINCVAPGTIYSQTAVDNY,1
Q9Z2K0-154,PQPSKTVPPHYPVVCCPTSGSQMCSKRPARG,0
Q07954-160,GKTCKDFDECSVYGTCSQLCTNTDGSFICGC,0
Q03164-1945,QLRCEFCQKPGATVGCCLTSCTSNYHFMCSR,0
Q01499-696,ILWLLLITGVQGHLDCKPEYSYAIAKNDRVG,0
Q9LRK3-10,******MYSSYSLSKCLVSFHILAIQLFIPS,0
P30999-692,TPAILEASAGAIQNLCAGRWTYGRYIRSALR,1
Q9CPY7-313,NMDLMRADMGGAATICSAIVSAAKLNLPINI,1
Q8VDJ3-948,EGREAKETDPGSPRRCDIIIISGRKEKCEAA,1
Q6DFA1-8,********MGQCVTKCKNPSSTLGSKNGERE,0
Q92547-113,EHPVYNMVMSDVTISCTSLEKEKREEVHKYV,0
B1AT06-82,PGYSSFPSPTGSEPSCKACGVHFASTTRKQT,1
Q9WU74-250,TCCCYVRCPCCPDKCCCPEALYAAGKAATSG,0
Q91VD9-564,GADGGCITRQDLPKDCFIVYQGHHGDVGAPM,1
Q15149-850,AALQTQWSWMLQLCCCIEAHLKENAAYFQFF,0
P55264-159,TGGNRSLVANLAAANCYKKEKHLDLERNWVL,1
P60174-1-164,QKVAHALAEGLGVIACIGEKLDEREAGITEK,1
Q8VCB3-395,LKGQAVRKQLWDTVHCLKEKFGKKLYDGLLR,1
A2AEG6-62,VPTLGDRAGPLSSPGCFECCIKCLGGVPYAS,1
Q16549-673,YTITPNTLKTLVLVGCFTVFWTVYYMLEVYL,1
P37264-72,YTHMAIPLSTCLFCLCLCICIKYDITQTQAN,0
Q6ZA27-586,MAADSDQKINHGVAICHLDTSDWSPTHGAFI,0
O70228-24,PVRHKKRVDSRPRAGCCEWLRCCGGGEPRPR,1
H3BL08-236,FSYVNNMARVGTLVLCLHDSADALLEAAKMA,1
G3UX86-24,KYIFTLRTHPSVVPGCIAFSLPQRKWAGLSI,1
Q9UKA2-344,WAKLDDTSLEFLQSRCTLVQWLNLSWTGNRG,1
Q86UF1-203,SCCLPTPDQAVINTMCGQGMQAFDYLEASKV,0
P60202-109,TGAVRQIFGDYKTTICGKGLSATVTGGQKGR,1
Q9LJ82-14,**MKYFTIFVFVFSLCMLGHVSGAGIRIVNE,0
Q05793-1628,CACPLTNPENMFSRTCESLGAGGYRCTACEP,1
Q8BVM9-139,AILQVDEDHGTYKLFCQKHAPEGQEPTQRDA,0
Q9JJX6-227,SYLKSCIYNARTDPFCPIFRLGQIVADAGHS,1
Q9LT02-209,MKENCMEPFFVFQVFCVGLWCLDEFWYYSVF,0
Q8BY02-480,TVEYVYERMTGLRWKCKVILESEVIAEAVGV,0
A7J3A5-96,ARTTIEYFIDFIDNVCMDEIARESQRNGVAP,0
Q5ZIN2-216,KEQEPADVKETAQTSCQMHGSCMHCGCKAKG,0
Q98UI9-594,PCSNSVDKEKFAQHWCALLSNTSSTFAACHS,0
C0HL13-3091,QFRCNNGNCIEMVKVCNHQADCSDNSDEERC,0
Q9FFN7-172,DNADMTAFCFYCDEPCGIPFIEASPMWHCLW,0
Q868Z9-1437,NGEGCSGCTRERFGCCPDSQTPAHGPNKEGC,0
Q3ED15-230,VCQHQMRSDWARFMGCMTTFFVSGLIHELVY,0
G5E8G3-244,AKNTGVSVGQKGILSCEASAVPMAEFQWFKE,1
Q8LC69-145,SCIDTWLGSHSSCPSCRQILVVTRCHKCGGL,0
P22102-298,GPKVLEFNCRFGDPECQVILPLLKSDLYEVI,1
Q557E9-362,CQYKSNCIGPCLTGECNNGKCTSMDADYCSN,0
Q9BVA1-354,SYFVEWIPNNVKTAVCDIPPRGLKMSATFIG,1
Q9DBC7-362,CVKLDRPRFERVLGPCSDILKRNIQQYNSFV,1
Q9ESB3-485,LTLPEANFPSFSLPNCNRSLQPEIQPFPQTA,1
Q80950-282,TCQWGMVILMLVRYKCGKSRETVAHSMGKLL,0
Q70CQ4-295,ELFQAQYRSSLTCPHCQKQSNTFDPFLCISL,0
P62748-38,TDHELQEWYKGFLKDCPTGHLTVDEFKKIYA,1
P20698-146,MPSICGIYPSYNTAPCSIPTVGGIWY*****,0
Q9JKZ2-662,ETENRSRYWKFIDWFCGFKSKSLSKRSLRDL,1
F6YL81-19,MKTSIQRGLVLRNESCSVNYTTDFIYQLYSE,1
Q9WUR2-279,TFHTPFSQLGQSPEACSSYTFPKMMGSAKAA,1
Q99P72-444,RTPELVKDGSRAYITCDSFSSATESTAANIF,1
Q8NBW4-95,KALIAPDHVVPAPEECYVYSPLGSAYKLQSY,0
P01857-27,APSSKSTSGGTAALGCLVKDYFPEPVTVSWN,1
Q8VHS2-1162,CLHGGNCEDSYSSYRCACLSGWSGTHCEINI,0
Q923X9-189,TGIENLVSALNCVGGCQIVVNQDWVLIDFLL,0
Q6PAQ4-392,LSEKILGIRVQQAEHCSIQDAQAAMRLYVMV,0
A4QN01-71,ERPCDTGGKFGRIWICQPEELGKMQIWICQP,0
Q9JI18-4248,GDLRCHCWPSYSGGRCEVNHCSNYCQNGGTC,0
Q91ZX7-1887,CMCTAGYSLRSGQQACEGVGSFLLYSVHEGI,1
Q8VCB3-45,LFEVSWEVTNKVGGICTVIQTKAKTTADEWG,1
P0C623-181,HLPFCGPNQVENTFFCDVPPVIKLACADTFV,0
Q9EQQ9-520,SMAESKSPEMSMQEDCIPDVAPMQTDEQTQK,0
O43316-290,GPSCYQLCWATAPERCLSDTPPKACLKPCWD,0
Q8GY97-8,********MKNGMAECSVCRSRLVSPSSKAI,0
B4QLP9-120,RAGLYIAMAIPPIILCFGLASLFGSGLIFGT,0
P21333-1157,DTHIPGSPFKAHVVPCFDASKVKCSGPGLER,1
Q9EQF6-241,AEATHRVITIANRTHCPIYLVNVSSISAGDV,1
O81053-490,WILYKQENQTNPNPPCGRAMSPDPCFHAPPY,0
O70325-93,VNYTQLVDLHARYAECGLRILAFPCNQFGRQ,1
Q99J39-401,SEKLTQALQGPLMRLCAWYLYGEKHRGYALN,1
Q8VGS3-179,FSLSYCGSNIINHFFCEIPPLLALSCSDTYI,0
Q75ZY9-801,NFTVACQHRSNSEIICCTTPSLQQLNLQLPL,0
Q8VCW8-555,VVGVKDERMGEEICACIRLKSGETTTAEEIK,1
P40809-101,EHNFKIKSYYYNVGNCVHCRKRIRFAMASLR,0
Q13467-537,WSGKTVESWRRFTSRCCCRPRRGHKSGGAMA,1
Q9EPN1-334,SIVHIYNRWRNSEIRCYVNGQLVSYGDMAWH,0
Q8K4Q0-960,AGHKSFICASMQTGFCDWSARYFAQAVMKIP,0
Q6PIC6-695,FARTSPQQKLIIVEGCQRQGAIVAVTGDGVN,1
Q8BHE3-319,ELERLIPMEHVQLPDCVLQYEEQRLRAKRES,1
Q9LPU7-357,RAEFEALAAASCFTHCKFVCQAYHCWIIEFC,0
Q5YD48-56,GGPPPGWDSTPPERGCEIFIGKLPRDLFEDE,1
Q8VDM4-598,VSEPFRSFANTLVDVCAYAGSGNVLKVQQLL,1
Q14B98-147,ESQLQDARQSLALHRCASQRAVASCSKSQAP,0
Q8CGC7-350,SCCLRAKIDMSSNNGCMRDPTLYRCKIQPHP,1
Q80XL6-215,STWLMKNLPDSDSEECLVHGDFKLDNIVFHP,1
H0Y4R1-424,MMGSLLAATTEAPGEYFFSDGIRLKKYRGMG,1
P08962-146,HTASILDRMQADFKCCGAANYTDWEKIPSMS,1
Q9Y219-766,KNSSCLPNPCVNGGTCVGSGASFSCICRDGW,0
Q8CIW6-465,IIVNLKGMMKQFSDICSLWKANRVDLLIWLV,1
Q60936-265,PFLSEANAERIVSTLCKVRGAALKLGQMLSI,1
P62280-60,KTPKEAIEGTYIDKKCPFTGNVSIRGRILSG,1
Q922B6-475,GSYQTIKIWDIRTLDCIHVLQTSGGSVYSIA,0
O16999-60,PYYRAVILMSFECPHCGHKNNEIQSGEAVQE,0
Q9CXT8-248,HYKGPRIVLAAAGGVCHNELLELAKFHFGDS,1
Q54IV7-517,TCIHLLIGIICFIQTCTFIYLKEWVSIKEFK,0
Q10S83-450,TGSLDFVLEFFLPMKCINTEEQRAMLNSLSN,0
Q60930-48,GFGFGLVKLDVKTKSCSGVEFSTSGSSNTDT,1
E9Q0U7-34,RAGGIETIANEFSDRCTPSVISFGSKNRTIG,1
Q65984-1424,IPILLFCCCSTGCCGCIGCLGSCCHSICSRR,0
P42858-212,VRPQKCRPYLVNLLPCLTRTSKRPEESVQET,1
P40222-523,PGAQAPSSPRVTEAPCYPGAPSTEASGQTGP,1
Q80WT0-42,YGVCTGPGAQGEYSGCWAHGFESLGVFTGPG,0
Q9D172-151,GAAKNLSTFAVDGKDCKVNKEVERVLKEFHG,1
Q8VC97-233,HPVFQTQFGRIAVNICYGRHHPLNWLMYSIN,1
Q91X34-310,FYRTFQETADKDSKYCFPIEKAHGHFLFVVG,1
Q9EST5-123,PLKRLDCLKSLDLFGCEVTNRSDYRETVFRL,1
Q6NS52-766,SLPMQIDGEPWMQTPCTIKITHKNQAPMLMG,1
O88441-51,SDNAASLAVQAFLQMCNLPVKVVCRANAEYM,1
Q04573-120,WVFGETMCKLNPFVQCVSITVSIFSLVLIAV,0
Q4DC43-10,******MFHRHLCKLCSKTPSAATLASPLGK,0
Q866X6-315,RALRGNRDPRHPERRCRGPNYRLHVDGAPHG,0
Q3UQ28-1298,QDVFRVAEFPHGYSSCEDIPRVDLRVWQDCC,0
Q9SWW6-624,PPKGPKRPKMISCGCCPCFGRRRKNKKFSKN,1
Q91XD4-91,SKHKGEHPRMGALDVCPFIPVRGVSMEECVL,1
Q8C196-1015,IRTLRQLGKKTVVVNCNPETVSTDFDECDKL,1
Q80TZ3-455,DHPRNLGQGGFFASLCWQDQKSEKSRCEEDH,1
Q03412-422,LFLWFWFLTCGIVTVCNTMYWILIMFIPSQG,0
Q9R1P4-85,IGISIAGLTADARLLCNFMRQECLDSRFVFD,1
Q91X83-57,VLDAHLKQDPNAKVACETVCKTGMVLLCGEI,1
D3Z649-388,AKMDNAEACFILSSRCEVDRTSSDHQTILRA,0
P33328-94,RVRKQMWWKDLKMRMCLFLVVIILLVVIIVP,1
Q71MR7-220,SFIVGFSIPMIFIVICYGLMAAKIGRRGLVN,0
Q9T031-178,SHTCRLLPSMKQARGCAAVGFFDGKLYVIGG,0
Q6GQT6-755,QPGGGPGRRRRGELPCDDYGYAPPETEIVPL,1
Q96PE1-1050,CGALAVSQRWLPRVVCSCLYGVAASALGLFV,0
Q91ZX7-2518,NCSCRGGRILQEDFTCRAVNSSCRAQDEFEC,1
P51556-309,TGLHCVWCHLEIHDDCLQAVGPECDCGLLRD,0
P62192-58,PDAASKLPLVTPHTQCRLKLLKLERIKDYLL,1
D3Z183-31,EQKRKYVLADPFNGICREPEPPSNETPSSTE,1
A2AUM9-1484,HREMRPMASTALPSDCRCGDASCRHSGVLAK,0
P62249-25,VQVFGRKKTATAVAHCKRGNGLIKVNGRPLE,1
Q9S834-5,***********MAHACVSTSASSLRFTAGFV,0
Q32MH5-576,PNKCFTSFKNNSKEKCSLKHQTRNQCQNNPS,0
P01730-422,GLLLFIGLGIFFCVRCRHRRRQAERMSQIKR,1
Q9BYF1-498,EIVGVVEPVPHDETYCDPASLFHVSNDYSFI,1
O35488-146,MACLNYNIRAKSLLHCFQCCGAKVLLASPDL,1
Q96RT1-68,LDANQIEELPKQLFNCQSLHKLSLPDNDLTT,1
Q62935-12,****HCDGVNLTCEACQEPGGLVVPPTDAPV,0
Q9D517-217,YHLLPRTKGFTTAVQCLRGTVAAIYDVTLNF,1
Q27IK7-1146,FSNCRWQHDCALNVKCQGVSSSESDAQESNN,0
Q59A32-322,SDLYEVIQSILDGLLCTSLPVWLDNCAAVTV,0
F4JF14-449,QPGATPPEPGKRTFLCYNMLGCITTIEHEGN,0
B1AS29-859,IYKLRKTAEREQRSFCSTVADEIRFSLTCQR,1
E5RK87-232,GECCESCQIKKAGSICRPAKDECDFPEMCTG,1
P80316-493,RARQVKESNPALGIDCLHKGSNDMQYQHVIE,1
F1RBN2-186,SNRAACFLKDGNSADCIQDCTRALELHPFSL,0
Q00PI9-306,CFEAKVTQNLPMKEGCTEVSLLRVGWSVDFS,1
P52639-555,TKGDSFVINLDYSSWCNGFRPELQAPICRQL,0
P0C2C0-166,RYHGRGRFGIMEKVYCHYFVKLVEGPPPRPE,0
Q91780-284,FPQEIYIQIVQLLDLCVLDICCLEYPYGVLA,0
Q9EST4-146,DAQLRSTPFRYLLTPCLQKSVQNKIKSLNWL,1
Q8MUJ1-374,CLNTVPTNMPHKVHTCHTSGLIHLERNERIH,0
Q6ZRI6-548,EPDSAPATSEGQDKGCRGTLPAQEGPSGSKP,0
P26718-39,DLKKSDFSTRWQKQRCPVVKSKCRENASPFF,0
P50787-231,QQNRSDVSLDIVNETCKYPDFLKMQNDVYGD,0
Q8BGC4-218,TCSSDEKAAFLKSIGCDRPINYRTEPVETVL,1
Q9QUI0-159,GRDMANRIGAFGYMECSAKTKDGVREVFEMA,1
Q8C196-1337,DPILRCEMASTGEVACFGEGIHTAFLKAMLS,1
Q7Z7A3-299,PGACSRCGALASRALCQACALLDGLNRGRPR,0
P80315-295,RAYILNLVKQIKKTGCNVLLIQKSILRDALS,1
P52466-15,*MLKEKMYDELILSTCRVLKLGPADFRVTDK,0
Q8CIZ8-2327,LKQSTNLCCPEYECVCDLFNCNLPPVPPCEG,0
E9Q8T2-131,SAFPLKVFQKDGHPVCFDTSNEDDCNWMMLV,0
P02088-94,LDSLKGTFASLSELHCDKLHVDPENFRLLGN,1
Q14694-254,AGQPEGGPGADFGQSCFPAEAGRDTLSRTAG,1
Q07688-82,KGSSAALGLQRIAWVCERIQNLGRKMEHFFP,0
Q8H485-333,LKNKSPRWHEHLQCWCLNFHGRVTVASVKNF,0
Q9DBM0-110,KVRSGQMLAIIGSSGCGRASLLDVITGRGHG,1
Q80UJ7-678,TSAEGAHLRARMQSACLLSDMESFKAANPGC,1
Q9BYV1-254,SHCRDSPVQTIRKCSCAPDCCQAKDQYIEQF,0
C5IAW9-265,GGWSSWTEWSPCNNRCGHGWQKRTRTCTNPA,0
P53241-431,FAYVIFCAFGADLFRCKWIFMVFAAIMNTVS,0
P0C6U3-1241,NQFDINAYANWCCLKCGFSFDLNGLDALFFY,0
Q8VCB3-214,ATVFTTHATLLGRYLCAANIDFYNQLDKFDI,1
O00151-45,ISRVTPGSKAALANLCIGDVITAIDGENTSN,1
P53602-12,****MASEKPLAAVTCTAPVNIAVIKYWGKR,0
O94911-158,HGMPAKKEHKDHTAHCYETNEDVYCEVSVFW,0
Q15612-148,TMILTRMLCVKMVVMCHALSHLHAMLHTFLI,0
O88455-376,DGRCLIWGKKPKAIECSYTSADGLKHHSKLL,1
P15105-183,DKAYGRDIVEAHYRACLYAGVKITGTNAEVM,1
P06907-182,GVVLLLLLLFYLIRYCWLRRQAALQRRLSAM,1
P08581-894,NKSCENIHLHSEAVLCTVPNDLLKLNSELNI,1
F6RSH1-373,SCLKLRYADQRLSSDCEDQIRIIIQESALDY,1
Q55BI0-117,VLTGNFYHTDDGTPFCEKHYYEKIGFLCRHC,0
Q8BJ48-133,QKRRATVEDTAVPAGCRIAQNGGFFRMSTGE,1
Q8C196-761,PLPEIKNVVSGKTSACFEPSLDYMVTKIPRW,1
P32383-834,IKFMVISEETQIASVCLKLNYLRMGYRHIPL,0
Q8CFX1-390,YCTQSERHWVPEQSRCLPQQIIFYIGHGELG,1
Q6ZWJ8-345,GDPCSHCRCANGSVQCEPLPCPPVPCRHPGK,0
O75346-20,QFRDVAIEFSLEEWHCLDTAQRNLYRDVMLE,0
P0DMQ6-138,DDGNLCRYYKHSASYCYKLPDSVTFEEGALI,0
Q8VCF0-79,RRPGWVEVFIRALQICELPGLADQVTRVYQS,1
Q8VHQ9-576,NVSGLSSEFYNTFKACESFLLDNRNDLAPSL,1
Q01995-38,DEELEERLVEWIIVQCGPDVGRPDRGRLGFQ,1
Q8BWT1-92,VGVPTETGALTLNRLCGSGFQSIVSGCQEIC,1
Q91WL5-373,SITWNDLDKMPYTTMCIKEALRIYPPVPSVS,1
O00622-64,GCGCCKVCAKQLNEDCSKTQPCDHTKGLECN,0
Q99JY4-216,AALSFWQKVKLAWGLCFLSDPISKDDVERCK,1
Q922D8-195,PMHDLLLWNNATVTTCHSKTANLDKEVNKGD,1
Q86CR9-670,FIINVMNDSSCLTKICGIDDLKNTEVNIDWD,0
Q8BKC5-733,GVRVAAAESMPLLLECARVRGPEYLTQMWHF,1
Q9D826-299,DCPKTFSDIQDVQILCHFVRDHLPGLRAEPD,1
Q1L8G6-464,LLKAPAVDCGKGHLFCWECLGDAHEPCDCET,0
Q1PF16-107,IIMDKLVGRGTKRKTCSHGTRSPVLAKEHVL,0
Q8T6J1-571,YDITSQMSKIRPYIGCCLQTDIIWSQLTVLE,0
Q05A56-12,****MQLLPEGQLRLCVFQPVHLTSGLLILF,0
P62702-181,TGKITDFIKFDTGNLCMVTGGANLGRIGVIT,1
P08581-624,SCTLTLSESTMNTLKCTVGPAMNKHFNMSII,1
F5GXS2-403,QHLEQAEKGYEEWLLNEIRRLERLDHLAEKF,1
Q9DB60-194,ALGISAEVCSSKPPQCDEEVCGR********,0
Q6ZWV3-49,FDLGRKKAKVDEFPLCGHMVSDEYEQLSSEA,1
Q9Y3F4-152,KEISGHTSGIKKALWCSEDKQILSADDKTVR,1
Q9HB63-271,FIVKGSCFCNGHADQCIPVHGFRPVKAPGTF,0
Q9EPQ7-58,SEEFPGNLYRGEGILCGTPEEVWDCIKPVAS,1
Q6IRU5-199,KEETPGTEWEKVAQLCDFNPKSSKQCKDVSR,1
Q86AQ5-485,ARVMPWRTLRFNECVCTPYNADFDGDEMNIH,0
Q4UFP0-235,FDQFVDFCILCGCDYCDTLEGVGPKTAYSLV,0
P52840-82,GRAPVYARIPFLEFSCPGVPPGLETLKETPA,1
O75197-306,RQPFFHTRCEEDNGGCSHLCLLSPSEPFYTC,0
Q03419-140,LMGAFSCLMCSSCFHCMKQHSEKQSNFWSKL,0
O35678-55,TPKALIFVSHGAGEHCGRYDELAHMLKGLDM,1
D3YUG9-137,NFRQGAALGIPYFTACRALFHSARARAGESV,1
P21333-1997,LLTATVVPPSGREEPCLLKRLRNGHVGISFV,1
E9Q557-479,NPDYRSNKPIILRALCDYKQDQKIVHKGDEC,1
P08865-163,CNTDSPLRYVDIAIPCNNKGAHSVGLMWWML,1
P31649-62,GEIIGLGNVWRFPYLCYKNGGGAFFIPYLIF,1
P08559-145,SVREILAELTGRKGGCAKGKGGSMHMYAKNF,1
P60202-139,RGSRGQHQAHSLERVCHCLGKWLGHPDKFVG,1
Q63880-100,QPWEGVRDASINPPMCLQDVERMSNSRFTLN,1
Q99LC5-53,LNTITAAGRLGGEVSCLVAGTKCDKVVQDLC,1
P21981-619,AEVSLKNPLSDPLYDCIFTVEGAGLTKEQKS,1
Q9VW71-3293,YSCKILENATHGTEVCKVYATSIDIGVNADI,0
Q86UP8-118,ETEILRKAVEDYFCFCYGKALGTTVMVPVPY,0
P47075-716,MVSVFLILSILFSFFCNLVAK**********,0
Q9DBN5-372,LAVRQLKNNLKGPILCFVGPPGVGKTSVGRS,1
Q4V7Q6-465,ESLGQEVLSESVRNSCSLQ************,0
P56657-372,RYIDLGPNGVVHEVTCDTKFRNYFIPKGTQV,1
P17427-171,VAGDTMDSVKQSAALCLLRLYRTSPDLVPMG,1
Q99LG0-125,NWSVWCYKCDEEVKYCSSNRLGQVVDYVRKQ,0
Q9C0G0-774,LENAKKNNIGLSFEECIERVCIGANDKKEEF,0
Q8VC12-95,CPSIEMRAYPIDQYPCRTRAAAAIMHMIMNN,1
Q9CYA0-264,NGSYTCEDCDSTCVGCTGKGPANCKECIAGY,0
P35505-396,RTFLLDGDEVIITGHCQGDGYRVGFGQCAGK,1
G5ED46-673,DGELEDVTQSHKIDYCKMHLQPARDMDVEYF,0
Q8K3F6-256,MDRRGGTWKLLGSAICAHSKELITAWYIGFL,1
Q8BPB0-84,NMLYGTITDFCTEESCPVMSAGPKYEYHWAD,0
Q54WT9-142,GASTLESKLKNEWNECNVEMKSKILNTIVSI,0
Q9E6L5-90,EYKCYSVLHATSYMDCPAIDATVFRGCRDAV,0
P10040-589,SGDRCEKAENCSPLNCQEPMVCVQNQCLCPE,0
Q9QZB0-29,AVSQAPGNQRPNNTCCFCWCCCCSCSCLTVR,0
Q9QYG0-78,PAIFTYHDVGLNYKSCFQPLFRFGDMQEIIQ,1
Q6PGH0-122,ECYDELGNRYQLPVYCLAPPINMIEEKSDIE,1
Q80U12-488,SHCSCIPDRLPLRLLCESMKRQIVSRAFYGW,0
Q8C196-644,WKEIEYEVVRDADDNCVTVCNMENVDAMGVH,1
B1WC10-88,LKELEELMQNSQCVLCQWKSKHICQLLFGSG,0
Q99759-518,VKLGDFGASKRLQTICMSGTGMRSVTGTPYW,1
P17427-353,QHRETNLRYLALESMCTLASSEFSHEAVKTH,1
P55016-613,GIYNMWVSLFGAILCCAVMFVINWWAAVITY,0
Q9NUP1-211,YEAPVLFRTEDYFPCCSERPQL*********,0
Q16549-704,SQRNVASNQVCRSGPCHWPHRSRKAKEEGTE,1
P14679-8,********MLLAVLYCLLWSFQTSAGHFPRA,0
P19096-496,EVQQVSTNKRPLWFICSGMGTQWRGMGLSLM,1
P52825-639,NVSSYSGRNAREFLHCVQKCLEDMFDALEGK,1
O43022-86,LWGWIEPLWSIKVEDCLYNMGADAVISLLFS,0
P98106-492,MCDEGFYLSGPERLDCSPSGHWTGSPPMCEA,0
P23945-646,KNFRRDFFILLSKCGCYEMQAQIYRTETSST,0
Q9IKD3-131,KMGCTADQSREWIPHCTVAQFEEEKEINAMQ,0
Q3SYX6-52,DAYLQMKGNREMVYDCTSSSFDGIIAMMSPE,0
Q9HCM2-519,RVPVESCGQYQSCGECLGSGDPHCGWCVLHN,0
Q2V369-77,CYRRYRRPVFCQGSICRCSSFIDDGY*****,0
Q55CA6-252,TPYWMAPEVIEISGHCQVSDIWSLGCTIIEL,0
Q5BIM1-537,ARCACGGTMPGGYLGCGHGHKGHPGRPHWSC,0
O35465-285,ASQLKLDHYRAALRSCSQVLEHQPDNIKALF,1
Q6ZRR5-11,*****MALALCLQVLCSLCGWLSLYISFCHL,0
Q2TAP0-141,ERGMRVIEISIYEDRCSSGSSSSGSSSGSGS,1
Q8C811-17,SAAAKSQVPEEAAPGCEEEPKGKTLLTWGSL,0
P02843-12,****MNPMRVLSLLACLAVAALAKPNGRMDN,0
P36380-53,VAAEEVWDDEQKDFICNTKQPGCPNVCYDEF,0
Q9DCC4-129,LPPNTRVLRVSPNLPCVVQEGAMVMARGHHA,1
Q9HCK5-618,IAAVVGSMDGHPSRYCATVRVQTSRQEISQE,1
Q8R086-300,RTGAISTARWAGARLCDVLAQAGHRLCDSEA,1
E9Q394-270,LTSESESHREPHGDSCTGHISKLMNIQQQLM,0
Q9D2N4-267,MGFRYRCQQCHNYQLCQDCFWRGHAGGSHSN,1
Q9UBS4-196,GPGRFQMTQEVVCDECPNVKLVNEERTLEVE,1
P40066-213,TIFKATTSPLKWQTRCVACYNEADGYAIGSV,0
P59215-287,KDLFGEKIKKSPLTICFPEYPGSNTYEDAAA,1
Q6AYG0-11,*****MPGVSAHGLSCEERRQLAVDLTRVLA,0
O90304-1260,QSGVLSPNCITPFQICHLYQVAKNLSSGECQ,0
P82723-66,QGTGQCYKTVDKRFICLCNYLCRT*******,0
Q571F8-199,PHLAKSNPDLWGVSLCTVDGQRHSVGHTKIP,1
Q8BZZ3-850,DNEVRMRLLQFVTGTCRLPLGGFAELMGSNG,1
P47034-73,KVQVVQWQGTTISKNCIALTMSFPLNAIPGM,0
Q9QUH0-23,CKIQSGKVVVFIKPTCPYCRKTQEILSQLPF,1
P17214-10,******MDNEEVNEECMRLFFKNARAHLDKH,0
P09308-158,ENGCVWGADRLFQRVCQ**************,0
Q6Z4G8-406,KGWAFPRRVYFNGDNCVMPPPDAYPWLPNAS,0
P25688-95,KLRGIRNIETFAMNICEHFLSSFNHVTRAHV,1
D3ZT86-99,DLDGSFLLTSVTLRFCTAGPPALVLSAAWAI,0
Q5VS72-350,RQSSSEGPQRDMKDWCDHWKQCVWFMQGKGI,0
Q8BYK4-195,IGKIRFHDLQGQKRYCSAFAYGHSKLANLLF,1
P53156-21,TFVFAIEDTETTQGLCKTIGRSSSFDQNSLC,0
P58780-129,VSMDWLVKNATYRPYCYFCLTPKGATQFKFA,0
B1AYL1-781,MCTERSVPTEATDQICDPSVKENISGHTLSE,1
Q9DF35-160,KKRKTDTTEITTAKECEEKVLTKEEQDINQE,0
Q9DCM0-34,SGAPVLLRQMFEPKSCTYTYLLGDRESREAV,1
Q8TF66-39,GCPSECTCSRASQVECTGARIVAVPTPLPWN,1
P04050-70,DPRLGSIDRNLKCQTCQEGMNECPGHFGHID,0
Q8BS40-165,NYHSWIVRQAVTVAFCALPSRKVFLEAMNME,1
Q91W64-389,EFRGYHIPKGTSVMACLTSVLNDDKEFPNPE,1
Q8C5T4-6,**********MPVTKCPRKVEPPWKGWDRKA,0
O70215-210,FKAYTEDCSNPNTYICMKRAV**********,0
Q9D0I9-312,LQSKNPDIMKAWNLICDVSREEFKKIYDALD,1
P55060-853,EKKICAVGITKLLTECPPMMDTEYTKLWTPL,1
Q9FLP9-34,ETVEEGGCGRNCLSKCCINGARLPLYTCKNL,0
Q9Y3L5-140,EVMSSEGRALAQEWGCPFMETSAKSKSMVDE,1
P62274-39,CSNRHGLIRKYGLNMCRQCFRQYAKDIGFIK,1
A8MU10-48,PPGGARGHIYCCTRLCHQRAASAHRSLLLPR,1
Q8VE09-94,KMQLACDDLKTTEKLCESEEAGVIETIKNKI,1
Q91Y97-158,VDFGKWRAVLRIADQCPSSLAIQENANALAR,1
P31254-705,IHCSLVLQRPQTWADCVTWAYQHWHTQYSHN,0
O89001-194,PSLNPDGFERAREGDCGLGDSGPPGTSGRDN,1
Q63772-164,LCDKDVNECSQKNGGCSQVCHNKPGSFQCAC,0
Q08CK1-378,SFNVDEVEEGAVYAMCMAGQGDQATLSQWIS,0
Q0VAX3-451,PRHNYHKVAPLVKSLCAKHGLQYINKPILKA,1
O94827-445,SLFKPYIRYCMEEEGCMEYMRGLLRDNDLFR,0
Q54PE0-536,REIRESIQHTSDVLTCAYSQDGKKFIVSCLD,0
O35393-308,LGIALRGGGTADPPFCPHYEKVSGDYGHPVY,1
Q6PIC6-83,NALTPPPTTPEWVKFCRQLFGGFSILLWIGA,1
Q9SU87-183,KRDNCLTLSGSTEEICSSDCSHLKCKALAAA,0
O08715-143,ELSLMGDKAKSIPLGCPLLPKDASFPYEAVE,1
Q9M364-673,KVCTICKQTHGSCVHCCKCATHFHAMCASRA,0
Q07954-3536,GDGSDEPKEECDERTCEPYQFRCKNNRCVPG,0
P24270-460,TFYTKVLNEEERKRLCENIAGHLKDAQLFIQ,1
O08529-640,YEMRKALEEAGFKLPCQLHQVIVARFADDEL,1
Q9WTS8-16,MWWPMLWAFPVLLCLCSSQALGQESGACPDV,0
Q7ZXJ7-303,HKAISITEALAFFHCCLNPILYAFLGAKFKK,0
Q8SQR2-11,*****MRGEIMDYTICREIGKGGFGKVYEVK,0
D3YTQ6-517,GTAGKRVSLLEAQGSCKWWTVLASPWLVLLC,1
P84091-337,VRIPTPLNTSGVQVICMKGKAKYKASENAIV,1
P50281-127,YAIQGLKWQHNEITFCIQNYTPKVGEYATYE,0
Q9Z1B3-220,EDFTPDVYRVFLNNLCPRPEIDNIFSEFGAK,1
Q86W92-35,IAGSKALEYSNGIFDCQSPTSPFMGSLRALH,1
P90970-359,QTWDSTIGLLNEKVECSRIENEFTKQEMKRQ,0
O17581-335,KMTTLEMMACCNVLACRPQKTLHNVRDMLEW,0
P47740-220,TLELGGKSPCYIDRDCDLDVACRRIAWGKYM,1
A2AMH3-68,AAARLVSGYDSYGNICGQRNAKLEAIPNSGL,1
Q99LB7-382,NRVPVLEKTGIKSTVCGPESFTPDHKPLMGE,1
Q3MHI7-22,FAWLFRHLSLNGHLQCHVHRHSHQLTQIPLD,0
P16144-706,APGPNSTVLVHKKKDCPPGSFWWLIPLLLLL,0
P11680-332,WGKWSDCSRLRMSINCEGTPGQQSRSRSCGG,1
Q61923-482,RETEQEEQGQYTHVTCGQPTPDLKATDNGLG,1
P13945-292,RRPARLLPLREHRALCTLGLIMGTFTLCWLP,1
Q99ML4-67,SYSELCRGHVCQVVICDQYRKGIISGSVCQD,0
Q86A84-264,SPTYSEEELREQIEVCIRNYEMITNSSSDQL,0
Q92901-253,KKLPRKTHKGLRKVACIGAWHPARVGCSIAR,1
Q5PQL5-322,LKHIFVFQASHPLSWCRILFIGCITAPTVRQ,0
P05135-1121,IIFILVLCWIFFMTGCCGCCCGCFGIIPLMS,0
P38735-741,IIVPSLEPKHDLIPDCEGLTNSFAYCSQSAW,0
P18487-3,*************MQCFKLASRRSLYNARVL,0
Q93045-24,KEKMKELSMLSLICSCFYPEPRNINIYTYDD,1
Q9WUQ1-696,TPCSPDSTSVCVQGQCVKAGCDRIIDSKKKF,0
Q16518-329,HINTYEDNGFLIVDLCCWKGFEFVYNYLYLA,1
O08914-561,PVAVQCVALPWQEELCLRFMREVERLMTPEK,1
O35633-421,EKSLFQEGSRAFFPACYGGDGRLKSWGLTLR,1
P36578-250,LNILKLAPGGHVGRFCIWTESAFRKLDELYG,1
P06909-597,PRKEKYRVGDLLEFSCHSGHRVGPDSVQCYH,1
P08588-414,RRRHATHGDRPRASGCLARPGPPPSPGAASD,1
Q5ZMC3-174,SCGDLTVWDDKMRCLCNEKAHDLGVTCCDIS,0
P49411-290,GTVVTGTLERGILKKGDECELLGHSKNIRTV,1
P98063-649,ISLQFDFFETEGNDVCKYDFVEVRSGLTADS,0
Q6PB66-626,QEMNVKVPENIYKGICNLLNTYHVPELIKDI,1
Q306W5-277,SLTTVMCVLANITFPCDQPPCMPCCYEKNPH,0
Q96NT5-21,SPPEKPRARPAAAVLCRGPVEPLVFLANFAL,1
Q6ZN30-35,RLSEQDWPAYFKVPCCGVDTSQIESEEAEVD,0
Q9QUJ7-595,GEYVSLGKVEAALKNCPLIDNICAFAKSDQS,1
Q9C0C9-208,QHIWPFMYGDYIAYDCWLGKVYDLKNQIILK,0
Q60767-1636,TFVKWENKTKDGDGKCSILIASNETWRKVHC,0
Q8LF48-55,YGDDVVIVAAQRTALCKAKRGSFKDTFPDEL,0
P09382-17,ACGLVASNLNLKPGECLRVRGEVAPDAKSFV,1
Q9FK30-300,KEKAKKNHFRIDRFICYFSSPQLCYVDEEHI,0
P18871-442,FWFGYCNSSLNPVIYTIFNHDFRRAFKKILC,1
Q9STL8-553,CKIMNFRSGSELPEKCRELAMHFENQGTPIM,0
Q9Y2I9-748,RVHKKNMPRTKSHPGCGDTVGLIDEQNEASK,0
P62880-250,FPNGYAFTTGSDDATCRLFDLRADQELLMYS,1
Q14289-463,KGEKINVAVKTCKKDCTLDNKEKFMSEAVIM,1
Q0KK55-998,LGKEKPATTWGSGGPCSPTALSDIDSDTLSQ,0
P08752-255,EMNRMHESMKLFDSICNNKWFTDTSIILFLN,1
Q61687-597,LTPVSLSNSPIKGVDCQEVSQEKNGRKSSGV,0
Q9UUE3-329,KRAAFMEITRNMFFSCLGPRI**********,0
Q6NZY4-607,EAGHASSPDSEVTSLCQKEKAELAPVNTEGA,1
Q1PFK0-343,KKFFGSITSVKRLSLCLGVYTEEVICFHHSI,0
O88728-86,AGNLEAARQYGSKAKCYNILAAMWTLVPPLL,1
Q9R1K2-586,DSVQDCPRNCHGNGECVSGLCHCFPGFLGAD,0
P34350-193,ILLGRPPETVYVFTECVTSIPKCGEEIWALF,0
Q8BUM6-34,LCIIAVLCYCRLQYYCCKKDESEEDEEEPDF,0
Q6GQ73-10,******MQSLDRVDLCESLLTWIQTFHVDAP,0
O60603-609,MCCALFLLILLTGVLCHRFHGLWYMKMMWAW,1
Q00839-497,EDRVRGPKGPEEKKDCEVVMMIGLPGAGKTT,1
Q8BUH8-515,KSNSEMDLKLDFIFTCVYIGKIKGTPKGCVT,0
Q8CI94-446,VIEEGDCKRINMAHLCVIGSHAVNGVARIHS,1
P0DJU2-249,MDSNRTATLRASCLKCPKK************,0
Q7TMS5-374,KGTSAFKEPVYVTSFCHQLRWIARRSFKNLL,1
P13707-329,GLVDKFPLFTAVYKVCYEGQPVGEFIRCLQN,1
O35927-987,SGSKAMSDDTVTAVCCTLHEVITKNMENAKA,1
P17563-268,IRFLHDPSATQGFVGCALSSNIQRFYKNAEG,1
Q8WV99-257,QQAQSRSSKPSNCSLC***************,0
Q8ITW8-47,ICSAQATGFHFEAQSCSACAAFFRRTVALTK,0
Q6DFV5-601,DIQVELQFQLNRLPLCEMHYALDRIKDNAVL,0
P78527-974,YQLYKRTFPVLLRLACDVDQVTRQLYEPLVM,1
Q8VI95-282,ELVTKYKRLRIYWTWCYDFQHEISDYLQGQI,0
E9PYF7-185,LSSDATVLTPNTESSCDLMTKTKSTSGNDDS,1
P23977-580,TSSMAMVPIYATYKFCSLPGSFREKLAYAIT,1
Q9VHS4-147,HRAAALCNRVVVIYHCIYFGYLSMALTGALV,0
A8MVV6-83,VGLTNAWSIIQTDFRCCGVSNYTDWFEVYNA,0
E9PVB3-63,QLFVVEKSLQGDYFTCSEEVKTFLKDITVAV,1
P52792-364,LNILSTLGLRPSVADCDIVRRACESVSTRAA,1
Q61586-812,KRVSVLELSSTFLPQCNRQKLLEYILSFVVL,1
Q13884-446,GCHNSAELIAEISTACTYKNQECRLTIHYEN,0
P30677-5,***********MAGCCCLSAEEKESQRISAE,0
Q8BMS1-349,KESKALMGLYNGQVLCKKNKFGAPQKNVQQL,1
A2APR8-628,ENVVATQYTHMALDSCKENIVDLSKGRKLGP,1
Q9VC44-14,**MNSLHAHLLLLAVCCVGYIASSPVIGQDQ,0
O15127-127,NLHVRQNNWPPLPSWCPVKPCFYQDFSTEIP,1
Q32LN5-57,CFLTAMRESGIHCPLCRGNVTRRERACPERA,0
P34504-1011,VNGQCGTGYTCSNGLCCAGTSTTVKCLDGSD,0
Q9R0M4-340,LCHSVKASFKPAEDLCTLHVAPILDNQAVAV,1
P80294-24,AGGSCACAGSCKCKKCKCTSCKKSCCSCCPL,0
Q9P0T4-28,AFSSVETMEGPPRRTCRSPEPGPSSSIGSPQ,0
Q28085-129,CDEGYQMVGEMNFRECDTNGWTNDIPICEVV,0
O70133-244,FAREHGSNKKLAAQSCALSLVRQLYHLGVIE,1
Q91VR5-513,VRAIKEHKMDQAIIFCRTKIDCDNLEQYFMQ,1
Q9VH19-220,TQRCFKGLTVAYAAHCQQEAALDRPIAGHAN,0
O35453-341,MVLQEARVPIISNEVCNSPDFYGNQIKPKMF,1
P27701-2-226,VGVAIIELLGMVLSICLCRHVHSEDYSKVPK,1
Q71RI9-417,MTKHKKLTAIPVSAFCDSKSKPHFEKLVRFC,1
Q8BXK4-70,FDKIWREHCEDAETLCEYAVAMKNLADNHWA,1
Q9JJY3-425,RYPVMDVAYHCYPNGCSFDALASKGALFLKV,1
Q86VU5-35,ALGAAFATGLFLGRRCPPWRGRREQCLLPPE,1
Q9JLB4-153,CHNGGTCVNLHDSFICICPSQWKGLFCSEDV,0
O74773-73,TTSVLKHHNVSNTSYCNLSPSLFIKFAEDVL,0
Q9D404-264,SRARALSSNPDPKLACRPFHPERDGFVMGEG,1
Q5PR73-105,SRQSLEELKPIYEQICEIKGDVESIPIMLVG,1
Q9EPU0-369,IIWLRDMRLMQGDEICLRYKGDLAPLWKGIG,1
Q8K3F2-559,GLFPKKPVSEKWFDVCDVHTSTLNM******,0
Q9Z2V4-75,MQEEGVIRKLKKYDNCWLALTDPRDVARIES,1
P31648-493,NRFYDNIQEMVGSRPCIWWKLCWSFFTPIIV,1
P97742-586,QLALQLAHYKDMGKFCLTYEASMTRLFREGR,1
G3X973-72,PWGWSRNFPEKILLDCRYELQLRGAAISLSG,1
Q9D051-263,HCLEAAAVLSKEGIECEVINLRTIRPMDIEA,1
Q63ZG9-193,LGGHWMDVWEVMSPECRDEVALIDSNCLLET,0
Q8R4V2-172,IPFRDEEDLRALLPLCRRCRQGSATSAASAT,1
Q50L42-304,NFRLCCCGTHRNDPVCQPLNCLSDGQVTTLP,1
Q01628-105,VGDVTGAQAYASTAKCLNIWALILGILMTIL,1
P78527-223,MTSAVREPKLPVLAGCLKGLSSLLCNFTKSM,1
Q17QZ7-355,MPDLCAEELAVILGICTDFQKNNPVHKLTEE,0
O35728-185,WEKLDGQDHPLEIFHCVSLMTLDTVMKCAFS,1
Q71U36-316,QMVKCDPRHGKYMACCLLYRGDVVPKDVNAA,1
Q8BHI7-96,YELVTGVWEGKYNFFCQGTRSAGESDMKIIR,1
Q64310-32,FLRVTKQYLPHVARLCLISTFLEDGIRMWFQ,1
Q9D8N0-266,EKKAAAPAPEEEMDECEQALAAEPKAKDPFA,1
Q3TC72-214,RNGKQWLLGKTFDTFCPLGPALVTKDTIADP,1
Q6NVG1-206,SGGKWPQVLFFPEGTCSNKKALLKFKPGAFI,1
Q8CFN2-2-157,AEKLARDLKAVKYVECSALTQKGLKNVFDEA,1
P04899-112,DPSRADDARQLFALSCTAEEQGVLPDDLSGV,1
Q9UKF5-354,GMNHDEDTCRCSQPRCIMHEGNPPITKFSNC,0
P01311-43,QHLCGSHLVEALYLVCGERGFFYTPKSRREV,0
O93274-191,EPPRSRSRATGCESGCQCRAPMVQVSNERHP,0
Q0VD24-115,EPVFECNVLCQCSERCRNRVVQWGLQFHLQV,0
O35453-109,LLCSSRSNARVAGLGCEEMGFLRALAHSELD,1
Q8VCA0-27,SLGRFQILHMIFVLICHALSAPHTLLENFTA,0
Q9V677-1371,AEAAKSLHTMETIGKCVRYIDYSVLEKMTPE,0
O70133-610,KKDKEDDGGEDDDANCNLICGDEYGPETKLS,1
Q61823-433,DVPHSYSVLERFVEECFQAGIISKQLRDLCP,1
Q9T0F7-179,RTEDCKAVSDPRDSKCALSLKGFPADVYETQ,0
Q21313-724,TRDFQGCDKVSPGELCSCRKHVTGRICDQCK,0
Q15366-158,ERAITIAGIPQSIIECVKQICVVMLETLSQS,1
O97556-335,IIPQNQVNRKSDIYVCMISSAHNVAAQGKYI,0
Q9VK50-651,RYGRNNVPHHYNGFSCFIFRIHDKILNSLPI,0
Q90953-3289,SFYICTCLPGFNGEQCELDIDECQSNPCRNG,0
P04083-263,MNKVLDLELKGDIEKCLTAIVKCATSKPAFF,1
Q9JHU9-485,PPGSPVVNALFRQRSCIENIFRACVGLPPQN,1
Q9NZR2-4356,GSVECVCPTRYEGPKCEVDKCVRCHGGHCII,0
Q91X44-2-562,SITEAKERLAAASSVCEVVRSALSGPGQKRS,1
P97333-54,LTSPGYPHSYHPSEKCEWLIQAPEPYQRIMI,0
Q9DFG8-37,CLFSHDLTTSKPSTICKYYQRGACAYGDRCR,0
D3YZ18-106,DPNAPKRPPSAFFLFCSEYRPKIKGEHPGLS,1
Q90WW1-143,PLCGATGAKAHTKRFCPMVDKNYCSVYAKST,0
K3W4M8-905,SYSKRTMTGYWSTQGCRLLTTNKTHTTCSCN,1
Q9SFV9-162,FDELREVFGFRLNYPCYSSLLMSLAKLDLGF,0
P31596-38,LSSEEPKHRNLGMRMCDKLGKNLLLSLTVFG,1
Q13530-295,MYLTWSAMSNEPDRSCNPNLMSFITRITAPT,1
O08807-151,DRIEEFKSINTEVVACSVDSQFTHLAWINTP,1
Q5RKJ1-340,AQPLPMAHCANSRLVCKISGDVMNENNPPMM,0
F1RD85-630,VADGHKASFCLEDTECHEGVSKRYECANFGE,0
P39053-86,LQLVNSTTEYAEFLHCKGKKFTDFEEVRLEI,1
Q9ZWT1-141,TIMILGDTCTRGCRFCNVKTSRTPPPPDPNE,0
Q9R159-124,KQGALHKDQPYVQNDCYYHGHMDGDPESMVA,0
P04114-1112,QNKKITEVALMGHLSCDTKEERKIKGVISIP,1
P0C6Y3-4900,RCGNCIRKPFLCCKCCYDHVMHTDHKNVLSI,0
P00186-203,VSQVVESVANVIGAMCFGKNFPRKSEEMLNI,1
Q12841-98,ACLTGSKIQVDYDGHCKEKKSVSPSASPVVC,0
Q8LQM5-343,GGGLPLTCTMYASSECYFGLNLNPMCKPSDV,0
Q9Z2V4-307,NLAMMNPSLPGWKVECVGDDIAWMKFDAQGN,1
P11365-190,GPPYAESPPCVVRQPCAERQCAKRQCADSFI,0
P97328-47,CLSQRWQRGGNASNSCTVLSLLGARCAFMGS,1
Q8N3U4-632,RNIVEKHTDTDVLEACSKTYHALCNEEFTIF,0
Q92598-376,DISTTLNADEAVARGCALQCAILSPAFKVRE,1
P0CD64-1178,QDYFMINNDVSKVYQCPFGLCSGQNNCNSNL,0
P12561-463,KWTWHNVLSRPGNNECPWGHSCPDGCITGVY,0
O04492-260,QSEKIETTPNLEPSSCMNGLKEAAFGSVETE,0
Q9DBI2-163,HYLSVFSSSTEGRKLCRHSLELLLEAYFCGR,0
A2ATU0-430,EYQRQFRKDVIVDLLCYRQWGHNELDEPFFT,1
Q18LF5-56,KTMFHSFHAQLRNVICGTMAYPYTLINEKDD,0
Q9Y672-83,WGLDYPPLTAYHSLLCAYVAKFINPDWIALH,0
Q4R1R8-295,VCPLIPGSTTTSTGPCRTCTTPAQGNSMFPS,0
Q9FJX9-294,EKYCPFHEVDGTPKCCSCERLEPWGTKYVML,0
B3LXF2-135,DVLDEIDLSDLCYFECGIKNVNHSSQIITPT,0
F8WHM5-389,NLPRSREARLSYLLMCLESAVHRGRQVSSEC,1
H3BJG8-18,SGIPETVPLSTVNRQCSSGLQAVANIAGGIR,1
Q8VC82-115,VYKRFVRYVAYEILPCEVDRRWYFYRHRTCP,1
P07901-482,YTSASGDEMVSLKDYCTRMKENQKHIYFITG,1
Q84RQ8-62,DLISTPFCSHKFCKACWSKYLKKNFFSVEKN,0
Q9JKM5-370,LPPTLDRSSSPSEHSCPQRDGMDTSCSTGSP,0
Q8BSE0-106,EEIRFLKETIPKLEECIQDEFGGKVTVHKIS,1
Q9W0A0-319,CQLNTYGFNCSMTCDCANDAMCDRANGTCIC,0
P09767-68,KGTKTRGKLCPKCLNCTDLDVALGRPKCMGT,0
Q96Q15-1191,TDSSPEVINYLGNKACECYISIADWAAVQEW,0
Q5ZIW5-634,LYRSWCHNPVTTVSLCFLTQNYKHAYDLIQK,0
F4K7D5-13,***MNVERDQHISPPCLLTKKIPIVDLSDPS,0
B0V2P6-936,GFISKEFSMHVCIFECESTGGSEWVLEQTIH,0
O22241-7,*********MQAATSCDLKFRSTDPTSRNKC,0
Q80XN0-221,SPYCITKFGIEAFSDCLRYEMHPLGVKVSVV,1
P82748-49,CFQIKFKTGKCVPKECQTACQEKLRKPKLKG,0
B2RYW8-13,***MSESEPGRKWDRCMADALVKLGTGFGLG,0
Q9NYJ1-64,QDWRQCQPQVQAFKDCMSEQQARRQEELQRR,0
Q3TT92-130,TEAYEKWREWADGKSCCDYALHVDITHWNDS,1
Q3V3R1-249,ALQWLFQRKGSMTMSCPWATPQLPDKLREAD,1
Q8VDS4-220,DKESGERLSKMVEDACMLLADYNGRLAAEID,1
P01868-302,LNVQKSNWEAGNTFTCSVLHEGLHNHHTEKS,1
Q9DFS6-134,QRRADLDRFWLETLLCLVGEAFDDHSDDVCG,0
Q6IE51-21,GLLLLFTATCLCNVDCDIYKKYPVVAIPCPI,0
Q99088-143,CDQDQDCDDGSDESYCPAPTCNPAMFQCKDK,0
G5E869-1782,HALTHTDRHPFFCRLCSYKAKQKFQVVKHVR,0
Q9HBF4-472,SRCRYSHQYDNRVYTCKACYERGEEVSVVPK,0
Q9XV66-114,SRWKLVRAALPHVIQCCGSLLLANVGEKKLP,0
O43603-190,CHPAWSAPRRRAMDICTFVFSYLLPVLVLGL,0
Q8K2G4-556,ATFYFQNTFLDTQLECVYRKGEGVFKSDNIS,0
Q14289-120,LHPQMTVGEVQDKYECLHVEAEWRYDLQIRY,0
Q01339-79,FTCPLTGMWPINTLRCVPRVCPFAGILENGI,1
Q9Z2Z6-58,PSLSGQPPMYSGTLDCFRKTLMREGITGLYR,1
Q6UWF7-340,WNPVSCSLATVKMKECLRGKLIYLMGDSTIR,0
Q96ER3-123,PRLREICVGILGNMACFQEICVSISSDKNLG,0
Q9Y4B6-1019,LDSIITEYLREQHARCKNPVATCPPFSLFTP,0
O88986-103,TLEEFGAGLSSTRFICGTQSIHKNLEAKIAH,1
Q3U492-219,GSSFLSSSNPCLQCSCLRSLVRCVPVKCQPS,0
Q9S736-226,CPCEICANRKGFCNLCMCVICNKFDFAVNTC,0
P47955-61,LFAKALANVNIGSLICNVGAGGPAPAAGAAP,1
P31039-192,QSLKFGKGGQAHRCCCVADRTGHSLLHTLYG,0
O15162-186,EVITLERPLRCSSCCCPCCLQEIEIQAPPGV,1
Q568Y5-192,GRQVPDSCCKTVVARCGQRAHPSNIYKVEGG,0
Q75N90-463,IDVDECTSSPCHHGDCVNIPGTYHCRCYPGF,0
U3KQT1-34,FEHDSVELNCKMKFAVYLPPKAETGKCPALY,1
Q96EK7-47,SKYPGCTPTIVVDAMCCLRYWYTPESWICGG,0
Q64565-239,TMCPDVFRGPWGGSHCRDSPVQTVRKCSCAP,0
O35488-320,NVTVIQYIGELLRYLCNTPQKPNDRDHKVKK,1
P87237-766,LFAYFDDASLSSADSCLICLETYTNGDICRK,0
O64776-318,PKSIEEWKRGNWTSGCARRTELHCQGNSTGK,0
P12268-468,IHKFVPYLIAGIQHSCQDIGAKSLTQVRAMM,1
Q8R3I2-504,DNPLGQNSFSTMNNVCNQNRDTGSRHSSLTQ,1
P54789-143,NEVYVSCGRDENLTSCIIEHCNVYSEAEFFS,0
D3Z106-127,LILPRVPEWWLVTVGCMRTGIIFMPGTTQLK,1
Q6ZP01-530,QKSVACSTDWSYSEDCIDTQMAITKGSGKSL,0
P47754-157,TVYGKKVDGQQTIIACIESHQFQAKNFWNGR,1
Q91VI7-404,LLANRSLRELDLSNNCMGGPGVLQLLESLKQ,1
Q5FWP7-133,QQQSQQLYWLLGQFNCLIHQLETPHSTDLVH,0
Q9UNK0-214,NETRRVNMVDRKSASCGMIMVILLLLVAIVV,1
P49024-532,AMGKKFHPEHFVCAFCLKQLNKGTFKEQNDK,0
P24527-147,LFSQCQAIHCRAILPCQDTPSVKLTYTAEVS,1
Q9JJZ2-347,IAAIKTKRTIQFVDWCPTGFKVGINYQPPTV,1
B0V2P6-836,TPSAGHLSSSSIYPVCLAPYLVVTTCSDNKV,1
P19253-38,VAKQVLLGRKVVVVRCEGINISGNFYRNKLK,1
Q99LJ5-97,LFADAMQLNDKWQGLCWPMMDFLRCVTAALI,0
G5EDK5-1557,ATSKCVNRWGGRICSCPQSVHSTGECVGALG,0
Q9LQB0-346,GLGITVLAKDMEGITCNSIYFTADDFYEDYE,0
B8XTP8-1199,NPDGEDFRCFCQMVSCAQYRPAMADLKDKGI,0
P11940-339,KVMMEGGRSKGFGFVCFSSPEEATKAVTEMN,1
Q80937-233,STTTTLAQASPALPTCTSEERVDPPPCKRPR,0
Q9UST9-306,FGRHCLLLFQVIAGKCALSVKLPFLFIWESS,0
O94606-472,EKRPAEDDSPSQKKTCQ**************,0
Q9LMX3-115,QVDTDCNMKCSKQGYCKLAS***********,0
P04732-44,CKKSCCSCCPVGCAKCAQGCVCKGASEKCSC,0
Q9NQX6-282,GEKPYECKDCGKAFICGSSLIQHKRIHTGEK,0
P81019-156,ECVFPFIYRKKSYESCTRVHSFFWRRWCSLT,0
Q9DC50-578,YGFFYHIRDDRFVVACSSWRSCPETDAEKLV,1
Q8CIE6-453,KNLKNEITKKIQVPNCDEIFYAGTGNLLLRD,1
Q86U44-375,GGDSSADRLFPPQWICCDIRYLDVSILGKFA,0
Q54UP5-379,IIYKFCNTYKFSGIACLPNQIVIPFLQYTTQ,0
P63244-207,TGYLNTVTVSPDGSLCASGGKDGQAMLWDLN,1
Q7TPR4-480,DYYDSPSVNARCQKICDQWDNLGALTQKRRE,1
P43007-35,AGPGAPGTAAGRARRCAGFLRRQALVLLTVS,1
P42082-264,SVTVALLLVMLLIIVCHKKPNQPSRPSNTAS,1
Q7T0P7-123,MNRVVTHELIHAFDHCRAHVDWFNNVRHLAC,0
Q54U65-198,DKDPIYIVLDCFYFVCLLLLLIFHSYVGWKT,0
P06151-293,KGLYGINEDVFLSVPCILGQNGISDVVKVTL,1
Q9XWH8-66,GIRCEWKVSSDYYTACFKWKFIWDQVDKYEV,0
Q96QS1-12,****MGPWSRVRVAKCQMLVTCFFILLLGLS,0
P51979-503,QMIGRAGRPQFETHGCAVIMTDSKMKQTYEN,0
P62242-100,ASNNELVRTKTLVKNCIVLIDSTPYRQWYES,1
P07901-421,QSKILKVIRKNLVKKCLELFTELAEDKENYK,1
P16615-349,RSLPSVETLGCTSVICSDKTGTLTTNQMSVC,1
Q921Q7-648,LAVPPGSSIATLSQLCATKFRVTQPDAFGLF,1
Q9FLS8-399,FLHDTAEPGPLIQLGCGMTSGALGASCVYPL,0
P11456-147,NHCGREQRRAVVMISCNRHTLADNFNPVSEE,1
Q49HM9-214,EVCAVQVKNTGQMYACKKLCKKRLKKKHGEK,0
Q14524-981,IQRGLRFVKRTTWDFCCGLLRQRPQKPAALA,1
P26006-904,TLAAAKKAKSETVLTCATGRAHCVWLECPIP,1
Q3TDN2-194,GDDHQDSDEFCRNALCAPEVISLINSRMLFW,1
E1C2V1-190,QSKLPTADSICHCDTCGRRHVSDGAREGRGF,0
P13569-524,GVSYDEYRYRSVIKACQLEEDISKFAEKDNI,1
Q9R099-330,YLLRTGRFEEASTMPCRLALSPDTHVLALAT,1
P35802-192,LRQFGIVTIGEEKKICTASENFLRMCESTEL,1
Q91WD5-347,CRVEEMRQSLRIIEQCLNKMPPGEIKVDDAK,1
Q01089-325,VSQNIDLLKNKLKEICGE*************,0
L7N244-70,HPREQKLEPLRGLMSCLSSGLRPAPQRSGRG,1
E2RK30-1621,QQACLTVSISTELIQCIVPAGNGSVGLVIEV,0
Q6PCE3-441,GKEVLFAFEESIGFLCGTSVLDKDGVSAAVV,1
Q5I2N3-2016,QAKLFPRLPGIPFLSCQTGYRGVWAGDGVCH,0
Q7Z7J7-239,VLRPGGDVSGWGVLPCPVAHSQGP*******,0
Q61666-72,ENIPKMLCQMDNHLACVNCVRWSNSGMYLAS,0
P16230-815,DSMGEHCDQCQHCQFCYLCPLVCETVCTPGS,0
P80315-221,RDIKIVKKLGGTIDDCELVEGLVLTQKVANS,1
Q8CDJ8-597,LQRQKSLKAKMNRRACLGSLQEPESEPVIQV,1
P62913-150,GRPGFSIADKKRRTGCIGAKHRISKEEAMRW,1
Q5SQX6-334,IKTSAHYEENKSKWTCTQSSISPQYNICEQM,1
P36836-239,KKFKPQGNILSKVVKCICFAIKNRFRHRSKQ,0
P62244-72,RAGKIVVNLTGRLNKCGVISPRFDVQLKDLE,1
P38695-522,ITSAINFYYGYVFMGCMVFAYFYVFFFVPET,0
G5E896-390,DQNRELKMWCTVSWTCLQTIRFSPDIFSSVS,1
P0C0W0-213,PFCYLNHGCFTTGGSCLPFGVSYVSDSFYYG,0
Q5U374-181,EFMLLSQSEVEKLIKCDEIQVDSEEPVFEAV,0
Q8VCZ9-323,LDKERSMTQLQGKEDCTQPDYEATSRSYSRC,1
Q3ULD5-167,KHVRAQEIALQNRLPCIYLVDSGGANLPRQA,1
O35490-131,ALVAGGVSQTPSYLSCKSEVEVKKIFRQQLE,1
Q9ESP7-478,KKFDKCMVCGGNGSSCSKQSGSFKKFRYGYS,0
Q9DBA8-19,SHRLLLENAQQVVLVCARGERFLTGSALRSL,1
A0A0G2JJZ9-139,VMMFSATLSKEIRPVCRKFMQDPMEIFVDDE,1
Q571I4-1308,QCLLWGPRRELVEQPCTSEEVLCNTLHNWID,0
P16330-49,FPFLQDEDTVATLHECKTLFILRGLPGSGKS,1
O88444-41,PGGRRGFRACGEEFACPELEALFRGYTLRLE,1
Q5EBM4-103,QFDTVIKCTRNVCKECGNLYCHNMQLTLHKR,0
Q84K25-482,LCRAFVEVVFPHCATCFGRCYPGGATIVMDA,0
P63017-574,QGKINDEDKQKILDKCNEIISWLDKNQTAEK,1
Q8BW75-26,GGGISGMAAAKLLHDCGLSVVVLEARDRVGG,1
P21333-2543,HETSSVFVDSLTKATCAPQHGAPGPGPADAS,1
P11716-3635,WHKLLSKQRRRAVVACFRMTPLYNLPTHRAC,1
P07264-718,NVLVDHFEIEPFRKHCLVNGLDDIGITLQKE,0
P16820-71,SLYVTYIYYTLCTPNCRCCIRRKNSPYLYRL,0
E1BZ85-218,QFPALQSCTPSGYFPCSEFTSGATGRLDEHI,0
Q9LIK3-95,DDSDSEQVKISQVFHCEGLLLCILKDDNFSL,0
Q01097-954,RSFTHSDCKSYNNPPCEENLFSDYISEVERT,1
P38646-366,FEGIVTDLIRRTIAPCQKAMQDAEVSKSDIG,1
O89292-385,EITRHNFNCMGEFFYCNTDELFNDTKFNDTG,0
Q15233-208,VEFSGKPAARKALDRCSEGSFLLTTFPRPVT,1
Q60841-1034,AQDEWALDNIYIGQQCPNMCSGHGSCDHGVC,0
E9Q7Y2-43,TTLDGGGARRSVIGGCTQLLTHYYDDARTMY,1
P42684-376,TEYMPYGNLLDYLRECNREEVTAVVLLYMAT,0
Q9PX32-18,RVFSCVLRACVCAGLCCWVCMGVICGDCQRW,0
P48308-406,QTHNGNQQSANTTDTCYIGKGNMAAMEINIP,0
Q54LP7-6,**********MSTQVCVTRLKKELLALSKNE,0
P06685-464,GDASESALLKCIEVCCGSVMEMREKYTKIVE,0
Q6P1Q0-7,*********MALSRVCWARSAVWGSAVTPGH,0
Q61316-167,ERRSVMDATQIAGLNCLRLMNETTAVALAYG,1
Q6IUF7-388,WYVNHTLTGQHTLPRCWLIRNGSYLNTSEFR,0
E9Q394-1360,MKQGPGTQAINRESWCAIEPCPEAASLLASK,0
Q922B2-267,LYKQMCICADFEKVFCIGPVFRAEDSNTHRH,1
A2AQZ5-49,QRIGEIVAEMDVPLHCRTEFSTQEDEQLQTQ,1
P70404-235,HKANIMKLGDGLFLQCCREVAAHYPQITFDS,1
Q9C0C2-631,EPVLGQEQPAAPDQPCVLFADAPEPGQALPV,1
Q08268-267,GFQWAIRILSFICLTCLICASVLARERTKPV,0
Q08DS5-58,SQGIPKQVSISFCKQCQRYFQPPGTWVQCAL,0
Q05793-1322,CRPHHFHLSASNPEGCLPCFCMGVTQQCASS,0
Q2TAQ1-198,KQSLNFGTDEMKKIECLMWDPENAYRLHVFS,0
Q61626-842,IWSTRRSAESEEVSVCQEMLQELRHAVSCRK,1
Q09565-62,TVSLNIQFQCKKDKNCVIFHELRMICRACRF,0
Q8C419-354,PIKGLGFVLGAYQCICKAGFYHPRVFSVNNF,1
Q80X90-2115,TRTSRAPAVATVGSICDLNLKIPEINSSDMS,1
P19096-180,LLALQNAYQAIRSGECPAALVGGINLLLKPN,1
Q9Z2V4-407,RPQDAEPCAHPNSRFCTPASQCPIIDPAWES,1
Q8TB61-80,YLETGRGLCFPLVKACVFGNEPKASDEVPLA,1
P26262-57,PDAQYCQKMCTFHPRCLLFSFLAVTPPKETN,1
Q5YD48-455,KPQGIKLAPQILEEICQKNNWGQPVYQLHSA,1
Q5Z7L0-673,CSYAGTYSEKKCQANCGDASQRWYHVPRSWL,0
Q4VPP5-112,IDLVIHCSSEDWYNTCTEYTTDYKRVLNDDL,0
P13010-296,AKTLKKEDIQKETVYCLNDDDETEVLKEDII,0
Q8VCZ9-414,LGQAGYMVYKSIPYGCLEEVIPYLIRRAQEN,1
O94813-500,FIPGTEDYRSKLSGDCFADLACPEKCRCEGT,0
Q9HAK2-160,KNPEMCRVLLTHEVMCSRCCEKKSCGNRNET,1
P52458-213,HMLNLFFKSHDNDDTCTLSLNTRRLQDDSKY,0
O75376-662,WAAIAKMVGTKSEAQCKNFYFNYKRRHNLDN,1
O13542-3,*************MECFPSFSFSGFSCFSLF,0
Q9Z0H8-133,VGKNDGAVGGVRYFECPALQGIFTRPSKLTR,1
Q8VC12-296,HRQGWLMEVTDSLDRCIARLREARKKKEVLS,1
Q8T5T1-3181,TSFFTRMNMILIIGNCILHLYTSDTEALPIQ,0
P19096-1397,LVGLKRSFYGTALFLCRRAIPQEKPIFLSVE,1
Q9NRY6-214,ADRQTVLRVVGPCWTCGCGTDTNFEVKTRDE,1
P55196-942,PDLQLPFLLPEDGYSCDVVRNIPNGLQEFLD,1
O75908-312,VAKNFAQALGCVLYACFILGRLCVPVFANMS,0
P25911-203,LDNGGYYISPRITFPCISDMIKHYQKQSDGL,1
Q9U1Y5-441,SAVELMSTQWMKCADCRTAKQDILKSIKPIS,0
Q3SZD5-193,RDIYISTVAVPPPGRCAACRDASRAHPGDPS,0
Q8BMF5-855,SVCQEMVTELRNIILCQDNIHPRRRRSGGLP,1
Q9NZC7-379,AVPELEGLGGMYFNNCCRCMPSPEAQSEETA,0
O23372-613,APTEELPSMEVDMDICDTPPHEPMASDSSLG,0
O88280-1011,NPDDCEDNDCENSATCVDGINNYACVCPPNY,0
P31291-262,STMKRTCKCHGVSGSCTTQTCWLQLPEFREV,0
O00841-545,MVKVELKKDENFKDKCGGSSGGACGENNPDN,0
Q9CAR3-424,ENELYGVITLRDVISCFVSEPPNYFENCLGF,0
Q00960-854,EHLFYWQFRHCFMGVCSGKPGMVFSISRGIY,0
Q29116-620,VSGRCICNEGYSGEDCSQVSPPKDLIVTEVT,0
Q01642-57,PCGGCGPCCGGTSSFCGCGPCC*********,0
P27963-72,RDEQQRHTIQCTCCKCNNLLQLVVEASRENL,0
P0C2P8-39,DACFKFNYKFPKVGYCRVPSHAWCRNQGSFC,0
P34430-186,QMMPAGFKFFADRKLCTIFSAPRYMNEIDNS,0
P00558-367,TKALMDEVVKATSRGCITIIGGGDTATCCAK,1
Q68F20-135,DWEKRLIISDRAHIVCDFHQAVDGLQEVQRQ,0
Q8NFJ5-284,TKQRNPMDYPVEDAFCKPQLVKKSYGVENRA,1
Q9CR24-39,RLRSRPAAAAVLVPLCLVRGVPALLYTLRSS,1
P70280-21,AVVARGTTILAKHAWCGGNFLEVTEQILAKI,1
P51809-183,SVTFKTTSRNLARAMCMKNLKLTIIIIIVSI,1
P24941-191,GCKYYSTAVDIWSLGCIFAEMVTRRALFPGD,0
P98157-4275,GFTGSRCDQQVCTNYCHNNGSCTVNQGNQPN,0
Q9BQS2-331,VFVKVSLMNHNKFVKCKKTSAVLGSINPVYN,0
E9QKH0-1426,TLASSIHPEQCIKVLCPIIQTADYPINLAAI,1
Q922Q1-274,LIGDVEMKRVLSCPRCVLTTVDPDTGIIDRK,1
A2RT62-74,SLATPLSRVALAGGPCPPASGPASGPVSGPP,1
P87175-152,CILLDFQMFILIGVYCPVNSGENRLEYRRAF,0
P62956-224,MYRPHPAFYRPRLSDCSDYSGQFLQPEAWRR,1
Q9CQN1-503,YASRMQAGTRNIYYLCAPNRHLAEHSPYYEA,1
P46782-66,HSAGRYAAKRFRKAQCPIVERLTNSMMMHGR,1
Q6P1L8-13,***MAFFTGLWGPFTCVSRVLSHHCFSTTGS,0
Q98931-416,CSQICINYKGDYKCECYEGYEMDTLSKNCKA,0
P35579-671,KLMATLRNTNPNFVRCIIPNHEKKAGKLDPH,1
P00592-83,ETHDNCYRDAKNLDSCKFLVDNPYTESYSYS,0
P63115-497,VHRFTESMTRWGQELCFVVYPQGSLEEEENG,1
P05201-391,NEKHIYLLPSGRINMCGLTTKNLDYVATSIH,1
P09103-345,KPESDELTAEKITEFCHRFLEGKIKPHLMSQ,1
P07387-479,PQTLYMCRKCVNTCYCPMRLVHRYMFQNLLI,0
Q9D3P9-61,SKASPPSWKMTLLNVCSLINNVNSPAEEAGD,1
Q9DFS4-402,PGGFVVLKSSSNPSVCTFIWVLNTDLKGRLP,0
O60105-298,QIGSSAMAYKRNPMRCERICSQARYIMNLIP,0
Q10144-299,TEKIGKNTSDLWFALCEIDGLECVLKYRPPF,0
B1ASP2-543,QILRTDNISFVLKRCCQPKPREISNLLVATK,1
Q96KV7-1043,ASRASELPRQQVPKPCQASPPRLGVCARPPE,0
Q55GW2-66,SYHIGDTPDPRTVQSCNQNMGRAISEESLKH,0
O88986-215,GAFSMDGDIAPLQDICRLAAQYGALVFVDEC,1
Q5ZIW7-108,EYHRILHCFLDRKDCCYSIHQMAQMGVGEGK,0
Q9D8W7-46,KLHIHRGEIAKIIRECQEESFWKRALPFSLI,1
Q9D1X8-170,QVQPTCPKELPGHKNCIDKIETVISAKLQLI,1
P11717-117,RSATRSLLEFNTTVSCDQQGTNHRVQSSIAF,0
Q9CZU6-101,DPDEGIRFRGYSIPECQKMLPKAKGGEEPLP,1
Q8JZR0-93,YENFQRGLAVSDNGPCLGYRKPNQPYKWISY,1
Q99K51-33,KEAFAKVDLNSNGFICDYELHELFKEANMPL,1
Q8NGJ9-245,IVARKKQQKALSTCVCHICAVTIFYVPLISL,0
Q965X6-77,NGNPPPVPPGITQQQCQIGLTPRMSASPPSA,0
P83882-77,TTKKIVLRLECVEPNCRSKRMLAIKRCKHFE,1
Q64442-130,PTIFFCATPPDDGNLCRFYKHNADFCYKLPD,1
P06420-191,GFNELTRQFKSYKTCCNYWVVAAYAVHDVYE,0
Q9NQL9-58,GHKRYCRFKDCTCEKCILIIERQRVMAAQVA,0
Q09623-10,******MNMLRCFPECGICGQEYSEDEKLLI,0
Q7RTY7-759,KMICAGFAASGEKDFCQGDSGGPLVCRHENG,0
P80291-44,CKKSCCSCCPAGCTKCAQGCICKGASDKCSC,0
P54784-349,PKDPSKPRQMLLISSCRANNTPVIRKFTKKN,0
Q5F336-257,SNYISKAGICHKVSTCAMRSIASIALHLTNS,0
Q84M97-589,FMFVFVMHPYDVGDRCVVDGVMLLVEEIDLL,0
O43175-369,IQVITQGTSLKNAGNCLSPAVIVGLLKEASK,1
P36578-96,GGGTHRSGQGAFGNMCRGGRMFAPTKTWRRW,1
F8VTS6-11,*****MAEHFKQIIRCPVCLKDLEEAVQLKC,0
F8VPN4-126,PILRIGVDNHVLPLDCVTLQTFLAKCLGPFD,1
Q8SQA4-411,WKKDSNGNGSWATTGCWKMGRGNGSITCQCS,0
O15393-126,SKCSNSGIECDSSGTCINPSNWCDGVSHCPG,0
O70503-38,ALRASYSLFRAFQVWCVGNEALVGPRLGEWA,1
Q9EPE9-333,DIVSIGRSPQENLVPCDVLLLRGRCIVDEAM,1
Q0WW21-377,ESGVPVVAFPQFADQCTTAKLVEDTWRIGVK,0
Q60930-77,DTGKVSGTLETKYKWCEYGLTFTEKWNTDNT,1
Q9Y6M5-132,LGVGVAGLLVNVLGLCLFHHHSGFSQDSGHG,1
Q6PF96-57,VEKAAQIGAHTLSGACLDPAAFKELFPDWKE,1
Q80ZI6-704,MVFLTCGHVCCCQQCCQPLRTCPLCRQEISQ,0
Q6ZNB6-698,TKTDGCTGKNKAGPECLHCEEGCSKSRPLGC,1
Q91WU5-62,SLQNVHEDVSSRYYGCGLTVPERLENCRILD,1
F4IBJ3-49,AGGPSVFNNGIGCGTCFQILCNGHPACSRRP,0
B2RPY5-282,SRRNALQGVVYSANQCKALITILVVIGAFMV,1
Q64514-150,EKIWDPIHRVALAEACRKQEEFDIANNGSSQ,1
Q9D8N0-194,SFRQAFPNTNRWFLTCINQPQFRAILGEVKL,1
Q90240-1330,GASMSALVLTACIIWCVCSIKSNRHKDGFPT,1
Q6TCG2-234,AVACTVACCKSRTDWCSYPFALRTFVFVMPL,1
Q5XF89-120,EVSNGHAVHLTEENRCEMNKYSQSQSQQMRY,0
E9Q484-156,LLYRGEPGAGSPVKGCTGDLLEIQQPVDLAA,1
Q91W43-925,IEPTESEDKAELDRFCDAMISIRQEIADIEE,1
A2AJL4-193,GLGVIGADVRGHGLTCEGQPVTSRLAVICGT,1
O64776-275,NGLDWKSSYEGPANSCDIYGVCGPFGFCVIS,0
Q93VV0-119,HFKPPRAHHCRVCKRCVLRMDHHCIWINNCV,0
Q4V8A0-215,SKHKRKKKACCPKIGCSHTDMRMSDLIPDEA,0
P24643-504,VLTVALPVFLVILFCCSGKKQSSPVEYKKTD,1
D3YTY9-369,VYMRPWENKVVPTVKCQALDMTEMARRPPGF,1
Q6AYI4-128,VRSELSGLPFNWHFHCLPASSLLVSQHLICP,0
Q6K6K7-310,LKDYFPTMEMKPNPQCSNPACVQRQKEYMQS,0
Q9QYB1-35,ELFVKAGSDGESIGNCPFSQRLFMILWLKGV,1
O75083-507,VTDVAYSHDGAFLAVCDASKVVTVFSVADGY,1
Q3UH06-289,SIPAGFHDLGFTDFSCRKFPRISQAWCETNL,0
Q91X83-150,DQGLMFGYATDETEECMPLTIVLAHKLNTRI,1
Q10142-285,FPRYRFCFYGYVLWLCWCTMYLTHHYFVDLV,0
Q3TMH2-40,KNSDRLFDEVQEVIYCPAAVHNDLEKRLKCT,1
A6H8H5-171,AETMREREGEEFDNTCCPEKRKKLWDLLEKP,1
P58872-301,SAHLANIVMNWSGMKCQFKLLRMAVALICMS,0
Q2QI47-574,RSGDNVNAFNCKPCQCHGHASSCHYDASVDP,0
Q09599-275,WDTQIKKWKRSLYEYCGEEPSDSVNTSFCYS,0
Q8BZN6-1816,DTPYNENILVEQLYMCVEFLWKSERYELIAD,0
Q99LF4-485,EAPESYKNVTDVVNTCHDAGISKKAIKLRPI,1
P63030-83,RFAYKVQPRNWLLFACHVTNEVAQLIQGGRL,1
P83565-8,********MATAAMLCAARALRPRSWIPGTC,0
P52381-35,NFFSQHDEEYKYNYTCITPTVRKAQRLESVI,0
Q55FD6-217,FSCKKRGIIGIDLMKCKVHQCGKFYHYKCVA,0
Q58E95-216,RWEGQLTVYNYHQGPCYRCLFPKPPPSETVT,0
Q91WN4-25,RVAVIGGGLVGALNACFLAKRNFQVDVYEAR,1
Q9DBG7-252,KEKGKKAPRVWELGGCANKEVLDYSTPTTNG,1
G3X9S2-706,CLYQDLRIPLSPVHKCSYYKSNSKLSYGFLT,1
P23681-4,************YTDCKLAASGLGEEAESSE,0
P20886-211,FRHMAREVHPEYYKDC***************,0
Q02156-474,ILALARKHPYLTQLYCCFQTKDRLFFVMEYV,1
Q3TNA1-248,GMNLLQIQEKVWSQACLDVCAPHLEEKLGSP,1
Q8H1F9-140,VKPVVHTFQLIEEGPCEDLCADGQPASFNEW,0
P59648-66,CRKADSRSESPTCKSCKSELPSSAPGGGGV*,1
Q8N5P1-205,ERKGKQICKYFLERKCIKGDQCKFDHDAEIE,0
P56391-30,APFDSRFPNQNQTKNCWQNYLDFHRCEKAMT,1
Q16518-146,NALVNVYPVGEDYYACTETNFITKINPETLE,1
Q9NZH6-181,MLESAAHPGWFICTSCNCNEPVGVTDKFENR,0
Q6NVJ5-1073,GIDLIASFYGCLYAGCIPVTVRPPHPQNLSA,0
A2AJX4-227,QEEVIAIDDISFSSGCLPADVCQTCGFDLDT,0
Q9DBM2-17,AEYLRLPHSLAMIRLCNPPVNAISPTVITEV,1
Q91VI7-129,HLNDNPMGDAGLKLLCEGLQDPQCRLEKLQL,1
O95755-266,SPPETQESKRPSSLGCC**************,0
Q84YL3-153,TNVEANTKRIVKDMCCYNKRMKLSSEVKNYV,0
Q99708-813,VVRKKEERRKLLGHTCKECEIYYADMPAEER,0
Q63HN8-683,IPQSWRLYLVNLCQRCMDTRTYTWLGALPVL,0
P00533-797,LTSTVQLITQLMPFGCLLDYVREHKDNIGSQ,1
P56704-77,IMPSVAEGIKIGIQECQHQFRGRRWNCTTVH,1
O35454-120,FTQLKFGVVQTSVEECSQKGCLALSLLELLG,1
O08999-1142,VDECEGPQSSCRGGECKNTEGSYQCLCHQGF,0
Q8BGH2-445,VVLRLGNIARLELNYCIPMGVQGGDRICDGV,1
Q9R1Q7-16,MADSERLSAPGCWLACTSFSRTKKGILLFAE,1
P30084-213,ISAQDAKQAGLVSKICPVETLVEEAIQCAEK,1
P14824-552,SGDKTSLETRFMTVLCTRSYPHLRRVFQEFI,1
A3AZ89-444,KEVRRIRSEHLDDPGCITNGRVKGCLKVTRA,0
Q653F4-61,APATSTFWFLLHALCCLVSLFLGFRFSRLLF,0
Q80UC6-312,LGRLTRRALPRAPKACTSQAWHLQTLLRRLQ,1
P35123-624,VPKHKLTLESLYQAVCDRISRYIKQPLPDEF,1
P98158-1306,CDGDNDCRDMSDEKDCPTQPFHCPSTQWQCP,0
Q93052-441,EGTGCTAMDQVFHVDCFTCIICNNKLRGQPF,1
Q9LQ08-156,KVISATTTTHSAIEECTSSLSSSAASTLSSS,0
A0A286YEY9-76,RRTCSSCGYSCGKGCCQQKCCCQKQCCC***,0
Q99MR8-58,GSITKVLIANRGEIACRVIRTAKKMGVQSVA,1
Q5GH67-95,SGGGGRGSGAGSAALCLRLGREQRRYSLWDC,1
Q9UQB3-857,WHPSIVKPYLTLLSECSNPDTLEGAAGALQN,1
P08249-89,RANVKGYLGPEQLPDCLKGCDVVVIPAGVPR,1
Q3TBT3-91,RYQGSYWKAVRACLGCPIHCMAMILLSSYFY,1
Q8TE57-1215,VPQHGMCSHKFYGKQCCKTCSKSNL******,0
Q9FLP6-102,LHQTGGGAKNGLKLFCF**************,0
Q700K0-468,CARQHIYVHWRKPGFCERLCPGGQLYSDCIS,0
Q9QXE0-134,QEAMGAFQEFPQVEACRLYTKFSARPSTIEL,1
P16109-807,LALLRKRFRQKDDGKCPLNPHSHLGTYGVFT,1
Q9JHI9-552,YFRFAQKTLGNQIFVCGPDEKEVTDENQPNT,1
A1L253-272,RRRRRRCLPPVSPYRCRQEAVLDMLFDDVWR,0
P04275-1097,DVCIYDTCSCESIGDCACFCDTIAAYAHVCA,0
Q5FW57-293,TLHHVPMPCDWNQWYCAPL************,0
Q9GKY1-310,PPGRWDPTARIPPPRCLPSRHKRPPLHLQKV,0
P17861-204,WILAVLTLQIQSLISCWAFWTTWTQSCSSNA,0
O14639-314,AGDKHYHPSCARCSRCNQMFTEGEEMYLQGS,0
Q8R5H1-812,TKEKLGAEDPWYCPNCKEHQQATKKLDLWSL,0
Q8VDQ8-148,ALAKELYPGQFKPTICHYFIRLLKEKGLLLR,1
Q9UPY5-327,LGNFSLAVPIFVALSCFGSMNGGVFAVSRLF,1
B3MKS0-60,PESLVAPLGDEVVLECETSLPPERFEWSYRR,0
P55264-105,QWLIQEPHKAATFFGCIGIDKFGEILKRKAA,1
Q9D6R2-127,LLLRKTFDLYANVRPCVSIEGYKTPYTDVNI,1
Q5ZLD4-120,YSHYISLPAGVLSMACCTLYGISWQFDPCCK,0
Q8BJU2-170,DWYPVLGENTVPDRCCMENSQGCGRNSTTPL,0
P23785-229,PDDSTCCELPTGKYGCCPMPNAICCSDHLHC,0
Q3UW55-61,NECTRHRQCPNKKRCCLFSCGKKCMDLRQDV,0
Q8H0T4-587,DAISDEVICSAEAITCIPQCLDALCLNNSGL,0
E9Q394-242,PDSWSSLSYEIPYGDCSVRHHRELDIYTLTS,0
Q9WUB3-581,VQVKRIHEYKRQLLNCLHIITLYNRIKREPN,1
Q8CGI1-743,PPSTTDGSISAPPSVCSDPDCEGHRCENGVY,0
Q8GY31-141,WEASGKPVCRCAEVPCKGDCA**********,0
P32098-155,ITITDKLFNRKYVNYCKLCYIDELMEEVISF,0
Q8L6Y3-67,CIERPPSISGNHSHLCTEKWFSDQKDYDQKE,0
P58196-200,MQRPFRCTCCCFCCPCARQELEVQCPPGVTI,0
A2AQR0-188,YWVGIKMYDLVAGSQCLKSSYVLSKSRALEH,1
O13987-886,ACGLSNASTFLCNAGCDVNKRDALGYTPLHY,0
A0A7H0DND7-268,GTIMVSEHFGLLFLVCFPSTQRDYY******,0
Q0V8B7-249,DAVPHGEMPRHMQLYCDRYLCDKVVPGNRVT,0
Q3TQ03-104,RSRDGEQETSLNTQGCTTEGDLLFAQKCKEL,0
Q15637-282,SSETRSITNTTVCTKCGGAGHIASDCKFQRP,1
B0BNL6-49,APLPFRAIRVTCMGSCGVSNKANDGAWVVEE,0
P16460-331,KFAELVYTGFWHSPECEFVRHCIQKSQERVE,1
Q8WVZ7-282,DIVRILTCKHFFHKNCIDPWILPHGTCPICK,0
P50396-317,CILSHPIKNTNDANSCQIIIPQNQVNRKSDI,1
Q6ZQF0-1445,ATHLFCDFNKLKPDDCRVFIAEATAQNMVCL,0
Q61361-791,CNYHLSYTCKMGLVSCGPPPQLPLAQIFGRP,0
Q14654-166,VQNIVGLMINAIMLGCIFMKTAQAHRRAETL,1
Q96Q40-14,**MGQELCAKTVQPGCSCYHCSEGGEAHSCR,0
P80315-252,GITRVEKAKIGLIQFCLSAPKTDMDNQIVVS,1
Q9R0H0-559,PKIQDRAVQAVLRNLCLLYSLYGISQKGGDF,1
P49962-48,HVDGNLCIKVTDDLVCLVYRTDQAQDVKKIE,1
O08576-420,PSMLGLCGSLASIPSCKSLASFKSNECLVSD,1
Q8CHR6-202,SAKIALFGAGPASISCASFLARLGYSNITIF,1
P97742-613,REGRTETVRSCTTESCNFVLAMMDPTTTAEQ,1
P24530-402,YLVSKRFKNCFKSCLCCWCQSFEEKQSLEEK,1
Q01279-362,DTLSINATNIKHFKYCTAISGDLHILPVAFK,1
O35854-27,RKLLPIPWRLCVPGRCVSSNFKAADLQVQVT,0
Q9Y219-889,SRGTPFPHGSSWVEDCNSCRCLDGRRDCSKV,0
Q9CQU5-222,EQEKLQRNQSYLQLLCSLQNKLVISEGKAED,1
Q99JB2-167,SLNANIVDAINQAADCWGIRCLRYEIKDIHV,1
Q9Z2I9-158,KQTGEKGRICNQVLVCERKYPRREYYFAITM,1
P29699-114,NCSVRQLTEHAVEGDCDFHILKQDGQFRVMH,1
P27105-30,LPDSFKDSPSKGLGPCGWILVAFSFLFTVIT,1
P00338-131,IFKFIIPNVVKYSPNCKLLIVSNPVDILTYV,1
Q61098-159,PNYEELIQDTWLYKNCKEISKTPRILKDAEF,0
M0QWE2-94,DAMGLKPSCLKGFKMCVSSSNNNHDEAPVLN,1
Q99L04-256,TDPNILNLSGKVLPSCDLARRYGLKDIDGRP,1
D3ZKB9-969,TKFLKNLDTGHPVFFCNDCASQIRTPSTYIS,0
P38647-608,ETKMEEFKDQLPADECNKLKEEISKMRALLA,1
P38060-170,QAAQAASISVRGYVSCALGCPYEGKVSPAKV,1
Q91ZQ1-359,LVSGLPTYVAENGFICNMLNAPADEYFTFQK,0
P04233-44,QLPMLGRRPGAPESKCSRGALYTGFSILVTL,1
Q95JA5-249,ADLLEDLPESRECVNCGSIQTPLWRRDGTGH,0
P53582-368,RSAQFEHTLLVTDTGCEILTRRLDSARPHFM,1
Q700K0-826,CAQEGVLLQWRNETLCSVPCPGGQVYQECAP,0
P39998-376,HLCQTGHIRVITLFTCSQNELQDSMVKKQTD,0
Q96RS0-3,*************MCCEKWSRVAEMFLFIEE,0
Q10452-175,PQNLLLDPENGILKLCDFGSAKILVAGEPNV,0
Q9D1Q6-318,KFRHPLLHIQKTPADCPVIAIDSFRHMYVFG,1
Q9EPC6-13,***MAGWQSYVDNLMCDGCCQEAAIVGYCDA,0
P00752-204,GGKDTCMGDSGGPLICNGMWQGITSWGHTPC,0
P15531-145,IGLWFHPEELVDYTSCAQNWIYE********,0
Q6AYQ8-97,VPEAAAMDYVAGYALCLDMTARDVQDECKKK,0
A2AJL3-193,WKATGVTARSLCSLVCKWTYSAEKGWDDSFW,1
P0C568-2125,INIRDTRSRTSILDYCCL*************,0
Q91XD4-57,PSTNRTVYTFVGQPECVVEGALHAARTASQL,1
P06795-430,KVKSGQTVALVGNSGCGKSTTVQLMQRLYDP,1
Q93083-15,*MDPNCSCATGGSCSCASSCKCKECKCTSCK,0
Q1PUD9-297,SIMRSDAPIGTCISECITPNGSIPNDKPFQN,0
F8WI14-444,TLDLSRVTPNLMGQLCGSGRVLSKHKQIPGL,1
Q8VDB8-189,VSFNHLKSIPPELGDCEHLERLDCSGNLDLM,0
Q9QYA2-76,AASGAAAASEDGSCGCLPNPGTFEECHRKCK,1
Q8R4P9-1400,GERGQNLSLGQRQLLCLARALLTDAKILCID,1
Q9H3V2-194,FISLPFSILGCHSEDCDCEQCC*********,0
G3X973-917,ICVAIDECGLDTRGGCHADALCSYVGPGQSR,0
P21783-188,GATCKQDINECSQNPCKNGGQCINEFGSYRC,0
Q9D2N4-587,TISRPIPMPIRSASACPTPTHTPQDSLTGVG,1
Q54CY2-1502,NDNDNSIQDISNIVNCNSGPESFYYRKVLKY,0
O60840-106,WKPFDILILLTIFANCVALGVYIPFPEDDSN,0
Q80XN0-115,DSLKSDRLRTIQLNVCNSEEVEKAVETIRSG,1
Q571F8-136,ESSSGGLLDRELFQKCVSSNIVLLTQAFRKK,1
Q99P86-89,YGCGSWDIRNGNTCHCQCSVMDWASARCCRM,0
O75152-8,********MPNQGEDCYFFFYSTCTKGDSCP,0
Q9NTG1-485,FIVSDRFSLFLNCTNCASRDFYKWSILSSSG,0
P11661-278,HPLTSNNSTIMTAMLCLGAITTLFTAICALT,0
G3X973-1282,EALREKCINCTRKFRCTQGFQLQDTPRKSCV,1
Q4V8B3-367,DQRCNCDCTNFLLQECNKQGLLSEASFASLV,0
Q69489-21,LGVMRPPRSCALIFLCAFSMATAPTNATAHR,0
Q9D7J9-183,DKSSFATPGVNVGLFCSTPAVALGRAVPRKV,1
Q9QYY9-23,IKCKAAIAWKTGSPLCIEEIEVSPPKACEVR,1
Q9XJ66-224,DNDDGSDVSLKLGLPCGAWK***********,0
Q01279-470,EISDGDVIISGNRNLCYANTINWKKLFGTPN,1
P07897-2026,VVMIWHERGEWNDVPCNYQLPFTCKKGTVAC,0
Q9R0Q7-58,GSDNFKHLNEIDLFHCIDPNDSKHKRTDRSI,1
P08032-473,ALLELWDKCQHQYRQCLDFHLFYRDSEQVDS,1
Q148V8-782,VAPGGAGTERRSLESCLLDLRDSFAQQLHQE,1
P27955-98,SIVYETADTILHSPGCVPCVREGNASKCWVP,0
Q5ND28-254,CSCPPGFHGIRCELPCNPGHYGAQCKESCGH,0
Q91ZA3-107,VDASSVHVKMADEAVCVGPAPTSKSYLNMDA,1
P60866-70,RMPTKTLRITTRKTPCGEGSKTWDRFQMRIH,1
E1C760-445,PHIPDHLRKEYGLENCPKKDESVKKDSCSLT,0
F8VV56-76,WEKIPSMSKNRVPDSCCINVTVGCGINFNEK,1
Q9ESG8-310,LQAKGRVFRNPYNYGCLDNWKVFLGVDTGRH,1
Q80ZG2-4,************MRRCPCRGSLSEAEAGALP,0
Q9EQC1-279,PYKSYEDFNMEFLSPCGLRLIGAHPLLPYWL,1
Q9URX4-475,FPDFTNPETTNYWTECLMNLSAAFGYNSSFP,0
P31230-159,DSKPIDASRLDLRIGCIVTAKKHPDADSLYV,1
Q9I8K8-192,VMSILLGGLPIIGWNCINNLDDCSAVLPLNT,0
Q8VHK5-350,KVSARLQAASWDPQSCPQERPAGEVVRGPLK,1
P32239-205,PVYTVVQPVGPRVLQCVHRWPSARVRQTWSV,0
P59667-287,PLPQVKTEKEDFIELCTPGVIKQEKLGPVYC,0
Q91X83-35,MFTSESVGEGHPDKICDQISDAVLDAHLKQD,1
P99025-62,YYVNDPPRIVLDKLECKGFRVLSMTGVGQTL,1
Q9LW83-377,LSSYDCYVKCLQNCSCVAYASTNGDGTGCEI,0
Q8K441-966,IIVSGRQKDYRFSAVCNTKRLHCFPILMNVI,1
P58283-624,FSCPNPRCRKETCRKCQGLWKEHNGLTCEEL,0
Q08E13-466,EETVSEPEPEGLSEACEDLELVEDNLGEGTI,0
Q7KZF4-96,PAREFLRKKLIGKEVCFTIENKTPQGREYGM,1
P16519-18,GGCVSQWKAAAGFLFCVMVFASAERPVFTNH,0
Q9QYX7-1017,TELNVGSQDPPNFNTCTECKNQVCNLCGFNP,0
P17427-330,LIIHHDSEPNLLVRACNQLGQFLQHRETNLR,1
Q2HJ89-56,PLEDVVIERYHIPRVCPREVQMGDFVRYHYN,0
P22314-632,SYSSSQDPPEKSIPICTLKNFPNAIEHTLQW,1
O76411-146,YCGKREKHCDLSKEKCHWTPDSDHDDLKFEV,0
Q9EQF6-22,SVRILIKGGKVVNDDCTHEADVYIESGIIQQ,1
O83467-198,EHCALKVAHDILGVRCSFHSSDGRILLRFID,0
Q9BYF1-141,IYSTGKVCNPDNPQECLLLEPGLNEIMANSL,1
P42892-435,VMYGTKKTCLPRWKFCVSDTENNLGFALGPM,1
Q9QXE0-415,EGANTMDIGRTMLQNCLPRHRLDAGSFGTMG,1
F5HET8-8,********MAPVHVLCCVSVLLATFYLTPTE,0
Q925N2-205,VNIPMMRQQELIQGICVKDRNQNELGHSQRA,1
P97742-304,EELKPIRLLGSTIPLCSAQWERLFNTSRIPG,1
F4JLS1-823,ERRVMNWHFAHTEYGCAAVLKEVSLPHWNQD,0
P0C5L0-49,QSFLGGGGPCCMYIGCGCG************,0
Q922Q1-211,PSESYLQNYEVAYPDCSPVHLISEASLVDLN,1
Q9D4B1-171,GRRFFFIMGTLYLYRCITMYVTTLPVPGMHF,0
Q54J66-633,VVTVNKTHNEYGQKVCKEISDAGFYCDIDDS,0
Q8LAS7-18,QCVDGIKHLCTSVLGCFDLDLYKQSGGLGDP,1
Q9QWR8-353,LVFFSRRTDMPFRFHCSLLELNYPKGRVYEG,1
Q921I1-177,RSPLEKAVSSFFSGSCVPCADPVAFPKLCQL,1
Q9UKG9-166,NTPLDMNQFRMLFSTCKVPGITRDSIMNYFR,1
P68254-25,AKLAEQAERYDDMATCMKAVTEQGAELSNEE,1
P53238-2,**************MCAKKLKYAAGDDFVRY,0
P30050-141,SGTIKEILGTAQSVGCNVDGRHPHDIIDDIN,1
P60900-47,INQGGLTSVAVRGKDCAVIVTQKKVPDKLLD,1
Q1EHB4-547,EDIQPLLIRPVCNLFCFWSKKYKTLCWCGVQ,0
P54868-166,DSGNTDIEGIDTTNACYGGTASLFNAANWME,1
Q8MMF9-118,KINRCRYEFRMETDYCSRIFAIFNCLRQEIL,0
P16070-53,KNGRYSISRTEAADLCKAFNSTLPTMAQMEK,1
Q6GM59-225,REPQLDSSCSPLCQDCSHKKLCYCTTKEYHF,0
Q91V08-80,ATKTEQIPVNKTYAACPQNWIGVENKCFYFS,1
Q8CIM3-102,IIPGRVITDPEQLQTCNVDWLKTVRGCSKVL,1
Q91X83-105,HIGYDDSAKGFDFKTCNVLVALEQQSPDIAQ,1
Q7Z7M0-2377,KCESCLQGYFLLDGKCTKCQCNGHADTCNEQ,0
Q8BGH2-65,VHFDGLGRTKDDIIICEIGEVFKAKNLIEVM,1
O70503-215,TIYSATKAFVDFFSQCLHEEYKSKGIFVQSV,1
F8WJ05-541,ADVRARGEKQEFRATCLVDEEEMKKLLRERG,1
Q9H0F5-229,TGQHIPACSTQQVPGCSVVFSGQHLPVCSVP,0
P48960-802,CLLNKKVREEYRKWACLVAGGSKYSEFTSTT,1
P36552-293,NQEDAVHFHRTLKEACDQHGPDIYPKFKKWC,1
P48318-38,LRPTTYDTWCGVAHGCTRKLGLKICGFLQRT,1
Q9WTP6-92,EMVVELIEKNLETPSCKNGFLLDGFPRTVRQ,1
Q91XD4-438,IKLPKNTPEERDRRACALQEGLRQAVAVPLK,1
P13639-591,VVSYRETVSEESNVLCLSKSPNKHNRLYMKA,1
Q6PDH4-223,IQLSTDPCISEAPSGCQPKEDKCSFTSCSSD,0
P02845-998,RAHKRDICLKMHHIGCQLCFSRRSRDASFIQ,0
C6KFA3-1014,SEFCWILNPVVFYVTCVAYFSIIFLMNVAMF,0
P01027-1537,QSQEKINLNVRLDKACEPGVDYVYKTELTNI,1
Q9DBW0-260,YLVFKEGRDHKRGLKCLHTFTNNVIAERVKE,1
P26660-2074,IWQGTFPINCYTEGQCVPKPAPNFKIAIWRV,0
Q24563-445,ICWLPFFVVNLLSGFCIECIEHEEIVSAIVT,0
P55088-13,***MSDGAAARRWGKCGHSCSRESIMVAFKG,0
Q8QZR5-29,NGLKGKVLTLDTMNPCVRRVEYAVRGPIVQR,1
Q5JR95-154,SSLLEEQFQQGKLLACIASRPGQCGRADGYV,1
Q8T2A1-399,GGNSDDQSDISYSIICNKHMNELNNEIKWRF,0
Q9DCN1-177,LGGNKESSQQPEVRLCQLNYPDVKGYLAQPE,1
Q62167-317,GGAEIGQQIRDLERGCHLLVATPGRLVDMME,1
Q80Y17-243,SVDNVFLGNQQLESLCWGRDGSSIISSHSDG,0
Q9CXY1-499,DQSEPEAQSQLLPDPC***************,0
P23804-317,KCTSCNEMNPPLPSHCKRCWTLRENWLPDDK,0
Q8BNJ3-165,AKILGKVGESLSRICCVRPPVERFTFVDENA,1
F7AI27-507,VEDLTEVERLEDLDTCMTLCCTSMTPKSKRK,1
P14209-154,AGAISSFIAYQKKKLCFKENAEQGEVDMESH,1
P32970-133,TTASRHHPTTLAVGICSPASRSISLLRLSFH,1
Q3UZP4-4,************MGLCFPCPAESAPPSPSPE,0
A2BDX3-154,RSAAAALRRLNSAVECVAYPRALAEDWALDL,1
Q10RK1-140,IYSAGIVPILYQQVKCWRYGGVRFIINGFNY,0
P11836-111,ISGSLLAATEKNSRKCLVKGKMIMNSLSLFA,1
F7C3A0-1102,PNAPEGPGPAGMAATCMKCVVGSCAGMDVEG,1
O55239-32,PRDYLEKYYSFGSRHCAENEILRHLLKNLFK,0
P0C9K2-50,SYWCTYVPQCDFCWDCQDGICKNKITGSRFI,0
P27925-321,NKTLIEELKALKDLYCHKSD***********,0
Q9HFE8-1818,LEDPMVKQAAYATIACFISAYDTPAKIVTPV,0
A6H750-410,CCVEDMLNLVELGNSCRTSGQTSVNAHSSRS,0
Q1LZD0-165,ATNCTEPGDAATNVSCCLIRCLFENVVPMSY,0
Q8R0Y6-152,ADDGLDTGDLLLQKECDVLPDDTVSTLYNRF,1
P60895-105,GTLTCKVIAFLGVLSCFHTAFMLFCISVTRY,0
P25444-182,RGYWGNKIGKPHTVPCKVTGRCGSVLVRLIP,1
O00471-641,MGGMLAICDVAEYRKCAKDFKIPMVLHLFDT,0
Q9JIA7-124,EENRAEAQRWATALTCLLRGVPLSGDQEITP,1
Q99873-240,SCIKDVAIKEPLVDVVDPKQLVTNACLIKEV,1
P40939-4,************MVACRAIGILSRFSAFRIL,0
Q6SW77-592,GQQIRIYTSLLDECACRDFILPNHYSKGTTV,0
P21333-1723,FDIFYTAPQPGKYVICVRFGGEHVPNSPFQV,1
P40237-174,TENEELMGFTKTTYPCSCEKIKEEDNQLIVK,1
A8K0R7-807,QEEDIVTVTDAEGRACGWAR***********,0
P40763-712,ADPGSAAPYLKTKFICVTPTTCSNTIDLPMS,1
O43439-543,GSFCQHKDWERHHRLCGQNLHGQSPHGQGRP,0
A0A8M2B5N2-186,SIFRIINPSEMVPEACCRRNNHVGESGFSNR,0
Q14344-18,DFLPSRSVLSVCFPGCLLTSGEAEQQRKSKE,1
P35448-777,NPAQYDYDRDDVGDRCDNCPYNHNPDQADTD,0
Q336T5-96,CGNEPIFKDGKGCGSCYQIRCVNHPACSGNP,0
Q9LPZ9-299,STKCDTYATCGQFASCRFNPGSTPPCMCIRG,0
Q9UT53-277,VWSDKDLHHILGKFGCCIVERTGSDVWAFLL,0
Q99L04-130,IWDDINNVGLRGHYLCSVYGARLMVPAGKGL,1
Q8K0S2-43,STVEHNKFCVDQPKPCTPGGEAAFHGNTQRE,0
O08573-101,RKMQMPFQKGMPFELCFLVQRSEFKVMVNKK,1
A5PKL1-799,SDGFYGNGETFVFTFCPEFEVFKWTGDNMFF,0
Q54QX2-293,HCQRPNPGSLCRNVTCPYGYVCKAINNLPTC,0
P04305-491,KKNRELYEKTLSSCLCGATKGCLTFFFGETA,0
E9PYI4-359,HERERATTVMAQVLKCLSSYLSLKLPLQFQR,1
Q921F4-133,HHKVSVSPVVHVRGLCESVVEADLVEALEKF,1
O01635-778,GLWMGVSVITIGEVACFFFEVFISLISSNRT,0
F1REV3-132,DNSKSVHHPGSPSFYCLQDIMRVCSETSAHF,0
P11716-3402,AEEGELLVRDEFSVLCRDLYALYPLLIRYVD,1
Q03555-4-212,PTTSPHKQTEDKGVQCEEEEEEKKDSGVAST,1
O75369-604,PSQAKIEYNDQNDGSCDVKYWPKEPGEYAVH,1
Q64374-262,SCCFGGKDYSEMYVTCARDGLNAEGLLRQPD,1
A0A7J6KC99-6759,SEDPISVLAAFPVQICSFENPYFLSGLILGG,0
O94856-5-1221,LMCAIALLVLILLIVCFIKRSRGGKYPVREK,1
O15015-1054,QGGESLLEAQPRPFRCNQCGKTYRHGGSLVN,1
Q9IA02-363,KLGVRTRGKPCSGVSCGGVHCHYKAPTVMLH,0
P01725-90,LTITGAQTEDEAIYFCALWYSNRWVFGGGTK,0
P62917-115,NVLPVGTMPEGTIVCCLEEKPGDRGKLARAS,1
P11976-740,TPINVDDNNACTEDKCTQNGGVTHTPIACDD,0
Q9LVX0-139,CMEDDLPSNVMTRMECGHRFCNDCWIGHFTV,0
Q8TEA1-415,EPQIGGEGMRGAGLSCEQLKQLQRFDPSAVP,1
Q66KH9-25,TGERERVEDLFEYEGCKVGRGTYGHVYKAKR,0
P55072-572,ANVREIFDKARQAAPCVLFFDELDSIAKARG,1
B0YIW6-50,LNSFSQPQVLLAAAVCTKAGKAIVSRQFVEM,1
Q8IUG1-134,CLPPCCVVSCTPPTCCQLHHAEASCCRPSYC,0
Q9Y2X9-882,DFSGYTNMMSDVSEPCSTRVKTPTSQSYR**,0
Q8VDZ4-237,TGKFRGGVNPFTNGCCNNVSRVLCSSPAPRY,1
Q52T38-401,HCSTCDRCVEQFDHHCPWVSNCVGKKNKWEF,1
P11716-2363,ENANVVVRLLIRKPECFGPALRGEGGSGLLA,1
Q9SCZ0-28,VLTIYMASPTESTIQCGTVTSTLAQCLTYLT,0
P19711-1618,GCQRVGISPDTHRVPCHISFGSRMPFRQEYN,0
P12025-67,GFREGTCGAQTQRVHCKVPCNWKKEFGADCK,0
P40017-590,RSSFINIQSQALLELCQLFISSSIDGTDKLD,0
Q8CBX0-566,ALLGTGMELMRLGSLCTYCTRLFLSKSEPER,1
Q8WWY8-246,PGCPKTILGGFQYFKCDHQRSVYLYLSSLRE,0
P22611-467,EYVGSTKIERGGAVGCVYNDELYVFGGTDTF,0
Q6DGU5-119,CIVFRRQCQVNYHARCYHLSPMTAISVMYNV,0
Q61694-68,KAKVRVLKGDILDAQCLKRACQGMSAVIHTA,1
P47914-119,LGKRARARIAKGLRLCRPKAKAKAKAKDQTK,1
P35700-173,RLVQAFQFTDKHGEVCPAGWKPGSDTIKPDV,1
P23574-281,LSRRMGYFTIQTYIPCILTVVLSWVSFWINK,0
G1JTE6-331,AAAAAIFVIIIFYVRCCKKKTSAAEGPELVS,1
E1U8D0-1620,SEDAVCDCSAQSLASCFIRPSRNTIRHSPSK,0
Q0NXR6-367,CSMAKLFATDECFAICNQALQMHGGYGYLKD,0
Q99L04-28,TGASRGIGRGIALQLCKAGATVYITGRHLDT,1
P40763-108,RYLEKPMEIARIVARCLWEESRLLQTAATAA,1
E9Q401-2271,LREPDLEKVVRYLAGCGLQSCQMLVSKGYPD,1
P78504-911,WCGPRPCLLHKGHSECPSGQSCIPILDDQCF,0
P51648-425,YHGKHSFDTFSHQRPCLLKSLKREGANKLRY,1
Q8BH24-64,SSRTQLPYEYYSLPFCQPIKITYKAENLGEV,1
P20659-3714,LTYDYKFPFEDEKIPCSCGSKRCRKYLN***,0
O88281-232,QHQCVQLTVTQHRCQCRPQYQLQEDGRRCVR,0
O60098-162,NEQKEFECTSTAITGCLLNYGATYNYDHTLF,0
Q54XM6-581,KELVRNSVFCLHCKTCDIKDPTQNIDFTVPE,0
Q6NWE1-428,AKIKMYPWQCMECKTCTVCQQPHHEEEMMFC,0
Q2TBP2-169,CCEYQVVGKDNNVVLCGWKGCTCTFKDRFKL,0
Q80UW2-180,QDDSVKKYFASSFEWCRKAQVIDLQAEGYWE,1
P0C2N5-458,KPAKPLLSKIKLRNHCKRLDQKSTSRKLEMG,0
Q8IPK4-13,***MNKQVIFGLLLACILVCISGQDEEDYQE,0
Q63744-95,SPHRKRSEDSDEEEPCAISGKWTFQRDSKRW,0
Q9LPL3-381,SRDARNIARDIDSLVCGRSSKNKLSK*****,0
Q8K5A4-200,AHPTLRLQGALHPARCSLM************,0
Q6H6E6-75,FPCPYCYEDHDITSLCAHLEDEHPFESKVVA,0
S4R197-18,DGPSNNASCFRRLTECFLSPSLTDEKVKAYL,1
P35221-461,GVKLVRMSASQLEALCPQVINAALALAAKPQ,1
Q92542-689,TVGFGILIFSLIVTYCINAKADVLFIAPREP,1
Q7TMF3-92,VDGSMVPPEWHRWLHCMTDDPPTTNPPTARK,1
Q6PD19-105,GEEHPIRVVNALQTLCALIRGVHQKNKSTSG,1
Q9JKV5-58,LWMFYCATLGVNLVACLAWWIAGGAGANFGL,0
P09285-67,RDGTPRDVCSVGQLTCRACATKPFRLNRDSQ,0
P36552-181,TVDRWERKEGGGGITCVLQDGRVFEKAGVSI,1
Q9P0L9-38,PAYSGPPSPHGTLRVCTISSTGPLQPQPKKP,1
P35505-315,SVSLKGEGMSQAATICRSNFKHMYWTMLQQL,1
Q0JC27-928,VRDLPCIVSSSGSSTCLQLAAHSS*******,0
E9PZD8-713,DHYTGGMKQKYTVNQCQRQFEDFTVYLGERT,1
Q2PPJ7-869,GCTNEAELSMGPWQTCEEDPELNTPTDVVAD,0
P37288-359,NPWIYMFFSGHLLQDCVQSFPCCQNMKEKFN,0
Q640P7-161,RRSRPQSPSPAERPSCHNKNWNDYSHQAFVC,0
Q8IZP1-318,IAFKVQQKRLTKTSRCGPWARFCNRFVDTWA,1
Q9CR09-116,ELDGKTAKMYRGGKICLTDHFKPLWARNVPK,1
Q9WU38-557,IIDFIWITIIKLVASCKGLRRRRPQAPYTGP,1
A8BIQ0-232,YNLYGITEVCSDRGICAGTRCVCDSGYNGPT,0
Q8L4Y2-4,************MEVCGDLKSDNLKNRPLTP,0
P59054-245,LRQSREDCGCHCDGVCDPETCSCSLAGIKCQ,0
P27708-1636,ILLIKAAKARGLPVTCEVAPHHLFLSHDDLE,1
Q01279-215,WGGGEENCQKLTKIICAQQCSHRCRGRSPSD,1
P22314-906,IPAIATTTAAVVGLVCLELYKVVQGHRQLDS,1
Q23541-1009,MLRDANTLEVIANNFCENPALDQLQSIWQSL,0
P22723-415,NATHLQERDEEYGYECLDGKDCASFFCCFED,1
O08688-495,TGEFLLRVFTDVPSNCRELRLDEPPRTCWSS,1
Q14126-871,KPATETSMNTASHSLCEQTMVNSENTYSSGS,1
Q91W98-30,AVSAASAVFAGRRAACGAVLLAELLERAAFY,1
Q923B6-289,TKYRRFPNWLDHWMLCRKQLGLVALGFAFLH,1
O70475-288,GGSCFQKDVLNLVYLCEALNLPEVARYWQQV,1
Q9VR38-454,PYKSLTELERLEAIYCDLLHRIHNSSRPLKL,0
Q02248-520,PLIKATVGLIRNLALCPANHAPLREQGAIPR,1
Q2V329-63,DPFLCVRSGPHKGMCCCLKTNGSVLE*****,0
P56537-110,RRVEERLSALGNVTTCNDYVALVHPDLDRET,1
Q8JHV6-992,RCEEGYVGDPVSGQPCEPCLCPDLNGSGRFF,0
Q54Y55-328,IDALCNWSKAPARNQCDKTSIDYLNIKCLKA,0
Q09825-373,HEPSIALTPNNAVAMCWSFQGSEGQLGISLS,0
Q9U4N3-573,ILGGDFLLASTVAVTCAKLILKTSDEVHAQL,0
P56640-42,KDAASGLIALTMKGCCSYPPCFATNPDCGRR,0
O55222-346,MTARISMADVKFSFQCPGRMYAPAWVAPEAL,1
Q99K67-240,GNVSKGAQEVFNELPCEYVEPHELREVSKTG,1
P12004-162,ICRDLSHIGDAVVISCAKDGVKFSASGELGN,1
P27228-103,LEKQCNKQLCHLLIRCITCQKPLCPVEKQRH,0
Q10589-20,SYDYCRVPMEDGDKRCKLLLGIGILVLLIIV,1
P53395-333,GLLQFPILNASVDENCQNITYKASHNIGIAM,1
A0A2R8Q3S9-83,TKRREFNSESCDVPKCPDEHECIKKLHILQK,0
Q5ZJ17-666,YGLRDLYRNNFEDLHCKFFQLEKLMQEQLPD,0
P50464-267,CEQHFHKLFGNLCFKCGDPCCGEVFQALQKT,0
P60468-39,ARAAGSTVRQRKNASCGTRSAGRTTSAGTGG,1
Q9UQP3-157,CSGHGTFSLETCSCHCEEGREGPACERLACP,0
Q9QXT0-164,IEFFSREADNVKDKLCSKRTDLCDHALHRSH,1
Q921I1-655,FKSTTKDLLFRDDTKCFVKLPEGTTPEKYLG,1
Q9Z2W0-445,LGSPQLAMHSIRETACTTGVLQTLTLFKGFF,1
Q9DBK0-540,NIGGWSKSIEEAAASCIKFIENATPDGLKSV,1
P09411-50,TNNQRIKAAVPSIKFCLDNGAKSVVLMSHLG,1
Q8BIJ7-87,ILTLARRATGNLSASCGSALRAAAGLGDGGG,1
Q5ND28-192,ATGTCVCPPGWWGRRCSFSCNCHTSPCMQDS,0
G5ECE3-1181,TTNAWDYHPLNGCKLCDCSDIGSDGGMCNTF,0
P04275-2291,QPCQICTCLSGRKVNCTTQPCPTAKAPTCGL,0
P50247-266,QAAMEGYEVTTMDEACKEGNIFVTTTGCVDI,1
Q9BWD1-88,ASVGAGIPYSVPAWSCQMICGSGLKAVCLAV,1
P27701-2-74,FIGVGAVTMLMGFLGCIGAVNEVRCLLGLLK,1
Q68FE7-530,DEEEAGPPPPYQDALCFPVLIVHRQEGCLGH,1
Q10283-680,CPVYHYDYSRVLNACCENVIGYMPLPLGVAG,0
Q8JZU2-262,RMQGLEAHKYRNTLDCGLKILKNEGPKAFYK,1
Q8VCH0-218,ALASQQKAASAQSRGCFHAEIVPVTTTVLND,1
Q7Z443-842,VIVCDMAVKRKWHFLCNCWLAVDLGDCELDR,0
Q9VT28-2658,KGPQQVQVPVLNVIHCMLHYVDLSAPQAQSI,0
Q61233-460,PPYPKLGGNMKKLENCNYAVDLGKNQAKFSL,1
Q9DC37-33,ADSAVHGAPRALSALCDPSRLAHRLVVLSLM,1
A8MRC7-24,YSSRSFVSRKWTILLCLGSFCVGMFFTNRMW,0
P05067-187,LPCGIDKFRGVEFVCCPLAEESDNVDSADAE,1
P78310-223,GTYSCTVRNRVGSDQCLLRLNVVPPSNKAGL,1
P48774-38,LLEFTDTSYEEKRYICGEAPDYDRSQWLDVK,1
Q14108-458,MALGVFFGLVFTWLACKGQGSMDEGTADERA,1
Q9DBG1-230,ALEAITYILFEKRIGCLKPSIPEDTAAFIRS,1
A2RT62-47,AASITKGTPAAKNRPCQPPPPPTLPPPSLAT,1
Q91WL5-84,DLQDILTRIKNFPSACPQWLWGSKVRIQVYD,1
E9Q8J6-97,SSGPATTTCRGRRRHCCSSAEAETQTSYTSV,1
P59111-45,ILANAQVAKGFPIVYCSDGFCELAGFARTEV,0
O14917-7,*********MYLSICCCFLLWAPALTLKNLN,0
B2BRG2-324,YIFSSHESCALNVHNCKWCQINNHYKVWEDF,0
B2S2A7-120,SPTAEESFTALVRGDCTSYKHFPLSLYQINA,0
Q63448-82,ADLPLEKERELNFLRCKRVFEYGFFNAEDML,0
P50516-240,HPLLTGQRVLDALFPCVQGGTTAIPGAFGCG,1
Q9WUA2-76,VLYKIDVPANRYDLLCLEGLARGLQVFKERI,1
P16863-260,DPFSATNDAVISGKECGSPKYAYFNGCSSPT,0
Q54TN4-137,SQHQQYGNTYYLDDECDSDDFIPGEVRSISK,0
P12318-241,TAVAAIVAAVVALIYCRKKRISANSTDPVKA,1
B3M3X7-356,IRSRYWKHLSAVVVGCISLFVFDICERGVQL,0
P05362-457,GESVTVTRDLEGTYLCRARSTQGEVTRKVTV,1
P48678-522,SPPTDLVWKAQNTWGCGSSLRTALINSTGEE,1
Q92974-86,CNVTIHNRCKDTLANCTKVKQKQQKAALLKN,0
Q8IY17-482,QEPREQPAGACEYSYCEDESATGGCPFGPYQ,0
Q19954-839,ISAADESVSVNIVSRCSLCAQIIINSNQETT,0
Q5SW19-755,DQKQLLKDAAAFLLSCQIPGLVKDCTEYAVL,1
Q8BMJ2-1095,SGHFSTKIDIRQGDSCESIIRRLMKTDRGIK,1
Q8CC86-463,AGQELRVWPRGTQEPCTVKPAQVEPLLRLYL,1
Q09573-328,FCNLCDKSLYLESVFCANVNNDEASAEDDVF,0
Q8R1B4-441,SENLHNFDQPLRVRGCILTLVERMDEEFTKI,1
Q1XI86-1263,LNDGKCDISPGQGAICRCRVGENWWYRGEHC,0
Q5T1H1-396,NNATCKKCEKDYPCSCISGFTEKNCEKAIDH,0
Q92832-725,THSCQQCRCLEGEVDCWPLTCPNLSCEYTAI,0
Q5E9M6-239,QSHVSWLCSKPFKVICIYISFYSTDYKLVQK,0
Q86BF9-110,RQSDGRNHTSNDGGQCVAQCFFEEMNMVDGN,0
P25445-199,IPLIVWVKRKEVQKTCRKHRKENQGSHESPT,1
D6REF3-97,IREYRQMVETELKLICCDILDVLDKHLIPAA,1
Q96N23-1177,YHNIVLVPVVQILIKCIVVLQGLPSIVCSKK,0
Q4VA93-50,KDHKFIARFFKQPTFCSHCTDFIWGFGKQGF,1
Q68801-657,EHRFNAACNWTRGERCNLEDRDRSEMYPLLH,0
Q9EPT5-586,YGLLIDSSCIRWNYLCSGRRGACAYYDNDAL,1
Q9D2N8-286,ATRATGDVLVFMDAHCECHPGWLEPLLSRIA,0
Q00436-256,EEDKENQGDETQSHACHLMRRYRRNFNYRRR,0
Q8VCB3-81,IGPYFEHNMKTQVEQCEPTNDAVRKAVDAMN,1
Q9R112-361,AAAVAAQSGILDRTMCLIMKNQRPIKKYDGY,1
Q99MX1-148,ETNSECFESPKESEMCMFRELSLLPSSSTFL,0
Q9ULH1-219,AEEMEKERRLFQLQMCEYLIKVNEIKTKKGV,1
Q9CZS1-181,DGEHFCFTRHEPVGVCGQIIPWNFPLVMQGW,1
P40438-590,CEEGDFEDWNLADGKCVNGAKYKYRRRKQDA,0
Q6P9F7-799,LLNTLPLPVTERLQTCLDKC***********,0
Q99MR8-591,NKSFRVLGDLSSEDGCTYLKSSINGVARKSK,1
Q6PDG5-486,DTYRLNPQEYLTSTACRRNLAGDVCAIMRVH,1
P28665-86,KNLFDELVLDKDLFQCVSFIIPRLSSSDEED,1
Q9CZ42-78,KKHKGQDGRIGIVGGCQEYTGAPYFAGISAL,1
Q9Z2V4-212,GCPLPLKKPLVNNWACNPELTLIAHLPDRRE,1
Q9UHF7-899,SLLRRRRGSGVFCANCLTTKTSLWRKNANGG,0
Q8C088-260,DINECAGELAPCAHHCVNSKGSFTCTCHPGF,0
Q91YQ5-478,SITKDPAAEARMKVACITEQVLTLVNKRLGL,1
P43119-311,RKAVFQRLKLWVCCLCLGPAHGDSQTPLSQL,1
Q5JSJ4-861,HHLHNNISHINSRSSC***************,0
P20918-543,KNYCRNPDGDVNGPWCYTTNPRKLYDYCDIP,1
Q91X72-255,NGTAHGNSTHPMHSRCSPDPGLTALLSDHRG,1
Q8BG16-642,VLAILPVPVVFIIRRCNLIDDSSGNLASVTY,1
P62910-91,KFLVHNVKELEVLLMCNKSYCAEIAHNVSSK,1
Q9JLJ2-74,KAAFKLWSKKSGLERCQVLLEAARIIKERKD,1
P49744-319,PTRRCDSSPCFRGVRCTDTRDGFQCGPCPDG,0
P92127-221,QCTSCETGKYLKSNQCVEKNTCNTNHYPDDT,0
Q6Z1G7-314,TLEEGFPQHGVGAEICMSVVEDSFEYLDAPV,0
Q00519-457,VLFKPGTTEVQELSLCFGGMADRTVSALKTT,1
P24549-186,FPMLMFIWKIGPALSCGNTVVVKPAEQTPLT,1
Q9QYY9-45,SPPKACEVRIQVIATCVCPTDINATDPKKKA,1
O08858-319,GFLSDNFRQSFRKALCLRRGYGVEDADAIEP,1
P20701-998,PITHQWSVQMEPPVPCHYEDLERLPDAAEPC,0
Q4PJX1-274,LLLNSDHRSTATVQICSGSVNLRGNVKCRAY,1
E9Q0U7-269,KDVSGKMNRSQFEELCAELLQKIEVPLHSLM,1
O88587-200,HWKDRYLPDTLLLEECGLLRKGTVLLADNVI,1
Q925N2-18,GDLSGFNIDAPRWDQCTFLGRVKHFFNITDP,1
Q8BHE5-395,WSEWIISPKSFDAFYCSGACQFPMPKSLKPS,0
P21926-153,PQRETLKAIHYALNCCGLAGGVEQFISDICP,1
P08122-1653,PGSCLEDFRATPFIECNGGRGTCHYFANKYS,1
Q8VCN5-136,RRVASEFGLKISFVDCSKTKLLEAAITPQTK,1
Q9DBS4-149,ATFDLDNQEFVIDMPCENAHKMYIGNAMHGN,0
P58951-347,MDQETERRVTEFTLFCSHRRLKVCHLGLLDI,0
A0A024RE22-46,KWQRPRLSRQALMRCCLVKWILSSTAPQGSD,1
Q91YQ5-546,IAVLQSRLKTEGSDLCDRVSEMQKLDAQVKE,1
Q9HCU0-284,RSCEDPCAQAPCEQQCEPGGPQGYSCHCRLG,0
O21047-290,FPDLCEYYFPIIGGICLISILYTGIATLTQL,0
Q3UEG6-316,FLKEAFALVRERGGVCIADEVQTGFGRLGSH,1
Q8MVS5-553,LCLEASGDAQVTVNKCHEMLGDQQWRHTRNA,0
Q8JSD9-292,EECSCYPDTSKVMCVCRDNWHGSNRPWVSFD,0
Q8C4G9-390,HCKMTNLQAAQGHVSCLSPATPCCAKMHCEQ,1
Q7TPR4-41,DPAWEKQQRKTFTAWCNSHLRKAGTQIENIE,1
Q9D1D4-43,SVLGISFHLPVNSRKCLREEIHKDLLVTGAY,1
P10518-203,GNRVSVMSYSAKFASCFYGPFRDAAQSSPAF,1
P0C6X7-2436,FCKTHNWNCLNCDTFCTGSTFISDEVARDLS,0
Q60930-228,DFDTSVNLAWTSGTNCTRFGIAAKYQLDPTA,1
Q8K3W0-34,SSVVRNGKVGLDATNCLRITDLKSGCTSLTP,1
Q8K2F0-100,IKKRLENNYYWSASECMQDFNTMFTNCYIYN,0
O08914-437,LKPLFPRLAAFLNSMCPRSAEKLWELQHEIE,1
Q9DBI2-198,NHRFISQLMCDYVFKCMACESGVEVFELLDH,0
Q9DC61-87,DNGLRVASQNKFGQFCTVGILINSGSRYEAK,1
P52482-131,RTRIYHCNINSQGVICLDILKDNWSPALTIS,1
Q9UI46-524,DYMFLVGTEEGKIYKCSKSYSSQFLDTYDAH,0
A6QR20-789,LKKKSEGELSCSKENCPSLVTKINFHKTNLK,0
Q01705-292,NTYNCRCPPEWTGQYCTEDVDECQLMPNACQ,0
O46385-1626,FDYENCDINPLDPGECNPLIPRKGQGRPDWA,0
Q7TNL4-143,RMVKKMKKRICLVLDCLCAHDFSDKTADLIN,0
Q00918-869,ASQVIAPTQVTEINECTVNPDICGAGHCINL,0
Q924U5-443,FDLDAPGPGTVSLADCQEPLAPSSRRWRSLP,0
Q9Z2I0-329,ELTLDNLTRPQLVALCKLLELQSIGTNNFLR,1
Q8K3J1-119,RRYPSGEERCIACKLCEAICPAQAITIEAEP,1
Q3E7K7-186,LSACPVLEELTIIGGCWQHIEFCRTVSSSTL,0
Q91VI7-382,LRELWLGDCDVTNSGCSSLANVLLANRSLRE,1
P33267-180,FDPVFILSRSVSNIICSVVFGSRFDYDDERL,1
Q9JLR5-184,CSDLDSTTAITTGQRCKDAELGSQDSVAAES,0
Q9CPY7-376,DNTDAEGRLILADALCYAHTFNPKVIINAAT,1
O95477-23,RLLLWKNLTFRRRQTCQLLLEVAWPLFIFLI,1
Q80X95-109,VESRELEKDMHYYQSCLEAILQNSPDAKIFC,1
P04388-147,EAQNTSRNLMIPYIECSAKLRVNVDQAFHEL,1
Q8CG19-1350,EEKKECYYNLNDASLCDNVLAPNVTKQECCC,0
Q05421-174,KKTKGQPFDPTFLIGCAPCNVIADILFNKRF,1
Q68F35-264,IVWFVVCPRMKRKIECEFKSSPSESPLMDKK,0
Q54FF3-772,GASNGNGNGDLTWRKCTFKFDQFTKVSTLFN,0
Q84JI0-180,VASSRGSVAPAPTCRCEMQLPKCDHVGSTAV,0
Q8C7H1-97,FVDRLYTGLVKGQRACLAEAITLVESTHTRK,1
Q8BNA6-3831,RRPFLCQCPPGKLGECSGHTSLSFAGNSYIK,0
P20274-51,AFAHQGLWRYCLGTKCYLQTESIAYWNATRA,0
O88448-374,PDDPNVAKTKNNLASCYLKQGKYQDAETLYK,1
Q3TIR3-122,QSPDMDVLLESLKCLCNLVLSSPTAQMLAAE,1
Q2VLH6-625,HWDMEDAHVLCQQLKCGVAQSIPEGAHFGKG,1
P11214-105,NGGTCQQALYFSDFVCQCPDGFVGKRCDIDT,0
Q8BP67-36,YARTDGKVFQFLNAKCESAFLSKRNPRQINW,1
P53037-719,TNFKRIWTCPRCMRSCKPTRNARRSKLVLEN,0
P60033-97,GAIQESQCLLGTFFTCLVILFACEVAAGIWG,1
Q8CIP5-326,TTQADTDRTLALLRFCATFYHRGVLVPACVG,1
Q9NAA5-594,RLNPLQVYGKYCKKVCGESEIGNTFPDFSLN,0
P37040-363,LNNLDEESNKKHPFPCPTTYRTALTYYLDIT,1
Q66WT5-226,DGRTHKKSETLPELPCPDECKCCFPTVSTIP,0
F5H5A3-520,NELHETSMEQLFPRRCTWLYVMNNCLLSISG,1
P35440-549,YGGKPCVGDTKQHDMCNKRDCPIDGCLSNPC,0
P32492-1113,ESGNPDLLELLMDLNCYTLEVTEGYLKKVNV,0
Q5F2F2-169,IPNAWGRLTRNVLGLCLLALERGYYPVIFHR,1
Q8R0I4-168,LLYSFFLGCFGVDRFCLGHTGTAVGKLLTLG,1
B8JI71-1284,CQNQAVCQDLVNGFQCSCVPGYFGPHCNLDV,0
E9Q7S6-381,GQGGKIRHFVSLKKLCCTTDSNKQIHRIHRD,0
O08576-76,FAAILEQILSHRFKACAPAGPASWFSSDGQR,1
Q94AA4-284,FIAMYATLASRDVDCCLIPESPFYLEGEGGL,0
Q75DV9-193,QDYFIDTGIPTATEGCKSNALMRCCKDLGIG,0
Q12520-115,SLKHVDYLTYMLAKSCKMIPVLLVHLLLYRT,0
Q6P2Q9-2216,ADNPSWDGEKTIIITCSFTPGSCTLTAYKLT,1
Q3E739-7,*********MSFSVSCKTPKTTKLLVSSISE,0
Q9VN14-779,ESEVYAVYNGNTTIVCDPEAAPRPKFQWKKD,0
P59817-399,KDHHKPGEMPYVCQVCHYRSSVFADVETHFR,0
Q9WV32-26,ISCHAWNKDRTQIAICPNNHEVHIYEKSGAK,1
P58735-180,SATTLIIGLQDCRRDCYAIRVATALTLMAGL,1
P14672-223,LTVLPALLQLVLLPFCPESPRYLYIIQNLEG,1
P62855-23,NGRAKKGRGHVQPIRCTNCARCVPKDKAIKK,1
Q91ZX7-2661,SSYFRLGVKGVLFQPCERTSLCYAPSWVCDG,1
O49320-98,KPDNKYRRGCSAATGCYRFTN**********,0
Q3TF84-156,GLVVCRVTGLHQQPLCTSVNTIYDNAVQGLR,1
P21333-2582,LSKAYVGQKSSFTVDCSKAGNNMLLVGVHGP,1
Q9CXF0-245,LFNIPAITKAGHAKGCFVGFDLAHAVGNVEL,1
Q9H2U9-424,KLDEGEECDCGPAQECTNPCCDAHTCVLKPG,0
Q6ZNB6-354,SRQKCVCGKKVAERSCASPLWHCDQVCGKTL,1
Q65156-272,DINLAVWREVFIMQECSDLVINGIAPCFPIF,0
P28843-545,KSKKYPLLLDVYAGPCSQKADASFRLNWATY,1
Q7KZF4-736,HPPVEGSYAPRRGEFCIAKFVDGEWYRARVE,1
P36149-80,CRLIEDFLARTALPRCENLVKTSEVLSKCAF,1
O00299-223,RYLSNAYAREEFASTCPDDEEIELAYEQVAK,1
Q96J66-699,KTVVLVTHQLQYLEFCGQIILLENGKICENG,0
Q6ZWJ8-192,NCLESCTPPGECCPICRPGCDYEGQLYEEGV,0
P97333-875,TIIAMSALGVLLGAVCGVVLYCACWHNGMSE,1
O55222-422,EGLRPTIPPGISPHVCKLMKICMNEDPAKRP,1
O88703-63,SHPESADEPGPRARLCSRDSACTPGAAKGGA,1
Q89905-428,KVQKFRGSEQRINFMCQRVDQDVVVYCNGQK,0
P19438-248,MYRYQRWKSKLYSIVCGKSTPEKEGELEGTT,1
Q9UGR2-494,VGSYYLCKDMINKQDCKYGDNCTFAYHQEEI,0
Q7T3Q2-526,PFGFQTDIHGCDVCQCRPRHKKCKAVACAKD,0
P62908-119,SLRYKLLGGLAVRRACYGVLRFIMESGAKGC,1
A7YWH9-577,EDPHEWPDDITKWPICTKSSAGNHTNHPHMD,0
D3YTT4-364,CSMAKLFATEECFAICNQALQMHGGYGYLKD,0
O35728-253,IIYNMSSDGRLSHHACQIAHEHTDGVIKMRK,1
Q9WV91-169,PPGLSLREGEPFELRCIASTTSPLHTHLALR,1
Q99LB7-498,NMRRDPLHEELLGQGCVFQERQGWERPGWFN,1
O35678-201,RNKSEVDLYNSDPLVCRAGLKVCFGIQLLNA,1
P22892-160,LLKTSNSYLRKKAALCAVHVIRKVPELMEMF,1
Q49A88-390,PTQSQPAFLATNEEKCAREQIREATSERKDL,0
G5E8H9-276,DLSLVTDCMEHALTACHPRTRYSAGWDAKLF,1
Q8BGU5-39,ESYRPDTDLSREDTGCNLQHISDRENIDDLN,1
Q9D819-274,AKAIVDALPPPCESACSLPTDVDKWFHQQKN,1
Q9BZ67-176,YPCDVEDCEALGALVCRVQLGPYQPGRPAAC,0
P41238-96,SCSITWFLSWSPCWECSQAIREFLSRHPGVT,0
P13727-89,VESISVPDMVDKNLTCPEEEDTVKVVGIPGC,0
Q8R127-218,GFGDKGSLRKLRSVSCLKPVPIVGTKLKRRW,1
P17364-115,TQSEDKICTIDVKARCNHLTKPEVTVQKEAY,0
Q9QJ36-461,ETCLDLEDCVNICQGCQISQNVRCI******,0
P68404-86,CFVVHKRCHEFVTFSCPGADKGPASDDPRSK,1
Q99KG5-113,AQLAAGNPGYNPYVECQDSVRTVRVVATKQG,1
Q9UL62-181,VTIPRPHQIRCNCVECVSSSEVDSLRHSRSR,1
Q9SVA0-349,WCAEITIERHDIYEICGKTEWFDVVLRVPKS,0
Q8NHU3-348,FSWPLSWPPGCFKSSCKKYSRVQKIGEDNEK,1
F6RSH1-398,ESALDYRLDPQLQLHCSDEIANLCAEEAAAQ,1
P63038-237,GYISPYFINTSKGQKCEFQDAYVLLSEKKIS,1
P10605-319,WGDNGFFKILRGENHCGIESEIVAGIPRTDQ,1
Q80WJ7-75,GLLLLFLLGYGWAAACAGARKKRRSPPRKRE,1
P30999-533,PRHIEWESVLTNTAGCLRNVSSERSEARRKL,1
Q3ULJ0-216,LCGALKNIVAVGAGFCDGLRCGDNTKAAVIR,1
P31040-305,LEFVQFHPTGIYGAGCLITEGCRGEGGILIN,1
P08559-41,ASRNFANDATFEIKKCDLHRLEEGPPVTTVL,1
Q60934-123,FGPSHSSSVSAVQSICNALEVPHIQTRWKHP,0
Q9CQR2-56,RTTGRFNGQFKTYGICGAIRRMGESDDSILR,1
P03385-172,RPRESKSCGGPDSFYCAYWGCETTGRAYWKP,0
Q8BWT1-382,HELRRRGGKYAVGSACIGGGQGIALIIQNTA,1
Q9CXT8-389,VADMLHVVQNEWKRLCTDVTESEVARAKNLL,1
P28359-113,VPTCSFTANIKEESNCCMYSDKRNKLISAEV,0
Q9JJY3-395,FEYILYDVGVYGCHGCCNFKCLNSGLFFASR,1
Q5Y5T1-145,KCQLIKPDRAHHCSACDRCVLKMDHHCPWVN,0
Q8K0L9-120,DVTVRIHGSMLRAHRCVLAAGSPFFQDKLLL,0
Q9TUQ3-776,ETCTLPGSAEKACGACPLWEKCDAQSSKCVC,0
Q8VHS2-1222,GVNCEVDVDNCKSHQCANGATCVPEAHGYSC,0
P13797-167,NTDDLFKAVGDGIVLCKMINLSVPDTIDERA,1
Q9P6S2-80,NTFNNTNEHMYLQPICNRIFLMTSIIDIASF,0
Q700K0-1915,GQPHRCRPNPECAVDCGWSSWSPWAECLGPC,0
Q9BWX1-179,CEDLSQQSVENIQSPCCSQAIYHRKCIQKYA,0
Q8TF72-413,RERPSSWSSLDQKRLCRPQANSLGSLKSPFI,1
P62746-16,MAAIRKKLVVVGDGACGKTCLLIVFSKDEFP,1
Q12852-403,EEVKLHFEKIKSEGTCLHRLEEELVMRRREE,1
O88427-1262,KEDAAEFDDDIEDSCCFRLHKVLEPYAPQWC,1
Q9BTU6-124,EFEAVVRQAELAIERCIFPERIYQGSSGSYF,1
Q61646-207,KLKQRVLVTERVMPICLPSKDYIAPGRVGYV,1
P56528-86,LIYTQILRPEMRDQNCQEILSTFKGAFVSKN,1
H3BN76-30,FSCPAAGQGKLAGGFCPMQRFLERGGAGCRA,1
D3YZC1-31,LSVLNCGLGITTRGLCSQPVSVKERIDNKRH,1
P04114-1662,IGQDGISTSATTNLKCSLLVLENELNAELGL,1
D3Z223-145,HPYFHEIYSDRRYKVCDVPLDQLPRSESLKD,1
O75679-79,INSLQKEPHGEDLLCCCCSMVSQRNKIRPNR,0
P25446-194,LIPLVFIYRKYRKRKCWKRRQDDPESRTSSR,1
P06909-267,TGSGWSSQPFCEEKRCSPPYILNGIYTPHRI,1
F4IVU1-263,KRLDKTVWNLLNFYACAKYHIKCSRGYIQRR,0
Q69ZM6-387,GEAPRTSRENHINLECEQGFPEPRPEAMGRQ,0
Q5GH67-523,AFFHPNGPRFGQSPSCACDDPATAFSLPPEV,1
Q556Z0-200,SFFKKVFIQIGHRDTCEWDKSQTFTETDGFE,0
Q5TZJ5-1093,ARRSKLVHEEPRNPNCQGSCKNQRPMFPPIH,0
Q6A4L1-63,WEPVLFGTWDGVFTSCMINIFGVVLFLRTGW,0
Q89273-1405,KDGVMDQVLAKHLYKCWSVANSGKALHHIYA,0
Q8SX81-456,KKNESSSCHTRLIECCIKRDQIEHEMQQDDF,0
Q8R081-401,LDQSKMNCDRVFNVFCLYGNVEKVKFMKSKP,1
O57476-341,ISRMDPTEAKYHMQRCIDSGLWVPNAKAAAE,0
E9QKI2-247,GGGGLDGAGGELKRLCFQDAGGGAGGPAGGA,1
Q10180-199,KLLLQSELCNQDSYDCPGYICVYRFEQKNNP,0
Q61316-245,TLGGRKFDEVLVNHFCEEFGKKYKLDIKSKI,1
F4JRP8-66,NNGISLQFVEHADDACKAAADAPVGLIPFGS,0
Q03783-36,STIVYNITLMFSTLRCALKILAQIKKRLQQT,0
P62717-64,SQLKKMKKSSGEIVYCGQVFEKSPLRVKNFG,1
Q80VL1-109,GDERVLLISGFPVQVCKAKAAIHQILTENTP,1
C0HL13-3859,LFECKNHVCVQPSWKCDGDNDCGDGSDEELH,0
P23945-644,FTKNFRRDFFILLSKCGCYEMQAQIYRTETS,1
Q66GP9-107,KEEIIARKVVDTSVSCCYGCGAPLQTSDVDS,1
Q9LMZ9-162,SDAAGFITVRFMIGFCLATFVSCQYWMSTMF,0
B2RXS4-313,FSRDGRSTGGPGAGLCVFPLDKVREKIEANR,1
Q80TL1-911,KEFYTESDVNKEGLECLRLLNEIIADFDDLL,1
Q9FL28-831,AALLLVLLLVLILTCCKKKEKKIENSSESSL,1
Q8N6F7-43,KQRTSRCWDHHIAEGCFCLPWKKILIFEKRQ,1
Q9D0I9-502,TEEELKAAQTSVAYGCIKYADLSHNRLNDYI,1
P0C6Y5-1268,GYCVDGMGIKPLKKRCYTSTLFINANVMTRA,0
Q9WUM4-39,YDDIRVSRVTWDSSFCAVNPRFVAIIIEASG,1
P0C6V0-4436,KDPVSYVLTHDVCQVCGFWRDGSCSCVGTGS,0
Q91V76-154,ACLLEKYSQKYHDFGCALLANLFASEGQPGK,1
O17657-100,CKSMLKKCRACRFESCVKTAGMKRSLVRRKK,0
Q5XF20-129,SKLVRRYEEANEPVSCLINNPFIPWVCHVAE,0
P16602-133,SDEIFALLSRFFNMICDIHRKYGCGNMFVGI,0
P51410-134,GEKYIRRVRMRTGVACSVSQAQKDELILEGN,1
O35927-664,EIRELVTGVLWNLSSCDALKMPIIQDALAVL,1
Q922G2-104,TNSEKKYGPPYSCEQCKQQCAFDRKDDRKKV,0
O35927-932,PILVELLRIDNDRVVCAVATALRNMALDVRN,1
O81416-250,DKYRGTYSAGLKPDVCPFYCSYSGYQDELLW,0
E9QN92-178,HRQSNAEYLASLFPACTVVKAFNVISAWALQ,1
P18688-551,NKMIVEMLRTDLSYLCSRWRMTGQPTITFPI,1
Q6PFE7-206,FNPVCASDGSSYNNPCFVREASCIKQEQIDI,0
P04020-57,KQDAQPLTQHYQILTCCCGCDSNVRLVVECT,0
Q9WU81-366,AGLISDYTNSRATTCCIMLILAAPMMFLYNY,0
Q54S02-165,TPIINEFYGNEENRTCKHCNHISQKPTVNDY,0
Q9LFV5-131,LARVPPFMIFRIRSVCKKWNLILQDNSFLKF,0
Q6U7R4-310,LFLAFLLRGKVTGANCLQRHKRPDNTEDSDS,1
O88569-50,ESLRNYYEQWGKLTDCVVMRDPASKRSRGFG,1
P07722-430,ILLESHCAAARDTVQCLCVVKSNPEPSVAFE,1
Q9C5X4-615,RPVRVDWKDLDKCNVCHMDEEYENNLFLQCD,0
O00220-188,DEEERSPCTTTRNTACQCKPGTFRNDNSAEM,1
P04186-612,TEGTTRALRLPQTATCKQHKEQLLPVKDVKA,1
O70228-758,YEFMELACQCPAVVCCRCAPTQKAQIVRLLQ,0
A1A697-520,SNIDFGDPTRKHVMHCRFKHAPSLPWSAIMI,0
Q6P4U0-1082,HWSPCKINNELRSPRCGRGTQSRRIRCVSTA,0
Q4UH15-224,NSTDLTSDVDAPTSSCGNCYLGDAFRCESCP,0
Q66K08-467,ENCCGISRTEEREIQCSGYTLPTKVAVECSC,0
Q8IZQ1-690,KVNQNQVFELLHTVFCTLTAAMRYEPANSHF,0
P13233-256,FGKRPPGVLHCTTKFCDYGKATGAEEYAQQD,0
O14125-149,TMACLKEFVDSGDIRCIGLCEPSVEEIKRAH,0
Q9DCU9-296,GLKKTMDWFGYYGGPCRAPLQELSPTEEEAL,1
P54824-384,QEHRNRVFHDFRNGLCRNLVCTDLFTRGIDI,0
Q9BEA0-913,YVCQCSEGYRGDGIHCLDINECQLGMHTCGE,0
P63017-603,EKEEFEHQQKELEKVCNPIITKLYQSAGGMP,1
O16099-589,ISSSALTLSAHEGLICKLLDA**********,0
Q20059-4,************MSSCVNTSQTGPKKKISFI,0
Q99460-806,LNKDLKMPKVQYKSNCKPSTFAYPAPLEVPK,1
P10966-194,GVLVLLVSLGVAIHLCCRRRRARLRFMKQFY,1
P14148-208,DNSLIARSLGKFGIICMEDLIHEIYTVGKRF,1
Q8VCZ9-205,RLAEAMDSGRNLQLSCLSTEQNQHLQASLSR,1
P14618-474,TARQAHLYRGIFPVLCKDPVQEAWAEDVDLR,1
Q7Y219-92,PLNAIAHFGQRRFDVCFLLHVHSIEGLPLNL,0
P51167-377,VDVKNLFQSEYTEQVCVRSCFQAAMVARCGC,0
Q550W1-244,NEIIVASLSLPCLITCFFNIKNVVQHLQAKQ,0
Q9TU53-415,PCLNGQCIETVSGYLCKCESGWAGINCTENI,0
P53702-70,HTVPAHQDRAYDYVECPVTGARAKDKESLDP,1
Q2V3K7-79,RRKKPVRSCQRFICRCAIRDVGY********,0
P53894-612,LGAIMYECLIGWPPFCSETPQETYRKIMNFE,0
Q9SYS7-219,LMQCTPDITSQDCKTCLGECVTLFKEQVWGR,0
Q8R480-51,ETSFNQTGKSEKVPSCPFIYIIRKDVDVYSQ,1
P35563-383,AHRPPATFQANKTDDCSAMGNHCSHVGSPQD,0
Q9XYB7-164,KLINKANEKSKDRCTCKCQCGFYPITQRLTA,0
P10605-93,IDLPETFDAREQWSNCPTIGQIRDQGSCGSC,1
Q5ZL98-156,GLKKKVSEKCRKKNTCPYCGAFNGTVKKCGL,0
P0C6Y4-4121,YLNRVRGSSAARLEPCNGTDTQHVYRAFDIY,0
P51863-335,KLKEQECRNIVWIAECIAQRHRAKIDNYIPI,1
A2AS89-159,CLLIREAYQNVLAAGCIPLTLGGDQTITYPI,1
P26006-94,AVPDGYTNRTGAVYLCPLTAHKDDCERMNIT,1
Q61655-392,RFREGKEKVLVTTNVCARGIDVEQVSVVINF,1
Q9JHS1-619,STIFFDAGSKGSLPPCCGQASTPLSSMGGRS,0
Q9D2P8-65,GCFYQKKEEDWICCACQKTSRRATSPQRPKH,1
Q4LDG0-321,LSHERVIQVSNVLSFCGCRADDVVYDVLPLY,1
P16320-578,KIAAEEEALNCNSVNCRPNPYFLPELMPPLI,0
Q6IND4-533,SEHCPVLAEFYMDRDCNKKEMATKANGMTVE,0
O17240-213,WSAATFSAIVYMTIPCFPIYGVIVFFRHKTL,0
Q6PF96-187,RGLELHAKVTVFAEGCHGHLAKQLYKKFDLR,1
Q2TBF2-261,ALPVTAAMLNMSVDKCVDFCTEKEYPLAALA,0
Q9VJ38-52,HLLGLQKPIYHPMNDCGDHVVLINTREIALP,0
O11453-189,LLSFHKVNLDNQITYCMTCGIEQINKDENFC,0
Q04759-14,**MSPFLRIGLSNFDCGSCQSCQGEAVNPYC,0
H3BPJ0-85,EKTLTELNKCCGLCVCPCNRLTPTEIVLILP,0
Q14767-1743,GFEGLQAEECGILNGCENGRCVRVREGYTCD,0
Q02413-77,EDNSKRNPIAKIHSDCAANQQVTYRISGVGI,1
Q0DN94-83,LQQQCCMQLQGMMPQCHCGTSCQMMQSMQQV,0
Q96EP0-702,DRAFLRRLLAQECAVCGWALPHNRMQALTSC,1
P78380-36,GKKAKGLQFLYSPWWCLAAATLGVLCLGLVV,1
Q7TNF9-138,TPLSWQEPEGERASFCMHKRSASWGSTDHRK,0
Q94CH5-323,HEKNGCCCMLTAIVPCSNPDKYVFYDFAHPS,0
Q8IZ81-98,INPEKDASFKICMKMCLLQITGYKQLYLDVE,1
Q60700-127,LQCQSGSGFLEGLFGCLRPVWTMIGKAYSTE,1
Q8BGY2-38,SALRKNGFVVLKGRPCKIVEMSTSKTGKHGH,1
P32770-604,TCTYHNFAKNVVCLRCGGPKSISGDASETNH,0
Q8V0N6-350,NSNPDQKCITALASICQMFCFWRGDLVFDFQ,0
Q791V5-56,RNIFGRQVCQLPGLFCYAQHIASIDGRRGLF,0
Q9JLI8-487,SCLIMQSWARVEARLCNNMQKARELWDSIMT,1
P30224-65,CKNQCINLEKARHGSCNYVFPAHKCICYFPC,0
Q8K0W3-239,TAPSGGQWGGESEGSCYQTFRQYCGAACTCH,1
P97384-382,ENRLGTDESKFNAILCSRSRAHLVAVFNEYQ,1
Q99JW4-300,LTLKNKFVEFDMKPVCKKCYEKFPLELKKRL,1
Q8BJ64-244,WMDMTVHQGKRWSTACAYLHPVLSRPNLRAE,1
Q9DE46-1280,TDEEKYRDCERFKFFCPKCGTENIYDNVFDG,0
Q86SJ6-505,INDYCPNIFPERRTICIDSPSVLISVNEHSY,0
P41233-1281,LPARRNRRAFGDKQSCLHPFTEDDAVDPNDS,1
Q9GYL2-649,PWTCFGEAILEKMEMCISDRKEPSTGFFFLP,0
O88799-5163,MTCPANTVYQRCMTPCPASCAKFVTPKVCEG,0
P60174-2-104,ARQKLDPKIAVAAQNCYKVTNGAFTGEISPG,1
P80318-173,SSITTKVISRWSSLACNIALDAVKTVQFEEN,1
Q9SIZ8-1218,ESFNKDTTDIEDNTCCICYAGEANAMIAPCS,0
Q3TDN0-202,WPVVVLGMCTLLIVVCALVGVLVPELPDFSD,0
Q283N4-141,SDRATVPRELARRLQCQPESELRTALGEVKK,1
P51655-341,MQDNSVQVSQKVFQGCGPPKPLPAGRISRSI,1
Q6P6T4-177,VCCVAFSKSNGGNLLCAVDESNDHVLSVWDW,0
Q9FI40-157,SGSGLAVGICVSHCICDAASVSTFVRGWAAT,0
Q12955-70,EKALDYIKNGVDINICNQNGLNALHLASKEG,1
Q571F8-542,AAEGHIEVVKFLIEACKVNPFVKDRWGNIPL,1
Q8BTY2-600,CYITRFTEEAFAALICIIFIYEALEKLFHLG,0
Q8BG39-102,DEEELAHQYETIIDECGHGRFQWTLFFVLGL,1
P53026-66,GTVRLKSTPRPKFSVCVLGDQQHCDERKAVD,1
Q9D710-186,QSFAPIYADLSLKYNCSGLNFGKVDVGRYTD,1
Q8BFY6-238,RSAIPAMQLDCFIKVCTQLQVLTEAFREKDT,1
Q922D8-143,TSVSAGKLARGDLNDCFIPCTPKGCLELIKE,1
Q9QXY9-65,AQARRQYHFESNQRTCNMTVLSMLPTLREAL,1
B4HEM4-370,LKTGYKTNAILCMPICNYEGDIIGVAQIINK,0
P62908-97,GSVELYAEKVATRGLCAIAQAESLRYKLLGG,1
Q02257-563,QPYTDGVRMEEIVEGCTGALHILARDPMNRM,1
B6KAM0-504,LAVGGVLLLALLGGGCYFAKRLDRNKGVQAA,1
Q5XI58-404,YVSNIYRYDERKEAWCLAGKMSIPMDGTAVI,0
Q84S11-241,VAKFAELWVPFCRKHCVEPRSPENYFAMKTQ,0
Q9DCN2-274,RDHLPTPGEEPLILMCGPPPMIQFACLPNLE,1
O00744-364,CGRGHNVLRQTRVERCHCRFHWCCYVLCDEC,1
F8VV69-343,NWGENYDRQRAFSRTCAGGLRCLLSDRRVLL,1
P91420-125,IKYPENFFMLRGNHECPAINRVYGFYEECNR,0
Q6PB66-207,IQPNRVTYQRLIAAYCNVGDIEGASKILGFM,1
E0CXZ9-1-263,EGVSSVLLGASNAEQLMENIGAIQVLPKLSS,1
P11716-537,LYELLASLIRGNRANCALFSTNLDWVVSKLD,1
P25444-229,LMMAGIDDCYTSARGCTATLGNFAKATFDAI,1
Q91WC9-574,LLGEQTLLTRYSPGYCSSDSPLDSPTKYPTL,1
Q1G3U6-121,FLDIHECDTFTMCIFCFPTSSVIPLHDHPEM,0
Q07955-148,SWQDLKDHMREAGDVCYADVYRDGTGVVEFV,1
P47871-4,************MPPCQPQRPLLLLLLLLAC,0
Q42583-233,GQSMGYFDIPVDHVYCQPVILDYLASKSISS,0
Q9WTS6-727,CHPRCAEHGTCKDGKCECSQGWNGEHCTIAH,0
Q69ZS0-21,DRFDGDVDPDLKCALCHKVLEDPLTTPCGHV,0
P38164-1027,MHAGHAEEWFDRHNVCPTPGCTCQCNK****,0
P03302-251,TSPKREFCPVDYLLGCGVLLGNAFVYPHQII,0
Q9CZX7-61,ASPGTSGIPVINCRVCQSLINLDGKLHQHVV,1
Q8TF17-32,PGKETPSKDPTVSSECIASSEYKEKCFLPQN,0
Q5DU28-1220,FLMITAGMKLLRTSFCNPVHQFANLGFTVIF,0
Q8QZT1-123,AGLPISTPCTTVNKVCASGMKAIMMASQSLM,1
P55212-264,LTLVNRKVSQRRVDFCKDPSAIGKKQVPCFA,1
Q80X90-1434,VDPSKVKIAGPGLSSCVRACIPQSFTVDSSK,1
O09158-98,AIMDPEIIKIVLVKECYSVFTNRRFFGPVGF,1
Q8W471-344,SWHAYERASEYFIFTCGVEQMYTSIRYLKDD,0
P35613-242,KSSEHINEGETAMLVCKSESVPPVTDWAWYK,1
F8VPN4-1055,LSLGSVQMCGVGKCPCLPLLSPSLLDVPCRL,1
Q923B6-441,IPCAVLVLKCILIMPCIDKTLTRIRQGWERN,1
Q9H324-1087,VNKVAYCPLVLKFQFCSRAYFRQMCCKTCHG,0
Q5ZKW0-351,MECHFRFRHQMALVPCVLTLNQDGSVWVTLV,0
P0C9N8-162,LETVTRTTLDTVTYTCSNIPLTGDTAHLLLT,0
P09656-79,NRKFGTSIRIQRRGLC***************,0
P09484-310,MFTMVLVTFSIVTSVCVLNVHHRSPTTHTMP,0
P08411-142,PDAESPTFCLHTDVTCRTAAEVAVYQDVYAV,0
P35556-2453,PHGPGYTTDGRDIDECKVMPNLCTNGQCINT,0
P52272-114,TYVELLMDAEGKSRGCAVVEFKMEESMKKAA,1
Q10141-189,FVPPKRSSSSCVTYVCLFLDSNSNPRINVYR,0
Q22555-337,LMELRPSDVELSFMLCNLCFHLTGQKLGGRI,0
Q922H4-389,LFKDGKLLPAITILGCRVRIPAEVLILNSIV,1
P87319-1208,HPKVYFDDVLDEERNCRMQLIVKPQSFYAFS,0
O08795-112,CDCCDGTDEYNSGTVCENTCREKGRKEKESL,0
P0C506-171,TFLRLRGLFEDEISSCNHSISPFFSTPGFTT,0
P08637-172,FYIPKATLKDSGSYFCRGLFGSKNVSSETVN,0
Q9SRX4-32,SVLASSQTLSNSSTICKTTPDPKYCKSVFPH,0
P11680-292,QRTCDHPAPRHGGPFCAGDATRNQMCNKAVP,1
O60146-782,QLSWILHTASDWKQGCRLRLITLVEFENEIE,0
Q9CR67-232,HIIMKPSCPLFVRRLCLQSIAFISRLAPTVA,1
Q65709-365,NFIRALVKSNTNVGHCSSHELVYKCISSVFI,0
P68361-4,************MRECISIHVGQAGVQIGNA,0
Q9JMA1-203,EKGEQGQYLQQDANECWIQMMRVLQQKLEAI,1
Q09883-108,VLDTPGFGDFIDNTSCWNTVAEYLDEQHERY,0
Q7Z7J7-109,AAAFFVLLSMVLILGCITCFSLFFFCNTATV,0
D3Z6Q9-205,ELLEELPILYNSRIGCYVTVFQNISNLRDVF,1
Q66KY5-8,********MGRCSGRCTLVGICCLQLAAALQ,0
F4IDY5-1148,LIVEHVCREKCLEDNCPICHEYIFTSNSPVK,0
O55029-56,VWNHETQTLVKTFEVCDLPVRAAKFVARKNW,1
Q9XF87-164,NPNLIHAQSILAIWACQVVLMGFIEGYRIGG,0
P26434-713,KIWGPGGQETQPRLLCRNLN***********,0
P34972-313,IYALRSGEIRSSAHHCLAHWKKCVRGLGSEA,1
P24530-19,PPSLCGRALVALVLACGLSRIWGEERGFPPD,1
P01889-283,WAAVVVPSGEEQRYTCHVQHEGLPKPLTLRW,1
P39096-18,SITTAKREYEERLVDCLTKYSCVLFVGMDNV,0
Q9LY87-439,LCPICLSNPKDMAFGCGHQTCCECGPDLQMC,0
E1C3S7-700,FNVSQPYCGKICLFLCKGKWTRVEITIIHSR,0
Q61982-124,CLRGFQGPDCSQPDPCVSRPCVHGAPCSVGP,0
Q99LC3-67,KLHEYSRVITVDGNICSGKNKLAKEIAQQLG,1
P11716-120,HAILLRHAHSRMYLSCLTTSRSMTDKLAFDV,1
Q99N34-50,KGCIRFQLPVPGSRLCMYEDGTEVTDDCFPS,0
Q18LF3-359,MLKLFNNVVFCMYLACQVRQVILSQWKILLT,0
Q9SR66-980,FGKVFCTKVKPNCNACPMKAECRHYSSARAS,0
O73718-351,CPAVPAVGTSSFKDLCPGEVDRDXDSXDDXX,0
Q9CQJ8-42,LESWCIHRDKYRYFACLMRARFEEHKNEKDM,1
P42892-58,NGLQVNFHSPRSGQRCWAARTQVEKRLVVLV,1
Q91WC9-168,FVFDPLGGKMAPYPPCIPEHLDSNSSNRLLT,1
Q80XN0-86,LAKHLHSKGFLVFAGCLMKDKGDAGVKELDS,1
Q99LC5-155,SPDTFVRTIYAGNALCTVKCDEKVKVFSVRG,1
P98157-2560,KDKSDEKQSYCSSRKCKKGFLHCMNGRCVAS,0
F6T1Y2-184,PSASKLKKLKAALDCCVVDVQEYSADPHAIA,1
Q89613-14,**MKWLTSFGRAVISCYKSLLLTQLRVLDRL,0
Q9Y5P4-172,LREKLAEMETFRDILCRQVDTLQKYFDACAD,0
F4K0J3-65,VYGNGGYPCSEIYNHCVAPLVDALFKGYNAT,0
D3Z7P4-105,VDGQRHSIGDTKVPFCLQSCVKPLKYAIAVN,1
Q61510-70,KVYQVRPQLQKNTVMCAVVEQFLQAEQARTP,1
P00511-170,YLNIVGLVGSIDNDFCGTDMTIGTDSALHRI,1
P62937-115,MANAGPNTNGSQFFICTAKTEWLDGKHVVFG,1
Q8BT60-202,LNPMWKPFKISLNSLCYGDMDKTIKVECYDY,0
Q9CYS6-218,PEGAWERPARTGLLTCFSWGPRRQRKNRGVT,1
Q9ULJ3-770,LRFFSPELKQEHESKCEYKKLTCLECMRTFK,1
P03072-338,YNAQIFADSKNQKSICQQAVDTVAAKQRVDS,0
E9Q7S6-152,IFAKEDSQSDGFWWACDRAGYRCNIARTPES,1
O35674-676,KCNGHGVCNNNKNCHCFPGWSPPFCNTPGDG,0
P11717-910,RGRLNSHPIFSLNWECVVSFLWNTEAACPIQ,0
P13569-1395,TYQIIRRTLKQAFADCTVILCEHRIEAMLEC,1
E9PW34-1947,EEEEEEEDTSWTGKLCALVYKIKGPPKPEKE,1
Q04864-189,PIYDNRAPNTAELRICRVNKNCGSVRGGDEI,0
P26006-846,LYPTEITVHGNGSWPCRPPGDLINPLNLTLS,0
Q61656-191,TRELAQQVQQVAAEYCRACRLKSTCIYGGAP,1
Q9Z110-88,IVVKLGSAVVTRGDECGLALGRLASIVEQVS,1
Q0VCM6-50,SLLIMLKSEGFYSYLCTEPENVTNVTVGATA,0
B0QY90-319,QKGDPQVYEELFSYSCPKFLSPVVPNYDNVH,1
Q8NGX8-153,PVIMTNQLCGTLAGGCWFCGLMTAMIKMVFI,0
P97823-144,ALTTQQKLAGVTALSCWLPLRASFSQGPINS,1
Q6ZQI3-205,LYIEFVKGYYDNPKVCALYILAGTVDDVPKL,1
B7ZNY8-18,PVKKKKTEEPELEPLCCCEYIDRNGEKNHVA,1
P18762-265,QDGRSGHGLRRSSKFCLKEHKALKTLGIIMG,1
Q9NZJ5-788,DGTMDGNDEGHSFELCPSEASPYVRSRERTS,0
O14763-113,KYGQDYSTHWNDLLFCLRCTRCDSGEVELSP,1
Q3ZBS9-30,GWYIFRVLLQVFLECCIYWVGFAFRNPPGTQ,0
Q21059-342,NYLDCQNGGYINPNDCNNCKCPPGFGGQLCD,0
Q91VI7-318,LLEPGCQLESLWIKTCSLTAASCPYFCSVLT,1
Q5PQK4-531,NQDFPPTKIEQHAMYCTGLMEPETVLTRRRR,0
P45844-154,MKGAVLINGLPRDLRCFRKVSCYIMQDDMLL,1
O74333-131,YTQGSMRRCQELKALCFFLWFMFGLYVASFI,0
Q8QZS1-44,SMHTEAAEVLLERRGCGGVITLNRPKFLNAL,1
H0Y7S4-87,IKMPCLETFQAVLNGLDALLTHGVRPRRWKL,1
Q96MH7-304,RGKVVSVLPRALSLSCPVPHLHRWNFCDSLL,1
A6NAF9-675,TNVCVTNVCSDGSVYCQLPSRGQAKLKDIMD,0
Q9UKA4-1820,QDGKTLLITNIDMEPCTVDPQLRIILQWLIA,0
Q9VX32-769,SYEPYPSNHTDLRILCCIFCGDQYDIENIVQ,0
P61982-194,YSVFYYEIQNAPEQACHLAKTAFDDAIAELD,1
B0QZP3-145,SRNDFLIQMFHYIKTCMAPLPCSVYLIEHPS,1
P19096-135,LSRDPETLLGYSMVGCQRAMMANRLSFFFDF,1
Q86UF4-233,PDGNTGKQIPPKHMECAGSFEGEFTKPTFLE,0
Q5CZP2-219,TVGMKRKLPLMLDDGCSTPPASKFSHNHSME,0
Q921I1-67,DGPRLACVKKTSYPDCIKAISASEADAMTLD,1
Q9JJH2-75,FLLDLCLADGIRSAICFPFVLASVRHGSSWT,0
Q9P6J7-309,VQPILAPSMMNSEMGCVLICVAAGWACFGIW,0
P49698-188,NGDIRAKKIANITDVCESMKEQLLVLVEWAK,1
A8MYU2-797,YSGDLHAANIEQCSMCAVLSPPPQPSSNQTL,0
P59923-668,YKQDECREGFRQSPDCSQPQGAPAVEKTFLC,0
Q99L47-208,LLGHWEEAAHDLALACKLDYDEDASAMLREV,1
P41846-14,**MSRGQIIHSGHFMCSNPHDDLVQDEDEED,0
Q54Y90-258,HPNIVHFVGFCVSPKCLVLEYIEGGSLDKYL,0
P04637-275,SSGNLLGRNSFEVRVCACPGRDRRTEEENLR,1
Q52KS4-410,PMDMLPNSQGVSMDRCPLSLPPLEPPPPYPL,0
Q9LDS6-89,LGLCIPGTDPKVCDDCMQIASTGILQNCPNQ,0
P26359-237,EQTQHGTLQASQFILCVADNVDKSKAKSGRV,0
Q9BXT5-2011,AEFADLKKLQDLTLRCTDHLEILKKYFQMLQ,0
Q5ZL02-114,KSIYPLSRGCAPALPCCRSADPGQRHRVPAG,1
O94856-316,LRITNVSEEDSGEYFCLASNKMGSIRHTISV,0
P19540-259,GGSIINEKWVVTAAHCIEPDVKITIVAGEHN,0
Q5XF89-485,KKVGIFCISPQRINICGQLNLVCFDKTGTLT,0
P62888-92,NNIELGTACGKYYRVCTLAIIDPGDSDIIRS,1
Q9BSJ8-635,ENPQRGSSVDAPPRPCHTTPDSQFGTEHVLR,1
P0C971-948,PIDILFYINNYVLGLCARFINENEEFQPPDN,0
O09158-468,KLAVIGVLQNFTVQPCEETQIPLKISREPIF,1
Q1A730-332,CRHCHILSWKGTDHPCTANNPESCSVSLSPQ,0
Q03555-4-26,HDHQIRVGVLTVSDSCFRNLAEDRSGINLKD,1
Q80U19-16,MALRKRSPHGLGFLCCFGGSDLPEIDLRDSH,1
P67921-384,ALGENMAPEKVDFDDCRDISDLKQYDSDEPE,0
Q921S7-207,ILKHPSLARRTSAQNCTLATTWNRESLLLQV,1
P18581-454,YDQPKYTPEKETLESCTNATLKSESQVTMLQ,1
Q8BG51-188,YYAQKAVLHPTGPLYCPEEKEMKPACIKALT,1
O80946-500,RLGFFAFAMSTMFYTCADALPVFLQERYIFM,0
D3Z494-271,EDMAAILSFNRNWRACGLFAASHNEDFPFHA,1
Q9JJR6-63,LATHCTFTRCTACCPCLHTVDRPWPGLRWLG,0
P52825-535,PSKHSVGELQHMMAECSKYHGQLTKEAAMGQ,1
P14714-318,QPISLSGSTLRAPHGCHAQYMSNMGSVASLV,0
P62080-187,DSNASRERCGVPFSCCTKDPAEDVINTQCGY,1
Q96P20-130,EEWMGLLEYLSRISICKMKKDYRKKYRKYVR,1
Q01097-1215,NLTNVDWEDRSGGNFCRSCPSKLHNYSSTVA,1
Q6ZNB6-396,HVGACGECPRSGKRFCPCQKSKFSLPCTEDV,1
Q99705-165,SSTKFRKPSVATLVICLLWALSFISITPVWL,0
Q8S8H9-71,KGGSICTTGKPNICMCLVCRRRSPEV*****,0
B2RS91-458,KAFCDVALHGPFYSACQAVFYTVVFRHKQLL,0
Q9UKV5-364,QAARKLPCGHLFHNSCLRSWLEQDTSCPTCR,0
Q6UKI2-14,**MGALGRALLWLQLCALARAAYKLWVPTTD,0
Q6NZD2-317,NESDIWFEEKLQEVECEEQRLRKLHAVVETL,1
Q9C0C9-370,YVFPAKVEPAKIAWECPEKNCAQGEGSMAKK,0
P20918-103,MRDVILFEKRVYLSECKTGIGNGYRGTMSRT,1
Q9Y7N5-120,YGAAEWTLFGFWCLVCTLALIFLTYFYETWT,0
Q7TPR4-180,NIQNFHISWKDGLGFCALIHRHRPELIDYGK,1
Q9FT97-401,QKFVGNLTATVDSHACKLYVLKPVA******,0
Q9BYQ7-6,**********MVNSCCGSVCSDQGCDQGLCQ,0
P19883-168,QPELEVQYQGRCKKTCRDVFCPGSSTCVVDQ,0
Q9LSY7-76,APLIRMHFHDCFVRGCDGSVLINSTSGNAER,0
Q16881-214,LGTRWGLGGTCVNVGCIPKKLMHQAALLGQA,1
I3L4N8-208,CYVALDFEQEMATAASSSSLEKSYELPDGQV,1
P03073-375,AVKNYCSKLCRSFLMCKAVTKPMECYQVVTA,0
Q80Y81-647,EFQTCLVRHCKHAFGCALVHSSGWKVVYSGD,0
Q9CAC7-210,VKQFEGSFDIDSMAQCSPDLDPRNCTTCLKL,0
Q9WUM5-172,HRLTRQGTTRLIGPNCPGVINPGECKIGIMP,1
Q58D84-254,YADGAETEVDCNRCVCACGNWVCTAMTCDGK,0
Q9QY93-110,ELSDVLIYLVALAARCHVDLPQAVISKMDTN,1
Q8K3Y6-7,*********MADPGVCCFITKILCAHGGRMT,0
P15941-1186,VALAIVYLIALAVCQCRRKNYGQLDIFPARD,1
Q91VI7-215,KLENCGITAANCKDLCDVVASKASLQELDLS,1
Q29183-42,LSANQCAVPAKDRVDCGYPQVTPEQCNNRGC,0
Q6DFC0-440,HLYSIPGELPEDAKGCYHPCRTFCGTGVNNK,0
P34667-42,INTKHREFSNWKDPSCSS*************,0
O60906-83,PAAHHFRSGIIGSGLCVFSKHPIQELTQHIY,0
P55072-691,AKMTNGFSGADLTEICQRACKLAIRESIESE,1
Q9R111-24,LALVFRGTFVHSTWTCPMEVLRDHLLGVSDS,1
Q96RJ0-331,KMMLFGKIFQKDSSRCKLFLELSS*******,0
Q9CZX7-107,TGKKYVRCPCNCLLICKDTSRRIGCPRPNCR,1
P42858-1039,GCCEALCLLSTAFPVCIWSLGWHCGVPPLSA,0
Q6N043-375,CQHCYRQFPTPFQLQCHIESTHTPHEFSTIC,0
Q9R1V7-717,VGYVEDGTPCGPSMMCLDRKCLQIQALNMSS,1
Q9SX24-100,RTKLRAQYNLKERPCCDCCVHFCCEPCALCQ,0
A2AMH3-116,LINRKIKSIALCVAACPRQELKTLSDVQKFA,1
O35305-170,CLLGFFSDVFSSTDKCKPWTNCTLLGKLEAH,0
G3N1S4-4,************MQECGATAAGRRAFDSICP,0
Q925Q3-123,LYLFLILGVTAAKFFCPNLSAISTNLKLSHN,1
Q63118-282,ACIHAIARSLYYNDNCWISSDTHLLYIIHGP,0
E7KIF0-118,EPAYLIIFRENTELNCFQVDLTMKHEFDGQV,0
A2VEC9-1968,IHRKARRCQTEPCEGCEHQGQVHRVGERWHG,0
Q6TEK5-50,HVEREKERDPEHRALCDLGPWVKCSAALASR,1
Q5N9W4-547,LPSQKMLPPPSDLPKC***************,0
O14672-645,SPCNDFRGYCDVFMRCRLVDADGPLARLKKA,0
O88441-189,WGNKTLDQVLEDVDQCCQALSQRLGTQPYFF,1
Q9D379-182,PKTHGLSDEHVFEVICPSIPGYGFSEASSKK,1
P12258-363,KSNLQHTLETTLKSACPTRWNSNYKMMKSIL,0
Q6P2B1-312,RIFTELCETFLEKIVCTPGQGLGDLRTLELL,1
P07358-76,MPIDCELSSWSSWTTCDPCQKKRYRYAYLLQ,0
Q306W6-1960,QGIGAYLSAEPQPVECYKINYPVPVYSTTRS,0
E9PXC3-53,IIGNYHLIDMKDIGQCLTNFSKTYGPVFTLY,1
P97315-25,CGVCQKTVYFAEEVQCEGNSFHKSCFLCMVC,1
P0C751-23,NDRSDDKPVRSNPADCSVHTEPSDANNRTGV,0
P51559-827,SCETCTAPGPMSCEKCSKGYGKGSIGYCRPC,0
P62873-148,VRVSRELAGHTGYLSCCRFLDDNQIVTSSGD,1
Q9CQ60-236,GTLPAALVQPRTGALCWFLDEAAARLLSVPF,1
Q504N4-42,PHARAMHDGGGPRRLCIEGNIAVGKSTFVKL,1
P78536-525,EGVQCSDRNSPCCKNCQFETAQKKCQEAINA,1
P23458-817,KERFYESRCRPVTPSCKELADLMTRCMNYDP,0
P48678-662,YLLGNSSPRSQSSQNCSIM************,0
Q704Y3-158,RLTDSEFKDPETGKTCLLKAMLNLHNGQNDT,1
Q9D662-40,PSSRLEATRMVVPLACLLTPLKERPDLPPVQ,1
P32970-17,PEEGSGCSVRRRPYGCVLRAALVPLVAGLVI,1
Q757E3-149,CPVFAATGRCPMGFKCRFLSSHCNMETLELA,0
Q5XX01-673,GVRNVFDWMHFLIPQCYMHVSDYYNPPHNVT,0
Q5VYM1-845,PQQIYPPNPCPHSSSCHPQEVQRTVPQPVQS,0
Q9WTR1-673,QKAISVLEMENGYWWCRRKRHRAGRLLKVGT,1
P97872-21,IAVIGAGASGLTCIKCCLEEGLEPVCFERSG,1
P11205-228,PELVIVTHTNENKFTCLTQELVLMYADMMEG,0
Q791V5-160,TLRSMVQFIGRESKYCGLCDSIVTIYREEGI,1
O08550-2483,DAVIFLAEQLPGAQRCQHYKFRYHQQGEGQE,0
Q9P5N4-177,YFLNYFVTCPLELTTCAITFKFWTEINSAAW,0
Q3UMR5-96,GLPVISVRLPSRRERCQFTLKPISDSVGVFL,1
Q92623-214,NVIRYIQLTEMKLSRCSQREKEAM*******,0
Q6NZJ6-666,TPLRQLDPSRLPGINCGPDFTPSFANLGRPA,1
P47863-17,SDGAAARRWGKCGPPCSRESIMVAFKGVWTQ,1
O62368-258,AASQSVCILIVLQFACILISSLGVNYLRIFK,0
Q3ZC98-427,AHHSLWQLGVDYCDHCPELGRVSLELHIERI,0
Q3UHC2-1534,QMKDPTFATFMYMLPCGKQSAFFSSQSQEYT,0
P50247-79,IETLVALGAEVRWSSCNIFSTQDHAAAAIAK,1
P07643-22,VYSGVALACAAMLGSCASGAKEEAEKKAAEQ,1
P63000-178,RGLKTVFDEAIRAVLCPPPVKKRKRKCLLL*,1
Q9W1X7-953,ESASQIPLPVYFSNVCLRFLPVLDVVVHRFI,0
Q60597-604,WPGFFTLDGQPRSMTCPSTGLEEDVLFHIGK,1
P01023-299,QAFCEKFSGQLNSHGCFYQQVKTKVFQLKRK,1
A4D0V7-9,*******MVCRPVFPCRRRFCPRPFLVGLVV,0
Q6P461-28,SFRLGFEACCYPNQKCATQTIRPPDSRCLVQ,0
Q42600-372,RRVEESDIEKLTYLKCTLKETLRMHPPIPLL,0
D6R9I9-227,RNVEDLSGGELQRFACAVVCIQKADIFMFDE,1
P40065-114,KLQEKIFDRELNDIACDHCLCSTENRRDIKY,0
Q9ZWB7-361,ILSGYESDESCCKETCVKCIKGLGEEKVTVV,0
Q91VB2-420,VPMQQGPLATGPCGCCSSCLNIGNKGKSSYC,1
Q8BVZ1-284,FHPPKTQELWGSWSPCLENGRSHSEVELETL,1
Q7YZH1-574,VEAEFDKHVNFNDISCHLFDVDDDAIVAIYN,0
O35927-898,AGMAYALRSLPEGAPCLPQWSVYIRAAVRKE,1
Q9DB20-141,SAFSTIMSVHRGEVPCTVTTASPLDDAVLSE,1
P14094-214,YPLMMKYNPNVLPVQCTGKRDEDKDKVGNIE,1
H3BLL4-63,PTATSQLPLESDAVECLNYQHYKGSDFDCEL,1
Q60649-617,NQLAAAYEQDLLPGGCTLRITVEDSDKHLLK,1
Q8CIE2-616,PITFRRIQLPARGHDCRHIQCFDLESYLQLN,0
H3BMN2-47,VDFGLSILWFLIFTPCAFLCWYRPIYKAFRS,1
Q9Z0E0-113,CPDHVLRALGVALLACFCSDPELASHPQVLN,1
Q8K0Z7-231,KEAEDEEEKNLFKFICDASSLHQVRKKLDSL,1
P60891-91,ACKIASASRVTAVIPCFPYARQDKKDKSRAP,1
F6TTJ9-307,KGPPNAFFLVKFWADLNSTIQEGPGAFYGVS,1
P63244-138,GSRDKTIKLWNTLGVCKYTVQDESHSEWVSC,1
P17987-76,ILKLLEVEHPAAKVLCELADLQDKEVGDGTT,1
Q12879-848,ITFIWEHLFYWKLRFCFTGVCSDRPGLLFSI,1
P28665-923,EPEGIKQEHTFSSLFCASDAEISEKMSLVLP,1
Q8CFA1-577,PSTSGRQEADSSSEACTGPQTPQNATETSWK,0
Q6WQJ1-349,RFAPGVTIEEDNCCGCNAIAIRRHFLDENMT,1
Q9BZC7-1264,SELQVSQFIRKHVASCLLVSDTSTELSYILP,0
P07605-64,GNGVCTHDNMSITAVCTPSLDKIDSVAENAE,0
Q9H1C7-79,YVVEDQRRDELGPSTCLTACWTALCCCCLWD,1
P26369-442,PGCGKIFVEFTSVFDCQKAMQGLTGRKFANR,1
P10542-167,ACDFHRGSSGNPEAMCALCYMRLTGHCIYSP,0
Q923B6-394,FRFVQSKLGYLTLVLCTAHTLVYGGKRFLSP,1
Q503D6-99,KVEEQHLRTRDIINVCHRYFHPDSEPLELNG,0
Q9DCM0-80,IKELGLKLLYAVNTHCHADHITGTGVLRSLL,1
G3UYU4-155,GIREAKAKQEKVSAQCLSEIEMAKAQRDYEL,1
Q39110-248,PPCIKPDLTLGTGPHCDPTSLTILHQDHVNG,0
Q07812-126,VALFYFASKLVLKALCTKVPELIRTIMGWTL,1
F6RSH1-148,VQMKDFRFSYKFKMACKEDVLKLCPNIKKKV,1
D3Z041-221,KAKLLLEGVENKLTPCLKIIVIMDSYGSDLV,1
Q06481-116,TNVMEANQRVSIDNWCRRDKKQCKSRFVTPF,0
Q6Q1S2-181,YKLTKLSVKCYFNYSCVFSVVNATVTVNVTT,0
O77636-514,DTCCNSDCTLRPGVQCSDRNSPCCKNCQFET,0
Q96JB6-112,LDNVRCVGTESSLDQCGSNGWGVSDCSHSED,0
Q9W596-202,VTEVLIHPQYNTLIQCMRNLLSSFTRHRHII,0
Q6UWV2-215,SIEVSDDTDQEEEEACMARLCVRCAECLDSD,1
O13157-222,DNVPSEYTYRLLFCSCKDQACAEPRRQTIVP,0
Q5U2Z7-5,***********MEENCDSTENPHSQGRQNAT,0
Q9LQZ7-5,***********MKIRCDVCDKEEASVFCTAD,0
Q9R0P3-206,YLGPDESKWKAYDATCLVKAYSGSQIDILID,1
Q91V87-264,PVNTTVDFGGTTSFQCKVRSDVKPVIQWLKR,0
F4JT82-1182,SKDFHDTAGLGFRCVCRWNDKKGHAHKRDNI,0
P87498-1817,SCSAFVHSWVLLEETCSGGCKLQRRYVKLNR,0
Q09147-217,GQLQPEDAGSYHCELCVEQDCQRSNPTQLEV,0
Q9BYB4-201,EDGSVVLWDVSEQKVCSRIACHEEPVMDLDF,0
P0C6T8-2760,FSLKGGAVFSYFVYVCFLLSLVCFIGLWCLM,0
E9PIN3-571,FTRTFIAVPASNSGLCIVNDELFVRNASSEE,1
Q86AE7-164,SIYRKGVKFIWNDKLCEYEINDKT*******,0
Q6U7Q0-304,HTHTFKCLEYEKSFNCSSDLIVHQRIHMEEK,0
Q9FLU1-292,LVLSEKVNRTKVLVECEGDSIDLSGDMGAVG,0
Q9WV91-119,LHIKNVQPSDQGHYKCSTPSTDATVQGNYED,0
Q6K881-339,VAAYILDHPVYGCKSCDVPGFSGVPPTALVR,0
Q6AYK8-327,LAMEATYINHNFSQQCLRMGRERYNFPNPNP,0
Q0VF59-16,MSALRKVLPGILQKHCCILPDRNTESQCTLC,1
Q9PTL2-266,WSAMGVVSLFLPCLWCYLPAKGCLKLCQGCY,0
Q8JZR0-259,FKKPVPPKPEDLSVICFTSGTTGDPKGAMLT,1
Q9NRC1-561,AMIDIFCSAEFRDWNCKSIFMRVEDELEIPP,0
G5EBU4-57,HIRIHSGEKPFECQQCHKRFSHSGSYSSHMS,0
Q6ZNB6-589,SCPPCHQPCQKVLEKCGHLCPAPCHDQALIK,1
Q8TDD5-269,GRIKISLDNDISIRECKDWHVSGSIQKNTHY,0
P38060-141,VFGAVSELFTRKNANCSIEESFQRFAGVMQA,1
Q0D4B2-519,KRQQLLKKDSMRQDLCRYNSSF*********,0
P08708-35,YYTRLGNDFHTNKRVCEEIAIIPSKKLRNKI,1
P35324-33,QHQVKQPCQPPPQEPCVPKTKEPCQPKVPEP,0
Q8S3U9-600,RKTISVYEAKVNSTFCDFDESCILRPFMSDA,0
Q9SXA6-236,HDDLSSWTECNDLIACPHKYASESIKLACKW,0
A1YPR0-34,EVLCSLNEQRHDGLLCDVLLVVQEQEYRTHR,0
Q9H165-48,HGPLGAPEGDHDLLTCGQCQMNFPLGDILIF,0
O35488-427,GYCIKVPKGEVGLLVCKITQLTPFIGYAGGK,1
P31696-287,CVCPASCSGVAESIVCGSDGKDYRSECDLNK,0
Q39024-6,**********MSAESCFGSSGDQSSSKGVAT,0
P02802-33,SCACKNCKCTSCKKSCCSCCPVGCSKCAQGC,1
O08756-58,PDSEGESQAKKLGESCIFAPANVTSEKEIQA,1
P46782-155,DVSPLRRVNQAIWLLCTGAREAAFRNIKTIA,1
P15105-209,NAEVMPAQWEFQIGPCEGIRMGDHLWIARFI,1
Q8R4U0-2040,HGQCDEGITGSGQCLCEAGWTGRFCDAPTVV,0
Q8BMS4-156,HPGKPLSGMKILDVGCGGGLLTEPLGRLGAS,1
Q8CC86-101,PDTDPAFFEHLRALDCSGVTVRALPEGSLAF,1
Q9W4N9-911,AVRFGINIQEQQAAKC***************,0
Q99K10-732,LYYKKDKRRHDVHRRCSPQRTTTNDLTHAPE,0
P62873-25,EAEQLKNQIRDARKACADATLSQITNNIDPV,1
P11725-303,MKTAKVAASDWTFLHCLPRKPEEVDDEVFYS,1
O15400-239,LSRAADYQRKSRKTLCIIILILVIGVAIISL,1
Q09228-746,NAMFVRSIVRSCGPRCARTDLIFKIKVGGVW,0
Q3ZCN5-390,PIQDWRDDFPACTDKCDDSFVHRDCISCCPP,0
Q07065-100,ASAAAAAAAASSSASCSRRLGRALNFLFYLA,1
Q9Z0T6-1213,IKVENLFNKRIWLFVCRRWLSVDTTLDATFS,0
O92529-2279,LVAEYDDREISVSAECHRPPRPKFPPALPIW,0
Q8BH00-21,ELLMLENFIGGKFLPCNSYIDSYDPSTGEVY,1
Q9C0B7-500,LYCFTKQSVSHIRSLCQEILLWILGKLERKK,0
Q8R4H7-106,GRSLVQRDIQAFLNQCGASPGEARHWLTQFQ,1
Q8BVR6-531,LLKQVSIRENCCSLCCDEVADTQLKPCGHSD,0
P52569-376,PRVIYAMAEDGLLFKCLAQINSKTKTPIIAT,1
P52503-79,IAQQPVNEVEHRIIACDGGGGALGHPKVYIN,1
Q8C419-408,LPCREGCPFCADDRPCFVQEDKYLRLAIISF,1
Q8C6G8-318,LDNNLDSVSLLIDHVCSRRQFPCYTQQILTE,1
Q8VZE4-254,KGMKRFKFDTWSYNICIHGFGCWGDLDAALS,0
P23492-142,GDIMLIRDHINLPGFCGQNPLRGPNDERFGV,1
Q9JHW5-56,NKLTYSHGNYLFHYICQDRIVYLCITDDDFE,0
Q99NH0-1686,LSETVNEGTSNSLSTCTKSGPSPLSSPNGKL,0
Q8BVM9-118,MGYDLQSCTKNYHLSCAMEDHAILQVDEDHG,0
P63242-129,LPEGDLGKEIEQKYDCGEEILITVLSAMTEE,1
Q16549-646,SAMSGKYLHDDFALPCPPGLKIPEEDGYTIT,1
Q9ERI6-124,VKELDLASLRSVRAFCQELLQEEPRLDVLIN,1
Q8VZJ1-70,EEEDEDSYSNVTCEKCGSGEGDDELLLCDKC,0
P24588-36,GSPGAERQKEKASMLCFKRRKKAAKALKPKA,1
Q8R146-361,DIVPRQLGESFSGIYCSLLPLGCWSADSQRV,0
D3Z106-102,LRDLTCRTANVFEQICGLQQGDHLALILPRV,1
Q69ZR2-1192,KDGQNWTSLYTHVDDCSLNEPGSTATWPLDP,0
Q60855-234,LWAIFAKKEPYENVICTEQFVICIKSGNRPN,0
D6RHN4-43,TGIGKAVSRELLHLGCNVVIASRKLDRLTAA,1
F7B227-36,FTSGVDLVSACDIRYCTQDAFFQIKEVDMGL,1
Q8CG65-4632,PVLGPWSAWSECSAVCGKGTMVRHRSCEEHP,0
Q32P41-408,IEFLSAFKWLLDGQPCSSEFLPIVHCYSFSK,0
O55131-279,RQYPWGVAEVENGEHCDFTILRNMLIRTHMQ,1
P35953-355,QEQDCRDWSDEPLKECHVNECLVNNGGCSHI,0
P16724-13,***MEMNLLQKLCVVCSKCNEYAMELECLKY,0
Q6ZWV3-195,EFEDMVAEKRLIPDGCGVKYIPNRGPLDKWR,1
D3Z519-458,DLKFQCIVFLNIPRYCAGTMPWGNPGDHHDF,1
Q9FQ03-582,TEGLCWVMHYYMEGVCSWQWFYPYHYAPFAS,0
Q9DD20-202,WQRVLEPTWKHIGDGCHLTRETWKDIERAQF,1
Q99973-2053,PRQLLTRPHKAEDFPCGTELRGHEGPVSCCS,0
Q9EA42-53,KQYECDYPANNQAMPCEPIIIERNITEIVYL,0
Q02817-5105,MEAPGECCKKCEQTHCIIKRPDNQHVILKPG,0
Q96JB1-654,DKLYLQGLLQYYDELCQEVPSVFVNLMTPKM,0
P21333-444,TVEPQLEARGDSTYRCSYQPTMEGVHTVHVT,1
P83474-17,FCEKPTEKREKSPCRCKNCVLRHSDFLPWPE,0
P20351-41,IYGEYLMLDKLLDAQCMLSEEDKRPVHDEHL,0
Q9D8C2-128,NNTASARNDIQRNLNCCGFRSYNPNDTCPAS,1
Q86W47-193,LVTFVVGVLIVVLTICAKSLAVKAEAMKKRK,1
Q8WZ42-8254,EPSRIVKQDEFTRYECKIGGSPEIKVLWYKD,0
P31651-298,VWMDAGTQIFFSFAICQGCLTALGSYNKYHN,0
P97772-578,RACDLGWWPNAELTGCEPITIRYLEWSDIES,1
Q05D44-849,LVELTQTMLSKRLAHCEELRAQVMEVKALPG,1
Q2WG78-5,***********MLPVCVDADQALRCSVLWRP,0
P49355-133,IPQMVATDVCQFLELCQSPEGGFGGGPGQYP,0
P60898-52,YACRNCDYQQEADNSCIYVNKITHEVDELTQ,0
P09296-260,TFLNRTCGLTHLDVKCGNIFLNVDNFASLEI,0
O14237-33,GKLVSSGQFQNFIASCILFCCPGIYLAVTGL,0
Q03695-88,SESCSPREKLHNEGACNTDLFGDFMSKRQQR,0
P40142-413,DQIRMAAISESNINLCGSHCGVSIGEDGPSQ,0
P53916-365,TSKSKAASSIISWTSCASCWLNIYLETLMHI,0
Q704Y3-363,GVLAYILQREIHEPECRHLSRKFTEWAYGPV,1
Q9E784-747,RVKILAQGDNQTISMCYKTESWQNEEELDNH,0
F4RWV0-69,DGCQVCIAYNWGCSACQRKKNGK********,0
Q8V4V3-972,SNETSIDAYMQFAKQCYEYSNPKLSEEELSD,0
A5PJM7-424,SAVFHRDCYYDNSTTCPRCARLTLRKQSLFR,0
Q9HB09-254,VRLSSDSFARLVELFCSRDDSSRPSRACPGP,1
Q54NB6-362,IPPNATLIFDVELVSCAQ*************,0
Q8NET4-1357,SSQQQTEEHQHVSKRCYYLKEHGDPQEGLHD,0
Q92622-739,CGIRTDPDYIKRLRYCEYLGKYFCQCCHENA,0
Q9R049-352,NNDDCAICWDSMQAARKLPCGHLFHNSCLRS,1
Q8CHE4-178,QPSDRDWVRHQLQRGCVHVFDRHMASSYLRP,0
F8VQC7-903,DRDRDLRGRGTCAQVCSTPQFEELESVLKEK,1
Q80XL6-106,ALFSIGFPVAKPLLYCRDASVIGTEFYVMEH,1
Q12001-231,DEYYAMAAVCFVLSICFKQMALYYAPIFFAY,0
Q60766-375,NAFFRLLRFLPCVCCCLRRLRHKRMLFLVAQ,1
Q9YHB5-99,GENEEEADEENSPVNCLFNFLLQSHGASSMA,0
Q9LFA2-722,RISGPYNTSNCIQPFCITEPSCQVSCFSPRL,0
P48461-156,RYTIKLWKTFTDCFNCLPVAAIVDEKIFCCH,0
P17427-532,SPLIQFNLLHSKFHLCSVPTRALLLSTYIKF,1
Q94CA0-302,SLAKELKTRIQDYIICIEMGIAAVVHLYVFP,0
P41902-13,***MTVKICDCEGECCKDSCHCGSTCLPSCS,0
Q6ZWZ6-69,SNCDEPMYVKLVEALCAEHQINLIKVDDNKK,1
P42932-244,GDVTSVKDAKIAVYSCPFDGMITETKGTVLI,1
Q2LAE1-1111,KGNLGRFINHSCEPNCRTEKWMVNGEICVGI,0
O35682-286,PSCTRSISYIQPNTVCFWDRRLAVSILTGIN,1
P40763-687,YLYPDIPKEEAFGKYCRPESQEHPEADPGSA,1
Q9BYQ5-6,**********MVSSCCGSVCSDQGCGLETCC,0
P31695-838,RGARCLCSPGYTGSSCQTLIDLCARKPCPHT,0
Q99LC5-109,PLILETQKQFSYTHICAGASAFGKNLLPRVA,1
P43137-136,KSWATGSPNSSNRGYCVSLTSNTGYKKWKDD,0
P40317-504,MSNLSGWLADLFKHHCAPMRDPWVDKMSNKF,0
Q9P7J2-99,IQLRGSNDEGSLKIFCTSKIAKDIFLEWNWT,0
Q19LI2-292,YYVNLKELDNPGPFTCRYRMHKYMHVWSEDS,1
Q9NZV1-60,CEEPRNCPGSIVQGVCGCCYTCASQRNESCG,0
Q9FGI1-288,AVATSSAEKMFSSHKCFLNFLKSESPSIRSA,0
P61793-328,YRDKEMSATFRQILCCQRNENPNGPTEGSDR,1
Q9D9W6-181,APFNTLDLHRFAFSKCESWKAAVEPPESSIE,0
G5E8R3-663,AVGYTNYPDNVVFKFCEVAKENGMDVFRVFD,1
Q86HN0-56,SSSVLSSSFKGSNSTCATNKSASSAMFSRPF,0
Q68D91-254,RLFRLASNYISKAGICHKVSTFAMRSLASLA,1
Q337A0-376,RVEFTGPPGSIPCPLCRNGIMSFTKLPSTPT,0
P10649-115,VENQVMDTRMQLIMLCYNPDFEKQKPEFLKT,1
E9QKC6-624,VDRNGHIIVVDNKACCVFIFQPNGKIVTRFG,1
H0YBN1-16,MKMVAPWTRFYSNSCCLCCHVRTGTILLGVW,1
Q8BGQ7-947,GGKDMSAQATGKNVGCLQEALQLATSFAQLR,1
H3BJZ7-1012,SPPRASQVVKDCVKACLNSTYEYIFNNCHEL,1
Q8NF91-3307,LQDWMTDAIHMLDSYCHPTSDKSVLDSRTLK,0
P21849-370,CTDCDGSTYLTPTSQCIDSCAKIGNYYGATE,0
O54728-183,KDWKLITVLFSNTSQCHLCSSDQQKRHLMKH,0
Q8BWQ1-31,CWAGCGFCSKVLVWPCDMSHWLNLKTILEEL,1
Q9FGE6-169,ASLFLSCGQVVDCRMCGDYKSILRFAFIEFT,0
Q83887-155,THCLPTVHLIAPVQTCMSVRSCMIGLLSSRI,0
P15170-381,LKGIEEEEILPGFILCDPNNLCHSGRTFDAQ,1
Q62261-112,GERLPKPTKGRMRIHCLENVDKALQFLKEQR,1
O18979-95,ESDHEDTDFEPSLPECPEYQEEEFDYESETE,0
Q8BP47-449,PERLMTDTINEPILLCRFPVEIKSFYMQRCP,1
Q80TF6-4477,QLRDFCCVCVEAKEGCLSIMAAQSVYDASMP,0
O14744-22,GGAGGSRVSSGRDLNCVPEIADTLGAVAKQG,1
Q9D404-86,SGIVSVVGDEYKNIPCSVAAYVPRGPHEGQF,1
Q9LH31-473,GMDDFALYSFIAMEDCDEKPLYEWFDSKPKI,0
A3KMP2-124,VSAVEMFAKGNFPRACDLWEQILRDHPTDML,1
Q9LNQ4-230,LDDYDSFKDFTGIIRCEDPNPSLYTFVGNLE,0
Q10008-104,NFYTYLRDTTTSEEQCGECSYQQSCGRKCHR,0
Q9WV31-94,VPTGDSQRWKKSIKACLCRCQETIANLERWV,1
Q8NEG5-252,CKQFPIEGKCYKCTECIEYHLCQECFDSCCH,0
P20460-98,IDLSKRRVSPEEAIKCEDKFTKSKTVYSILR,0
P17427-902,FVGAGIIHTKTTQIGCLLRLEPNLQAQMYRL,1
Q6DIB5-225,CRCSPGYTGAFCEDLCPPGKHGPHCEQRCPC,0
P15328-189,ACQPFHFYFPTPTVLCNEIWTHSYKVSNYSR,1
P11369-852,IKIPTQFFNELEGAICKFVWNNKKPRIAKSL,1
Q9VHH7-243,EDIGQLKQRNIAIECCLTSNVKSGTVPSLEE,0
B0R034-1862,FDEKEMAERKTDFEKCHNIQRFVFETPFTLT,0
G5E8R3-622,WGGATFDVAMRFLYECPWRRLQELRELIPNI,1
Q80ZW2-29,AFFALLDGWYLVRVPCAVLRARLLQPRVRDL,1
P19516-210,APGEAAQYFNKIQCFCFEEQKLAAGEEIDMP,0
Q9D172-175,VLKEFHGAKKPIGLCCIAPVLAAKVIKGVEV,1
Q99K67-305,RYTSRFNTDIAPYTTCLINGIYWEQNTPRLL,1
Q9H3Z4-131,LTCCYCCCCLCCCFNCCCGKCKPKAPEGEET,1
Q12908-314,AFAAIFLGFYVAYKKCHGKNKAEIPESKENG,1
Q16538-356,CVAIMSEEDGDDDGGCDDYAEGRVCKVRFDA,0
Q9JJY3-132,GTGAGKSFCFATANVCLLPDSLARLNNVFNT,1
Q3U4G3-36,RSHYCALLLAAALAVCAFYYLGSGRETFSSA,0
Q90ZE2-385,SPLTGASPPSFMQGLCRDPYCLTYPNAPHLG,0
Q9UBG0-504,GRWNDSPCNQSLPSICKKAGQLSQGAAEEDH,1
Q5PR61-415,KIRPQRTRPQALLFLCMILLLIVLHTSYMIY,0
O55125-83,TSNLYKIQFHNVKPECLDAYNSLTEAVLPKL,1
Q9GZY6-28,ALLVLLGVAASLCVRCSRPGAKRSEKIYQQR,1
Q9FKS4-170,HSIEPEVCESHIPFRCFCMSFSGIGGDLPDA,0
Q80HY2-125,QRLDKVHHNISVTITCMEMNCGTTKYDSDLP,0
Q5PT54-363,FGYSLAKVYLLPLPVCKTVALETGMLNSFLA,1
Q8R574-31,TKGGLVLFSANSNSSCMELSKKIAERLGVEM,1
Q9BYQ6-120,CISSCCRPSCCVSSCCRPQCCQSVCCQPTCC,0
Q9WU49-71,RASQGPVYKGVCKCFCRSKGHGFITPADGGP,0
O89026-201,LMITYTRKSDAGKYVCVGTNMVGERESEVAE,0
Q9CZR8-70,KTGYSFVNCKKALETCGGDLKQAEDWLHKQA,1
Q77MS1-820,NAGVFCGDGELTCSSCVL*************,0
P46735-509,SKCSRFLNDTTLPHSCFRIQHYAGKVLYQVE,1
P49207-83,SKTKKHVSRAYGGSMCAKCVRDRIKRAFLIE,1
Q8NI08-263,MFDPHKSDPLVIENGCEEYGLICPMEEVVSI,0
Q9CQ26-264,PTIEGLRHIVVPRNLCSEFLQLASANTAKGI,1
H7BZX2-249,EAEADKIGLLLAAKACADIRASSVFWQQMEF,1
Q9DCW4-42,SGVVTDGVKHSMNPFCEIAVEEAVRLKEKKL,1
Q9QXL1-8,********MAGQGDCCVKVAVRIRPQLSKEK,0
P32020-495,NGKGSVLPNSDKKADCTITMADSDLLALMTG,1
P25304-171,PSADGQTASCLCPTTCFGAPDGTVCGSDGVD,0
P01871-351,PAREQLNLRESATITCLVTGFSPADVFVQWM,1
Q13433-719,DMVPEMLHNDASDHGCSRWGYFFLQNAGMLL,1
P04775-1182,PEACFTEDCVRKFKCCQISIEEGKGKLWWNL,1
Q14694-94,ISSTLNPQAPEFILGCTASKITPDGITKEAS,1
Q8N1F7-392,RALRNNTDPYKRAVYCIIGRCDVTDNQSEVA,1
Q9I8X5-213,DINLPGAVDWVMMQYCFNHHFMLVLEKQEKY,0
Q6AYX5-608,QLPDILKITEAKLAECQDQLQGYERKNIDLT,0
P25205-360,GDPSVAKSQLLRYVLCTAPRAIPTTGRGSSG,1
Q99KI0-410,RSAAVAKQALAHGLKCKSQFTITPGSEQIRA,1
Q01339-23,LFSAFLCHVAIAGRICPKPDDLPFATVVPLK,1
A0A096LNW5-68,CPEGFLGEYCQHRDPCEKNRCQNGGTCVAQA,0
P06028-69,RFTVPAPVVIILIILCVMAGIIGTILLISYS,0
Q01083-29,LVLIGCLAHPWHVEACSSRTVPKPRSSISSS,1
Q6PJT7-622,CKNGDECAYHHPISPCKAFPNCKFAEKCLFV,0
Q8QZR5-254,VINPGNPTGQVQTRECIEAVIRFAFEEGLFL,1
Q8VC30-382,GGVTSKQMALVLDRICTTLIGLEEHLNALDR,1
P21555-337,LNKNFQRDLQFFFNFCDFRSRDDDYETIAMS,1
O03982-174,TTYYYAQSIEENPNACVIC************,0
Q9H6X2-481,DRVSVMRPQPGDTGRCINFTRVKNNQPAKYP,1
O43707-793,DKDHGGALGPEEFKACLISLGYDVENDRQGE,1
Q16518-231,KEDPISKSEIVVQFPCSDRFKPSYVHSFGLT,1
H0YN29-132,LVALAFVCWRKIKQSCEEENAGAEDQDGEGE,1
Q6AT25-163,EESKDTITNPCQDTSCHIKEVPVSINPEFGE,0
Q8R4U0-1673,KQGLMSQILRYHVVACQQLLLENLKVITSAT,1
O08715-80,VAPTVTQPPGREEQRCVDKPSTEPLALPRTR,1
Q640I9-341,PFYYEMCWYVLERYVCTLTKRSHLIKEYQRE,0
Q8BB25-924,KVKLSDVGFVQAYNNCTGGAEIRDLICVQSY,0
Q9R0A1-737,TGNMESAGIALRSLFCGSPPLEATSELEKSE,1
Q80UP8-438,SYSKKRLRYDSYSSYCNAVAEAEIEAEEGGV,1
G5E8H9-37,QVVSHLQDKYVFITGCDSGFGNLLARQLDRR,1
O08749-484,LALEYGASCEDIARVCHAHPTLSEAFREANL,1
P37040-566,REQGKEVGETLLYYGCRRSDEDYLYREELAR,1
P30542-309,KFRVTFLKIWNDHFRCQPAPPIDEDLPEERP,1
Q9HC10-1592,KIDLENRFYSKHRATCGIAQTYSTHGYNIWR,0
Q5BJJ7-74,DFHGIKTLLQQLFLKCHVNTSDLTDIIIQQN,0
Q15323-35,PCVPPSCHSCTLPGACNIPANVSNCNWFCEG,0
Q6PDG5-635,WNKVSEHVGSRTQDECILHFLRLPIEDPYLE,1
P0DMB1-275,VYHRVHHRPPSRARRCLFRK***********,0
Q74ZK6-260,HLRSTVLYFMDLSEQCGFTIEAQVKLFHSIK,0
Q98SM3-562,KFCQCSSECQNRFPGCRCKAQCNTKQCPCYL,0
P62090-11,*****MSHSVKIYDTCIGCTQCVRACPTDVL,0
Q91ZJ5-181,NTDEDTKKILQKYNHCRVKIYTFNQSRYPRI,1
F6UDT8-89,GKLQIGDKLLAVNSVCLEEVTHEEAVTALKN,1
Q7TSK7-816,PAHWLAQDWERCNTTCGRGVKKRLVLCMELA,0
Q9BYR4-50,CRTTCCRPSCCISSCCRPSCCISSCCKPSCC,0
Q54SH2-629,YNPNVVLFNEPLPNECFSDHHW*********,0
O89013-66,IAKRVTYDSDATSSACRELAYFFTTGIVVSA,1
Q8TF61-13,***MASLDLPYRCPRCGEHKRFRSLSSLRAH,0
Q9DCT8-126,SKASSVTTFTGEPNMCPRCNKRVYFAEKVTS,1
Q6DFW0-252,VGSSAEKVNKIVRTLCLFLTPAERKCSRLCE,1
Q9N5A8-42,YHHHHYPHSSVHHTECYQTLSCPSDLPVETS,0
P35486-273,DILCVREATKFAAAYCRSGKGPILMELQTYR,1
G3UYQ4-26,HPFTDIFNEDETDRNCLLSKPTCFIIFGKPG,0
Q96MN2-132,TEIHLYFEEEVKQEECDHLDRLFAPKEAGKQ,0
Q4QAU9-328,MPRHGASCPIGIGVSCSADRQALGKINKDGV,0
P0C6U6-1576,TVKFVVESNVMDVNDCFKNDNVVLKITEDGI,0
Q7TSH7-179,CQKCVWKFLEKPESSCPARVVAVLSFLLILV,1
Q9D7Q0-24,GLLALTGSSESSSWGCYGNIRTLDTPGASCR,0
O35386-205,VCAWTAMEHIDRNNGCLVVLPGTHKGTLKPH,1
P24457-186,AGQSINPNTMLNNAVCNVIASLIFARRFEYE,1
O60242-357,CPVHGVWEEWSPWSLCSFTCGRGQRTRTRSC,0
P41091-105,KLDDPSCPRPECYRSCGSSTPDEFPTDIPGT,1
Q9HGL8-62,VKRTAAGIWCCNGKGCKKVLAGGAWTVTTAA,0
K7EJE8-507,HYLDVPVDLSKVLFICTANVTDTIPEPLRDR,1
P61014-36,PQQARQNLQNLFINFCLILICLLLICIIVML,1
Q7TNG8-251,TLRLHPAPEATVAATCAFPSVQAAVDSTVQI,1
Q01279-157,EILIGAVRFSNNPILCNMDTIQWRDIVQNVF,1
Q9BZY9-114,QEMFHYFCEDDGKFLCFVCRESKDHKSHNVS,1
Q54FB9-198,QLDAHALVCPKVRIQCTQSESCKKSFPREQL,0
Q9Y3S2-114,AICDFCEAWVCHGRKCLSTHACACPLTDAEC,1
P05625-577,GRGYASPDLSKLYKNCPKAMKRLVADCLKKV,0
O18696-10,******MNRARKTSSCGCFRSAFCLLKPSTS,0
Q9FND9-614,YTGVIGAFNCQGGGWCRETRRNQCFSECVNT,0
P42842-873,KYGPGSLVCKDWKYKCRSTIKALMSKGKGRW,0
P11352-76,QKRLGPRGLVVLGFPCNQFGHQENGKNEEIL,1
Q8BVP5-111,LSTTEGVPQVYYFGPCGKYNAMVLELLGPSL,1
P14240-49,EPRMVLIEGLKLLSRCIEIDSADKSGCTHNH,0
Q91YP3-100,KALNMDDKGITTAAVCVYPARVCDAVKALKA,1
Q07417-151,KQQWITPFTNGDKIGCFALSEPGNGSDAGAA,1
Q8IYU2-463,TANRLSAVIQAFYMCCSCQMPPGMTSPRFIE,0
Q9EST1-37,TPLDSLIDFKRFHPFCLVLRKRKSTLFWGAR,1
O08997-41,LGGVEFNIDLPNKKVCIDSEHSSDTLLATLN,1
P54704-422,PRKHHCECNRKGQVFCVPDCPKLTCKQVGCP,0
O22255-45,LSSVIVLFVAVIMILCFHSYARWLFRRHNRR,0
P16331-237,DNIPQLEDVSQFLQTCTGFRLRPVAGLLSSR,1
Q8K2Y0-41,RQPVVCTNNHVFCSICIDLWLKNNSQCPACR,0
P57999-894,LACPPNSRYSLCTSPCPKTCHTGYVGMPCPE,0
Q9WUQ2-90,LALAGDILAAGQDAQCQLLRFQVHQQKGSKA,1
Q969X5-273,AIIGGTFTVAGILDSCIFTASEAWKKIQLGK,1
P09760-797,APQNCPEEIFTIMMKCWDYKPENRPKFSDLH,0
P78371-395,QQILDEAERSLHDALCVLAQTVKDSRTVYGG,1
O15523-126,RPGFGRFERSGHSRWCDKSVEDDWSKPLPPS,0
Q6DHM9-190,TRAALQARRGKKSNKCCLL************,0
Q9W192-527,VPKRVMQYRYFEWMTCRERQQSPDNIETETI,0
Q3SZW3-118,LFNTKINMHGKLCVFCLLCEAYLRWWQLQDS,0
Q5BLE2-423,TWPVSKMELEGRGVVCMNFFDIVLDFILMDA,0
Q922B1-197,DGCIHRAAGSLLTDECRTLQNCETGKAKITC,1
Q684M4-613,TSGRSGVGVAVTMEPCRKQIDQQNCTC****,0
P55198-9,*******MKEMVGGCCVCSDERGWAENPLVY,0
Q3UF64-364,ICGRVGGLRKALKLLCTSQNYGVRATGQQCT,1
Q9HBL6-19,ELLLFSSVIVLLQVVCSCPDKCYCQSSTNFV,0
P51863-39,KAGVLSQADYLNLVQCETLEDLKLHLQSTDY,1
Q91854-227,ESNWRCGRHSLQRIHCRSETSKGVYCLQYDD,0
P07901-375,NNIKLYVRRVFIMDNCEELIPEYLNFIRGVV,1
Q7Z5G4-69,YAEAEKLGGQSYLEGCLACLTAYTIFLCMET,1
D3Z3G6-179,LHRDLKPSNLLINTTCDLKICDFGLARIADP,1
Q6H641-424,AERQITADSAIANITCSNSVNIYVGIGVPWL,0
O88908-259,MKSYSFLRETVPGIFCVRGGKGISPPSFSSY,1
Q8N3H0-69,NKNKIEERSQTVKCSCFPGQVAGTTRAAPSC,0
Q54GY9-146,AFLIIVLIICLLARHCGSD************,0
P18831-136,YGGYGAAVNAEPAAVCCTCNQGAAGPPGPEG,0
Q9D0T1-30,DAHLTKKLLDLVQQSCNYKQLRKGANEATKT,1
Q07008-815,CLNQGTCIDDVAGYKCNCPLPYTGATCEVVL,0
Q9R112-127,QWIQDRVAELNPDENCIRTDSGKEISYRYLI,1
Q63886-385,AFITHSGSHGIYEGICNGVPMVMMPLFGDQM,1
Q9SVI0-219,MVQCTKDLIFTKCFECLEGILRKFPQCCDGK,0
H0Y3X1-203,KACAYQCHNLQGSYRCLCPPGQTLLRDGKAC,1
O04336-353,CSSMRGCPARKHVERCLEDPAMLIVTYEAEH,0
Q61941-936,IREANSIVITPGYGLCAAKAQYPIADLVKML,1
O95477-1110,DVLGDRIAIISHGKLCCVGSSLFLKNQLGTG,1
P51830-54,SNTHPKHCKYSISSSCSSSGDSGGLPRRVGG,1
Q9QZI9-72,MTEGIQTQLKKIPGFCEGGFQIKMVDTKAEK,1
P15105-269,TNFSTKAMREENGLKCIEEAIDKLSKRHQYH,1
Q1PDC4-308,DGFKLIKHLEPLCVSCIQTYGIFTPRKYWFQ,0
Q80ZE4-58,KPYIYAGYRPLHQNWCFYFRTLFQRHNEAVN,0
E9PVU9-39,ALVNRKPVVPGHVLVCPLRPVERFRDLHPDE,1
Q80VP9-87,ANGLQNGSMYCQSPECARCTHHEGLNQKLYH,0
Q752Q2-353,IPWVWTPIDHLAIVWCDQLRIVVAKLLLELV,0
Q9Z1B3-17,AGAQPGVHALQLKPVCVSDSLKKGTKFVKWD,1
P11388-392,TKENMTLQPKSFGSTCQLSEKFIKAAIGCGI,1
Q9D2C2-157,LQCLCDSDPPTLLETCRLLLTCLSQTEVASV,1
P55072-522,GMTPSKGVLFYGPPGCGKTLLAKAIANECQA,1
Q60767-59,GKCIQPLSDWVVAQDCSGTNNMLWKWVSQHR,0
Q65143-68,STKKDAQKIEAGVLYCAQFFRVKNKELVCLL,0
E9QN92-206,ALQAGPRDGNRQVLICSDQPEAKRTISEMAR,1
Q5VMQ5-542,CGNSEQSPDVPEALTCLMGSSDEIHELETMR,0
O81913-353,FVYRMIHRLVKKIHQCYSISRT*********,0
Q9JIF7-466,SVKIYRGALWILGEYCSTKEDIQSVMTEVRR,1
Q5S006-6,**********MASGACQGCEEEEEEEALKKL,0
P20918-731,GRLKEAQLPVIENKVCNRVEYLNNRVKSTEL,1
Q6P1H4-19,YTMLRNGGVGNGGQTCMLRWSNRIRLTWLSF,1
P38723-337,KKVWNNEEFFYDGLDCEWFFRRFFYRLLSLK,0
Q15758-467,HISLILAVDWLVDRSCTVLNVEGDALGAGLL,1
Q8K1S2-318,CPVDGSWEVWSEWSVCSPECEHLRIRECTAP,0
Q80X90-1280,HIKAQITNPSGASTECFVKDNADGTYQVEYT,1
E0CXK2-580,GLGKEEEQEDGAARLCGDVWRETRAKLRGIV,1
Q9D8W5-255,YLSICKHYRAIYDTPCIQAESDKWQQALKSV,1
Q8BLN5-485,NQCPSITEHIPRERLCDAVDVLLSLRNADGG,1
Q8BSE0-381,KCYVELGEPQEACKFCNLALLLPVVTKEDKD,1
Q9BR84-149,FTLHKKTDIGEELPNCNQCETAFSQHLHLVC,0
Q9FNZ4-105,YDGSKEKQEGSETNVCLDLNLSL********,0
Q9QXZ6-28,GRFFSKMKVFLMSLTCAYLAKSLSGVYMNSM,1
O54928-188,GSRSLRQRLQDTVGLCFPMRTYSKQSKPLFS,1
O14170-539,SYDSSIRIWRVSTGECLYHLRGHSLRIYSVL,0
O15551-106,AFGLLVALVGAQCTNCVQDDTAKAKITIVAG,1
Q7TNG8-369,ALALSPGSKAYSTDVCVPISRLPEILVETKE,1
O35215-24,NLPASRIPAGLENRLCAATATILDKPEDRVS,1
Q9C0E4-488,GGIFATETLSSPPLVCFIEPDSPAERCGLLQ,0
P70697-59,PEFRETRAAQDFFSTCRSPEACCELTLQPLR,1
Q63880-434,VIPTLIFSKYLQDAGCPVFLYEFQHTPSSFA,1
P14019-448,ISCAQESGMDRHPAACASASINV********,0
I3LGZ3-11,*****MRFLALTSLLCILLLCLSFFSAEGRR,0
Q60866-196,RKILEATAHAQAQLGCPVIIHPGRNPGAPFQ,1
O08914-293,LSVGPMARDVDSLALCMKALLCEDLFRLDST,1
P27961-229,WQLTNAVLHLPGCVPCENDNGTLRCWIQVTP,0
P15105-346,QEKKGYFEDRRPSANCDPYAVTEAIVRTCLL,1
Q99JG2-319,TYQNARMWWYFGCYFCLPILFTVTCQLVTWR,0
Q99JW1-230,TSGMRVAFPDTKKTYCFDAFPNIEKVSKITS,1
O43665-66,LKKEFSEENVLFWLACEDFKKMQDKTQMQEK,1
Q5SWW4-1092,SESVMNLFKDCNFDSCCICVCNMNIKGADVG,0
Q9Z2J0-572,MGMVKRTTFFRYIPICPVFRGFSKKTQNQPP,1
P15105-99,MFRDPFRKDPNKLVLCEVFKYNRKPAETNLR,1
Q5VY43-334,CDCAPDARCFPANGACLCEHGFTGDRCTDRL,0
P13945-153,AVTNPLRYGALVTKRCARTAVVLVWVVSAAV,1
Q6PFD6-322,DSKLTRLLKDSIGGNCRTVMIAAISPSSLTY,1
P34927-138,LLHVKQLVSDVRSLSCQMAAFRGNGSERTCC,1
Q9Z319-692,SDEENCGCKERALWECPFNKQCLKHTLICDG,0
P50534-561,CYKSYNSCAGCHCVCCKNPHKEDYVESDEDD,0
Q8C1R3-139,RPPRRGGCARCEILFCKKCKTLHSHPAYVEH,0
Q5SXR6-938,VAYERGQCDLELINVCNENSLFKSLSRYLVR,1
Q6ZJM9-495,CFQDKDDDQIVMCDGCDEGYHIYCMRPARNT,0
Q9UQF0-404,LTAERGGTCLFLGEECCYYVNQSGIVTEKVK,0
Q91VD9-463,SPKILQDIASGRHSFCEVLKDAKKPMVVLGS,1
Q63921-43,DAGVPSPVNPCCYYPCQNQGVCVRFGLDHYQ,0
Q9LUA9-94,KNSTTTSHHKRQTINCYSGCPSSAELSSIWS,0
P15783-28,PPDYTAVPGGRLLIPCCPVNIKRLLIVVVVV,1
A2ADU9-253,FKFQSLFRRIFGFYCCVFYGQGFHQDCKGLL,0
H3BQF1-83,GFLFGPSLAQELGLGCVLIRKRGKLPGPTLW,1
Q9EQ20-317,LNQLVGAAFGAAGQRCMALSTAILVGEAKKW,1
Q14EA8-23,DTAWYVGQIFFLVLSCVIFLIFVVALLATIK,0
Q6ZQN7-516,CNANCNCSRSYYYPVCGDGVQYFSPCFAGCS,0
P07237-312,DNQRILEFFGLKKEECPAVRLITLEEEMTKY,1
O55125-138,VHLWRFSGGYPALMDCMNKLKNNKEYLEFRK,1
Q80TS5-899,EDDVDASEPMYGCDICGAAYTMEVLLQNHRL,0
Q61009-470,LLLVPIICQLRSQEKCFLFWSGSKKGSQDKE,1
Q9C5X9-1428,SGNRWVCSQCKHFQICDKCYEAEQRREDRER,0
Q8R0Y6-17,KIAVIGQSLFGQEVYCQLRKEGHEVVGVFTI,1
Q865K9-194,FLPAAAFCGWLSCTGCCYAKYRYRRPYPVMR,0
O75051-284,NSAGDLFYTSRIVRLCKDDPKFHSYVSLPFG,0
P28474-240,NKDKFAKAKEFGASECISPQDFSKSIQEVLV,1
P07724-148,NPSLPPFERPEAEAMCTSFKENPTTFMGHYL,1
Q8R0F8-132,TLAKSFTSSCPVSAFVPKEKIPDPHALRLWL,1
Q8CIE6-1013,AVGLKLNDLIQRLQLCYQLTTVGKFEEAVEK,1
G3X973-333,CHVSCKPHSCDRSATCQVTPDRKTSCVCKND,1
Q56WM6-11,*****MMLMRRRLACCSREREISIDFDEHEQ,0
P10518-162,RQRLAEVALAYAKAGCQVVAPSDMMDGRVEA,1
F6VQH5-180,IELPMDTKTNERRGFCFITYTDEEPVKKLLE,1
Q9ESB3-24,LLVTLQCSHALSPTNCDASEPLAEKVLDLIN,1
Q9R0H0-199,SNHAIVLAQLITRGECYGLHAFVVPIREIGT,1
Q63880-127,FTLNEKMKIFPISEDCLTLNIYSPTEITAGD,1
Q8CHR6-684,LSCPHGMGERGMGLACGQDPELVRNICRWVR,1
Q13586-437,ALRERLHRWQQIEILCGFQIVNNPGIHSLVA,1
P25116-387,YYASSECQRYVYSILCCKESSDPSSYNSSGQ,1
Q86Y46-95,GFAGSMFGSVALGSVCPSLCPPGGIHQVTIN,0
Q921X9-463,ACAAVDCVKDKNQDLCQQEAVKAYPTFHYYH,1
Q8CIF6-430,DIDSDKNVIRTKQYLCVADLARKDKRVLRKK,1
B4PYW0-3,*************MSCPYAGNGNEHDDSAVP,0
Q9ET01-496,QNKTNGITPRRWLLLCNPGLADLIAEKIGED,1
Q64516-387,GLYAPYWEPSARGIICGLTQFTNKCHIAFAA,1
Q922B1-264,LDLLLEHRLRSVAFPCISTGVFGYPNEEAAE,1
Q5PQM0-666,VHLANWLCGLNLFWMCKACFRCLKRLKMSWF,0
Q9FFK8-776,PKEVPKNQFGVGLLPCDSNCKSKLQVAESVL,0
Q8BMJ2-783,RLYTWVEWVKEMLASCSSLRSGPADSFNDRV,1
P24437-534,KMHVSIRDLFLPAFVCNSNNSVDLQGLENQD,0
P16045-43,AKSFVLNLGKDSNNLCLHFNPRFNAHGDANT,1
Q8R3L5-35,GDEAQRNKKKKKKVSCFSNIKIFLVSECALM,1
Q05481-181,FLNSNRHTIRHTGKKCFKCKKCVKSFCIRLH,0
P52760-71,KQALKNLGEILKAAGCDFNNVVKTTVLLADM,1
Q18685-489,LLLPTAEGMIDFILKCDSEHQYARWMAACRL,0
P45844-315,KVCNLVPYLRDLGLNCPTYHNPADFVMEVAS,1
P89946-878,CGGAECSHKNEADYKCSVFTGVYPFMWGGAY,0
Q1RPR6-524,LSCSGRGDCYCGQCTCHLSPYGNIYGPYCQC,0
Q9JJL3-480,WEPVCGENGVTYISPCLAGCKSFRGDKKLMN,1
E9QAQ1-351,YAFLDENFKRCFREFCIPTSSTIEQQNSARI,1
A0A0R4IBK5-3,*************MKCPKCSHEALEKAPKFC,0
Q69ZF8-462,SPTKTVYKKPQEKKGCKCGRATQNPSVLTCR,0
Q9P0L0-128,WKEAKPDELMDSKLRCVFEMPNENDKLNDME,1
G3UYU4-34,SPPVMVAGGRVFVLPCIQQIQRISLNTLTLN,1
Q9WU79-476,PINPTYEATNAMYHRCLNYVLEELKHSTKAE,1
P58710-300,KKESSNLSHKIFSYECRFKQHVQDWAIPREK,1
O88451-60,LARQLDRRGMRVLAACLTEKGAEQLRNKTSD,1
D3YUM1-178,AIREAYEAGLIGKNACGSDYDFDVFVVRGAG,1
Q9FF77-431,AVAVRNNADGSTFYRCSFEGYQDTLYVHSLR,0
Q86YW5-196,FAVMAKRKQGNRLGVCGRFLSSRVSGMNPSS,1
Q99805-174,MPVTWCYDVEDGQRFCNPGFPIGCYITDKGH,1
Q8NG06-410,LASPSVPLLQLESPRCIGIFLDYEAGEISFY,0
P08559-181,IVGAQVPLGAGIALACKYNGKDEVCLTLYGD,1
P07146-233,YGCAQPDAPGVYTKVCNYVDWIQNTIADN**,0
Q91W43-230,CHRHNKRKKFFVDPRCHPQTIAVVQTRAKYR,1
Q8R086-265,DLHKFPKHEVTVTLQCAGNRRSEMSKVKEVK,1
O00370-40,HRLASWIKSQDPSVCCIQETHLTCRDTHRLK,0
Q91ZP9-384,SQPEALSQISVPAAWCTSGRD**********,0
B3EUR4-747,SGRIKKEDFAEIMKICSTIEDLRRQK*****,0
P0C6B8-749,VNGDFICAQDSAGVNCSLTCREGYDFTEGST,0
Q8BW75-365,RKLVRLTKEERLRKLCELYAKVLNSQEALQP,1
P31645-147,LFYMELALGQYHRNGCISIWRKICPIFKGIG,1
A0A075B6J2-41,PPFVSGAPGQSVTISCTGTSSDVGDYDHVFW,0
Q91Y97-269,VTALHRTVPAAVPGICFLSGGMSEEDATLNL,1
A2ASQ1-772,MTGLCSCRPGVAGPKCGQCPDGQALGHLGCE,0
Q91ZB4-231,EGTDWSGCTLQEFMDCPYNLANNRQVRMLAD,0
D3YTY9-107,QDCDFKDAEEAATGECTATVGKRENEFFIVT,0
P04850-12,****MVAEDAPVRATCRVLFRTTTLIFLCTL,0
Q2V2P4-64,YLNLGESVYDYSVATCGSSTYFARK******,0
Q8VCH6-499,MFDGSLYHKLRKQLGCQDAFPEVYDKICKAA,1
Q09470-243,CIIWFSFELVVRFFACPSKTDFFKNIMNFID,1
E0CYZ3-1171,QCGERESLLSGEGKGSTDDEAEDSRPNSGTH,1
P21333-2601,GNNMLLVGVHGPRTPCEEILVKHVGSRLYSV,1
Q9DBM2-561,RKRGNTRYSPIADMLCEAGRFGQKTGKGWYQ,1
Q6PIE5-660,LNIPVSQVNPREAKACVVHGSDLKDMTSEQL,1
Q6YHU6-71,KQIVPLLEKADKNGMCDPTIQSCLDILAGIY,0
Q60675-1164,FGLDAKNPLGCSSCYCFGVTSQCSEAKGLIR,0
F1Q930-2,**************MCVTSRADKMPSVKPKK,0
Q08460-79,PKMDALIIPVTMEVPCDSRGQRMWWAFLASS,1
A3KNN3-34,QSLVLMVLCFPSASTCPKGCTCQRSESPPHG,0
P0C6Y2-3043,STAITKLSAITGVDVCKLLRTIMVKNSQWGG,0
F8WHM5-309,DRHLYFACRDDRERFCENTQAGEGRVYKCLF,1
Q15233-145,DNMPLRGKQLRVRFACHSASLTVRNLPQYVS,1
Q05497-438,FFLLLFYALYIDGRKCWGGFSRKAFTHWNDL,0
Q6IB77-293,TLQHVPIPRSWNQWNCVPL************,0
Q9JK23-170,FGFQPRKSMQVTVLTCRHITDYKTPESTCSL,1
P24270-393,PYRARVANYQRDGPMCMHDNQGGAPNYYPNS,1
Q9Z1M0-499,PSRLPEQRRALEELCCRRKPGRCITTSKLFH,1
P43883-300,EWKRSIGYDDTDESHCVEHIESRTLAIARNL,1
Q9QJ32-144,ICVNVFGQEQYFYCECVDGKSLKATINNLML,0
P27697-333,SQETKNFISENIMRLCLEEIATFKYMQTDPN,0
G2TRU5-46,FVKCATGRTFSVTWKCRSENKTMKDCLTKAA,0
Q5ND28-484,QQVWGALTNLGSALPCGSLSNYKLPWVTVSH,1
Q9LMP1-295,NECISSRHNCSEHSTCENTKGSFNCNCPSGY,0
Q6IUF7-164,SNALGHDWLMDPPMLCRNKTKKEGSNIQFNI,0
Q9BXT4-20,SPFNVMSRNNLEAPPCKMTEPFNFEKNENKL,0
O42479-374,ALADLVCSHIQSNEICSKQLTLCCPLCVNPV,0
P0C8Z3-50,VWSGSAEARKRKAKSCVCHVCGLHLNRLHSC,0
P45844-394,KRLKGLRKDSSSMEGCHSFSASCLTQFCILF,1
Q69556-4,************MMICLVFLCVLTLARGEIY,0
P35443-432,GCKAERNCRNPELNPCSVNAQCIEERQGDVT,0
Q18563-5,***********MSTPCSGNEPATPTNTSPNN,0
P78509-1347,FLVKEGCYPASAGKGCEGNSRELSEPTMYHT,0
O95452-53,VAAQEVWGDEQEDFVCNTLQPGCKNVCYDHF,0
Q9QXE0-193,VTLQANVTSIKYKECCMPPPVSMAETSAVCA,0
Q290S5-37,VVSPKDNMVAMFCHFCKDIFTHLPEFMRHLQ,0
Q86HG9-577,NISATSLGHPELPSNCPQSFSDLIKECCNRN,0
Q14807-65,LRPFVDGTAGASDPPCVRGMDSCSLEIANWR,0
Q9ZU34-10,******MAKLLETFPCVPSTERGRGILISGD,0
P49281-64,TYFNEKISIPEEEYSCFSFRKLWAFTGPGFL,1
D3YWJ0-147,ESVCTSCIVQVSSGCCEQYEAKIHLLSDQEW,0
Q9H6X2-521,PPPAPIYTPPPPAPHCPPPPPSAPTPPIPSP,1
P48758-227,LNEQRRGDKILLNACCPGWVRTDMAGPKATK,1
O75094-1335,ALPPQSLGVSPGCKSCTVCKHGLCRSVEKDS,0
Q3ZCQ8-249,ISCLNRDPARVVVVDCKKEAFRLQPYNGVAL,1
O88703-82,SACTPGAAKGGANGECGRGEPQCSPEGPARG,1
Q93VJ2-107,DEERSSVLGDDFYMDCDKDWRLYNSSVRKGK,0
P48758-122,AEVTMKTNFFGTRDVCKELLPLIKPQGRVVN,1
H3BTI4-52,KGPQRLEKYPDEKSVCLRGCPKVTEISNVKC,1
Q6MZT1-122,AAISGPEDGEIHPEICRLYIQLQCCLEMYTT,1
Q6RJQ3-299,LGFWSIFTVCFLCYLCYLQCCGHWCPTPGRG,0
Q8BYM7-189,GLRFDLLQEEGSDSNCDPDQPEVGASEAAQS,0
Q08532-61,SSSRIWYSLWMNIAFCGGLGPTSIFDPCFLT,0
Q8SWR2-352,NSSTPGRKSLQFEMECDEDDGSYTETGKPNQ,0
O15162-297,PLDLDVKMKAVMIGACFLIDFMFFESTGSQE,0
H7BWY6-222,SPETRRLVRQRQEELCLERQYRWIEHNGYCQ,1
O15533-115,PASAKWASGLTPAQNCPRALDGAWLMVSISS,1
D3Z1V4-190,TFRKKYNLGAPVAGTCYQAEWDDYVPKLYEQ,1
Q9ERZ3-562,NKTFRTTFKMLLLCQCDKRKRRKQQYQQRQS,1
Q8GZ63-426,SNGSMDDAMRVFNKMCKFGVSPNIKTFETLM,0
P0C6X1-2643,SACTRLEGLGGNNVYCYNTALMEGSLPYSSI,0
Q9C0A6-53,SVYSTHNYGTTQRHGCRGLPYATIIPRSDLN,0
Q9D2H5-12,****METAMCVCSPCCTWQRCCPRLFSCLCC,0
B2RYJ8-715,GDPPRTVLQAPKEWVCL**************,0
Q3UP44-125,CAPQGQLVVADAGDNCIKLYQYLGEMA****,0
Q9UK96-430,QKDKEAMALANSVQGCLIRKCLFRDGKGGVF,1
Q9CYV5-234,AMSIIALVRTLVDSVCKHGPRHRCCKHYEDN,1
Q15386-1076,YDETLLRSKLLYAIECAAGFELS********,0
P14543-826,CHPDAFCYNTPGSFTCQCKPGYQGDGFRCVP,0
Q9SS86-395,FFGGFVFAPTTYFIPCIMWLILKKPKRFSLS,0
Q3TXS7-184,ESNDVPGMLAYSLKLCMSLMQNKQFRNKVLR,1
Q8TDJ6-46,YGSGCDIVILANDFECVQIIPGAKHGNIQVS,0
P30411-329,TQIASFMAYSNSCLNPLVYVIVGKRFRKKSW,1
A1L1M4-144,VMVVSCIYPTSEKNGCSGVNRMNGVMLSGNT,0
P05362-52,ILPRGGSVLVTCSTSCDQPKLLGIETPLPKK,1
E9PNW4-89,DVTTRLRENELTYYCCKKDLCNFNEQLENGS,1
Q6IQ26-206,FNSYDISRDTLYVSKCICLITPMSFMKACRS,0
Q91WC9-610,IIHLEEEGGSGRFGCCSAAQYRARWAHEAEF,1
Q3V0Q7-252,NTSFCAGHENGTFDSCRGDSGGPLMCYLPEH,0
Q6ZN84-326,TSPACQDHNKAGQEMCYVCLQRAQRNSLLYY,1
Q9SGE3-33,VEETIKVTVTEEGDPCVITETANDQETQDLT,0
Q6R0H7-913,VRACYERSNEYQLIDCAQYFLDKIDVIKQAD,1
Q9P0X4-77,LRQTTSPRNWCIKMVCNPWFECVSMLVILLN,0
Q5LJZ2-1587,CGNLARFINHSCNPNCYAKVITIESEKKIVI,0
Q9DBL9-50,SHLKEAEEKMLKCVPCTYKKEPVRISNGNRI,1
P60174-2-164,KVIADNVKDWSKVVLAYEPVWAIGTGKTATP,1
Q8C196-1049,ELSLERILDIYHQEACNGCIISVGGQIPNNL,1
Q91WT9-2-100,PMVRINKISKNAGLKCELLAKCEFFNAGGSV,1
E1BB52-901,LLGEERYTPAIDVWSCGCILGELFTKKPIFQ,0
Q9HC84-5224,PYSLFHNNTEGQCGTCTNNQRDDCLQRDGTT,0
P29724-21,VRAFAGVFCAMLLIGCSKSDRPQMGNAGGAE,1
D3Z106-175,TTASLVPEVESVASECPDLKTKLVVSDHSHE,1
P07814-1487,PSMGAKSLCIPFKPLCELQPGAKCVCGKNPA,1
Q9LTH3-349,IEVLRHPAVGGFWSHCGWNSTLESIGEGVPM,0
Q9VT00-2130,SLIPTHCQNKTIWLPCDTVMVPPHMLTDRGV,0
Q99836-274,AMKKEFPSILRFITVCDYTNPCTKSWFWTRL,1
Q96CP7-231,VMIIIYFSRLLRSDFCPEHVPKKQHKDKFLT,1
Q9SN39-831,SGHGKIIRVTKNLRVCGDCHEMAKFMSKLTR,0
Q3LHN1-38,GCIHSTHCGCNGYYGCYENKYSVIDDLIFFA,0
Q0WUR5-974,AASRVANCGHSLHRDCLRFYGFGRMVACFRY,0
P49068-36,CKACRCTSCKKSCCSCCPAGCARCAQGCICK,0
Q9NVE5-798,AIKELKLMKELADNSCLRPIDRNGKLLCPVP,1
Q1ZXK2-991,VEFFGYPKSYATTASCQQFFNSIYSFSLLFS,0
Q949V6-167,HFTVQINEGQSKRIRCMAHQCNAICDEDIVR,0
D3W0D1-40,FSLYPQYYCLLLIFGCIVILIFIMTGIDLKF,0
P20742-277,LATVSLCRKLSRVLNCDKQEVCEEFSQQLNS,0
P13707-162,LMGANIASEVAEEKFCETTIGCKDPAQGQLL,1
E9Q557-2513,GLIDYDTFKELCEQECEWEEITITGSDGSTR,0
E9PUQ0-613,SGSCCDCGCGRASSLCAVAHPSLIWRCGYSK,1
Q92349-1093,GKLIFYKSDHLDPNACSNVSPIHREFGLQSC,0
O43854-158,CECPGEFMGRNCQYKCSGPLGIEGGIISNQQ,1
Q9QYV0-469,TCQLRPGAQCASDGPCCQNCKLQPAGWQCRL,0
Q3UHK1-603,GKKLEEIESLFDHRLCSCGAADSDEGRYIEY,1
Q04721-584,ENIDNCDPDPCHHGQCQDGIDSYTCICNPGY,0
Q8L7T6-547,MDKSYDAVNKRECCVCLGDLYLSAVNCSCSA,0
P0C6V6-644,TPYKTYSCVVRGDKCCITCTLQFKAPSYVED,0
Q3V3R4-813,HGHIPFAKDCGNKERCVSDLTLDVSTTEKNL,1
P52480-326,KMMIGRCNRAGKPVICATQMLESMIKKPRPT,1
O88451-171,GRVVNISSSMGRVSLCGGGYCISKYGVEAFS,1
Q3UN16-341,SCERYRADVRTVWEQCVAIMSEDDGDDDGTC,1
Q99KY4-87,LSNEEEKNRAIIQEVCFLKKLSGHPNIVQFC,1
Q9DCL9-281,CRVVVLMGSTSDLGHCEKIKKACGNFGIPCE,1
C7GNA4-543,EFQTRSVEEAHKFMDCINFWAGRISPVPLTQ,0
P82984-71,YRSSWHTLVIIQATVCFLTMCYGVTESLGDK,0
P62267-90,IKNGKKITAFVPNDGCLNFIEENDEVLVAGF,1
A8WE67-519,LDQPDVHTIKKFNHLCSSSMKYYQMFLDSTR,0
Q9P6L8-556,YYILSKGNYFVDWSICDEYVKRFKEDHFSFM,0
H3BJG9-104,IEWSLGNTQARITRRCCSGDRCNRAPGSWEG,0
Q80U19-729,KVKELSVIDGRRAQNCIILLSKLKLSNDEIR,1
Q99KE1-120,ESLMPIVYTPTVGLACCQYGHIFRRPKGLFI,0
Q80ZA4-2601,RMNDHPDGPSFDRNICQKRIPLGEFFNNTVH,0
O74872-24,CRPSLVLIYLWYLVDCTSFSMNSVTCLRLMQ,0
O14072-1188,FQIQLLATMVVDYAACWIIEELMKKYFRDNK,0
Q5T764-294,ETTPTSAFLHHQMGLCYRAQMIQIKEATNWQ,0
Q8VDJ3-104,YKDMNQFGEGEQAKICLEIMQRTGAHLELSL,1
P48010-337,PWGLVDIDDPKQSDFCQLRNFLLYTHIEGLK,0
A0A1D5NSM8-1989,IKGDNFTLGSKIYYICKDGYTLLGAETQECL,0
O35386-191,QDLHYFPFRPSNLIVCAWTAMEHIDRNNGCL,0
P82279-1137,EEQFLKISTNSVVTGCLQLNVCNSNPCLHGG,0
Q8CG76-222,MYNATTRQVEAELLPCLRHFGLRFYAYNPLA,1
P58390-174,TRTSSPLSGSSCCCCCSSRRGSQLNVSELTP,0
O14686-392,PGDTPTDEPDALYVACQGQPKGGHVTSMQPK,0
Q9LFH9-306,PISSNTQLKTSSSSSCHSRFCKENPGTIAGV,0
Q9DCU9-251,LANVLGAQVCQLERLCLTGQWEAAQELQHRL,1
Q9W7R4-512,EQVSYNTIIIDTLTECPHNCHGNGDCRTGTC,0
Q2HJ61-14,**MERRWVFVLLDVLCVLVAALPCAILTFVN,0
Q2MJR0-396,CCYAPLRACHWVAARCGCAGCGGRHEEAAR*,1
Q9BQ66-180,CCLRPVCGRVSCHTTCYRPTCVISTCPRPLC,0
Q99PE8-61,YSVSNRVGPWWNIKSCQQKWDRQILKDVSLY,1
P17427-134,DLASRNPTFMGLALHCIANVGSREMAEAFAG,1
P17777-168,CRLCNKYHVGHVDVPCVPDNSSKEAFQRKKL,0
P40317-723,NCRWTKNTMSIAVHLCKVIDDLHREYDNNGS,0
P26639-107,QVDAESWKTTPYQIACGISQGLADNTVIAKV,1
Q9CRB2-142,IMVKPHEEYQETYDKCLEEVQALPTPL****,0
Q2HWD6-151,CPLTDPEVTNYSLTGCEGKPLPKDLTFVADP,0
P06733-337,VTNPKRIAKAVNEKSCNCLLLKVNQIGSVTE,1
P48531-44,GKKGASDCTEWTWGSCIPNSKDCGAGTREGT,0
Q75N73-116,LSERSQIGASEFQEFCPTILQQLDSQACTSE,1
P34932-417,ISLRWNSPAEEGSSDCEVFSKNHAAPFSKVL,1
Q9DC50-188,RDSIMNYFKTESEGHCPTHIAVLCRGRAFVF,1
Q9XID0-1445,DYKTRFRKFMKTHFLCVPDQWCDQGDS****,0
Q8CGB6-49,FREKVFRKKTPVCAVCKVTIDGTGVSCRVCK,0
P97872-468,VFTDPRLALRLLLGPCTPVQYRLQGPGKWAG,1
Q6DE92-322,MLPLATCLQFNSCSSCVSSMIGFNCSWCNIP,0
Q76I89-235,DGIVHNKLFMDYVVKCYEHFMKGGDTYEELD,0
Q9DCS1-41,HIHQESALAKLLLAGCSLLRIPASASTQSQG,1
Q5U9X3-551,PCDSESMWSLANSTECHPKVFEYFDWNSGFA,0
Q9CPY7-335,AKLNLPINIIGLAPLCENMPSGKANKPGDVV,1
O70133-1031,TTEGRNALIHKSSVNCPFSSQDMKYPSPFFV,1
O74452-128,RIEDLPRDLTPREFLCTFLFATNVVSVELNP,0
Q80UG2-822,RESCGLCLKADPDFECGWCQSPGQCTLRQHC,1
Q2R482-279,FEYVRLINEMVLANKCSLEIDYKQFIYIHPN,0
Q54B49-669,VSSAVCSGMIDLETGCFIIYHRSRLQQQTSG,0
Q60759-176,RQKYLPGLAKGELLGCFGLTEPNHGSDPGGM,1
G1FC92-139,DRSLRIRTRHCKGNSCEGCDKDYEDCRPDEC,0
Q9GYI4-106,TVERLSKKYRNQNFKCGEDDNGNSVRMKMKY,0
Q8VFV4-162,VGAYSTGLLGSLIQLCAILQLHFCGPNIINH,0
D3YUM1-197,YDFDVFVVRGAGAYICGEETALIESIEGKQG,1
Q8R1B4-617,PVQILYNRTMVQLGICAFRQGLTKDAHNALL,1
Q99MR6-489,IKEICWNLQNIRLRECELSPGVNRDLTRRVR,1
Q9LUZ9-157,LGLWEAGDFGRKLRNCGHGFHVECIDMWLSS,0
A2AKB4-1481,QHLVQLAGLCFQFTDCSRCSTRHREVAGNLR,0
P38903-299,SPEERIPLFIAKVDQCNTMFDFNDPSFDIQG,0
Q60759-115,MGELGVLGPTIKGYGCAGVSSVAYGLLTREL,1
P58735-39,SQGLLETLKARLKKSCTCSMPCAQALVQGLF,1
Q5BK84-360,PRRICGNGILEMNEQCDCGTLKNCTHKKCCD,0
P97315-167,GLESTTLADKDGEIYCKGCYAKNFGPKGFGF,1
P21554-415,RSKDLRHAFRSMFPSCEGTAQPLDNSMGDSD,1
Q96HS1-168,AIETTDIISRHLPGVCKVSTDLLREGAPIEP,1
P19785-451,SSRFRMMNLQGEEFVCLKSIILLNSGVYTFL,1
P51150-143,DLENRQVATKRAQAWCYSKNNIPYFETSAKE,1
P55212-148,KIEIQTLTGLFKGDKCHSLVGKPKIFIIQAC,0
Q8NG92-141,ISNPLRYSVVMNGPVCVCLVATSWGTSLVLT,0
P17712-461,GRGAALVSAVACKKACMLAQ***********,0
Q9QXY7-418,KSSEPVGRIDTDLKACTEQDVMPTTSKVIPE,1
Q61176-303,EVKSTVNTAVALTLACFGTQREGNHKPGTDY,1
P46163-43,PQSCRWNMGVCIPISCPGNMRQIGTCFGPRV,0
Q08460-5-53,FIILLWRTLKYLWTVCCHCGGKTKEAQKINN,1
P22694-344,DDYEEEDIRVSITEKCAKEFGEF********,0
Q99LB7-218,TLYVPQDGTMDPAGTCTTLTRAAVARGAQVI,1
Q8R050-464,DMGTVVLGKLESGSICKGQQLVMMPNKHNVE,1
Q9VR07-515,GGLEYPGMMRWELFACLICAWLMVYFATWKS,0
Q9R0P3-243,FLSNGQLLPDNFIAACTEKKIPVVFRLQEGY,1
Q700K0-4136,RSWAPGSQHQDACNNCSCQAGQLSCTAQPCP,0
O14023-14,**MSTSSLAFLKAKACAEIVAELIASENQNK,0
Q1M199-109,GGALSWEGNGPHHDRCCTYNENNLVDGVYCL,0
Q62962-342,MPGDAPFCTPEQHKECAEPALGLLAEKDSNY,0
Q5BVD1-64,KESPWSSCNKNVVGRCKLWMIITSIFLGVIT,0
Q91X72-230,VPPRYPLDARDYFVSCPGRGHGRPRNGTAHG,1
Q41975-116,GFFYWIAQCLGSIVACLLLVFVTNGESVPTH,0
Q3TWN3-399,MMTFPASYPVSKLLDCVLGQEIGTVYNREKL,1
P07174-279,VVGLVAYIAFKRWNSCKQNKQGANSRPVNQT,1
P20918-502,KDYRGKTAVTAAGTPCQGWAAQEPHRHSIFT,1
Q8VFD0-182,FSFLFCGPNRVNHFFCDLSPMMELSCSDVSI,0
Q64337-2-131,EAPRNMVHPNVICDGCNGPVVGTRYKCSVCP,1
P36544-364,GEDKVRPACQHKQRRCSLASVEMSAVAPPPA,0
O48947-69,LFVACNECAFPVCRPCYEYERREGNQACPQC,0
Q45EK7-559,MSLHHPDGCPVGQEACRYEH***********,0
Q6NZL8-228,CQHSCEDTDTGPMCGCHQKYALHADGRTCIE,0
Q13370-311,SCVSLGETAASYYGSCKIFRRPSLPCISREQ,0
O94832-491,NSKLGKHAHFSSRKLCASDKILEFDRDFRIR,1
P02730-843,VKTWRMHLFTGIQIICLAVLWVVKSTPASLA,1
Q96M86-2926,HFFHLPSGSEEAILQCLRDASWHAGMLSQPV,0
Q02643-78,LCWPTAGSGEWVTLPCPDFFSHFSSESGAVK,0
Q9D2P8-26,RLSKNQKFSEHFSIHCCPPFTFLNSKREIVD,1
Q9DD20-96,TGANFQFYPQGCKVTCVDPNPNFEKFLTKSM,1
Q8C181-53,HPPKSCQVENGRVIACFDSLKGRCSRENCKY,1
P11588-156,EPDLSSDIKERFAQLCEKHGILRENIIDLSN,1
P30518-342,SFSSSVSSELRSLLCCARGRTPPSLGPQDES,1
Q99KI0-385,KEGWPLDIRVGLIGSCTNSSYEDMGRSAAVA,1
Q6P8J7-63,FPPSADYPDLRKHNNCMAECLTPTIYAKLRN,0
Q86WI1-1955,GFEILEISVMINNIQCNVTMANDSVVQCIVG,0
P62717-109,YREYRDLTTAGAVTQCYRDMGARHRARAHSI,1
Q9UIE0-235,GEKPFKCEQCGKGFRCRAILQVHCKLHTGEK,0
P08572-42,LAQSVLAGVKKFDVPCGGRDCSGGCQCYPEK,1
Q6TMJ6-417,CGNGGEVIWENGYPTCVIQIKKIIT******,0
A2AQR0-84,EFDILVIGGGATGCGCALDAVTRGLKTALVE,1
Q8K341-120,FVLDDREAHNEVEPLCILDFYIHESVQRHGH,0
Q9USN7-255,GDFGERKKDIMILGDCDSQVRALCKLLGWSD,0
P24865-358,YYLSMQMLGHLDWTPCHVYYSGYTARQLKPC,0
Q9D8T7-2-48,SELREHFAQFGHVRRCTVPFDKETGFHRGMG,1
C7GJY7-380,VTWRVGNCYNSNIGLCRYENMAFRWLVRSNK,0
P23284-202,TDSRDKPLKDVIIADCGKIEVEKPFAIAKE*,1
P32553-23,LMTNEKFDPSLEKTICDVIVTKKGRVKHKEV,0
F6Q3G7-65,RKLPWQDQEVKDYVICCMINIWNVKYNSIHC,0
Q91X72-199,VGNCTAALRWLERYYCFQGNKFLRFNPVTGE,1
O14672-632,RHFSGRTITLQPGSPCNDFRGYCDVFMRCRL,1
Q99KI0-448,AQILRDVGGIVLANACGPCIGQWDRKDIKKG,1
P13639-728,AIHRGGGQIIPTARRCLYASVLTAQPRLMEP,1
Q8VBW8-168,FARRQLVLLNPYAALCNRMLADMMGQLRAPS,1
Q54TC3-328,PQSFKDNLEVICFGHCLFEMIIGIPLGDHSN,0
Q9R0P3-181,YRSVSAFAPICNPVLCSWGKKAFSGYLGPDE,1
Q13639-328,AFLNKSFRRAFLIILCCDDERYRRPSILGQT,1
A8C756-1910,RIQEERTLAVLRLLACLEGKEGLRAEDCPRE,1
P11046-1094,AENHWKIASGEGCESCNCDPIGALHEQCNSY,0
P00329-47,PKAHEVRIKMVATGVCRSDDHVVSGTLVTPL,1
Q9VCW3-184,DLISVFQTEGQQMASCIAVSATGEVRYWSSI,0
P16070-286,TISAGWEPNEENEDERDRHLSFSGSGIDDDE,1
Q8CEF9-486,ECKATDENVIKVSDHCDYVFVNGKEIKGKMD,0
Q80XP8-28,TQRYPFEELSQGQQLCKECRIAHPIVKCTYC,0
P16144-551,CEYDNFQCPRTSGFLCNDRGRCSMGQCVCEP,1
P48776-266,EEQMAEFRKQKEVLLCLFDEKRHDYLLSKGE,1
Q61656-170,HINHQPFLERGDGPICLVLAPTRELAQQVQQ,1
Q9ESW8-149,LDVSVTISQDAGRYLCDFTYYTSLYQGRGRS,1
Q91VD9-75,IPRFCYHERLSVAGNCRMCLVEIEKAPKVVA,1
Q8QZS1-270,DKSIIFEEHMDKINSCFSANTVEQIIENLRQ,1
P47962-76,ICQIAYARIEGDMIVCAAYAHELPKYGVKVG,1
P22651-340,ITLGNSGIDFPPKISCLVAWKQGDMISTTNA,0
Q3KSQ7-335,MQRVLASAVVVMHHHCHYETYYVFDGVGPEF,0
O08573-138,HRVPYHLVDTIAVSGCLKLSFITFQNSAAPV,1
Q9SRQ8-197,FHVPCIDTWLKSHSNCPLCRAFIVTSSAVEI,0
P23770-324,RRLSAARRAGTCCANCQTSTTTLWRRNANGD,0
Q9SS44-9,*******MSDAFCSDCKRHTEVVFDHSAGDT,0
P30408-149,STEGQYLLDTSTWSECTEPKHIVEWNVSLFS,1
P60411-187,CCTSSPCQQSYCVPVCCKPVCCKPICCVPVC,0
Q91VI7-357,QMSSNPLGDEGVQELCKALSQPDTVLRELWL,1
Q9D486-588,MLLALRGNQTMAEILCLMLEYNIIDNNDTQL,0
P47879-170,VGTPREEPRPVPQGSCQSELHRALERLAASQ,1
P0C5J4-341,LGLRRLSETMCTSCVCAKDQEAQDPKPRRRA,1
Q67W50-383,VLDTDDSGSSYAGMFCKSMWETSNGSPSCHS,0
P28271-165,NKERFEFLKWGSQAFCNMRIIPPGSGIIHQV,1
Q99L04-177,PYGVGKAACDRLAADCAHELRRHGVSYVSLW,1
Q54Q02-56,NNNNNNNNNKFFICGCKNQK***********,0
E9Q484-408,DANLVLGRLLPASFPCIFGPGEDQPLSPEAS,1
P56715-1262,PEVCVLEVTCSPCEMCTVNKAYSPKETCNPS,0
P10518-75,QLEEMLRPLVEAGLRCVLIFGVPSRVPKDEQ,1
O15162-213,PPGVPIGYVIQTWHPCLPKFTIQNEKREDVL,1
P87553-1006,LVFDPSNPELTWLVECETQCEKCGSDAYSSE,0
Q6A163-66,LRIPWDQGCQPTPRFCRKPIYLMNNFNARFS,0
Q9JIN6-148,WQQYWKDEIGSQPFTCYFNQHQRPEDVLLQR,0
Q9C9Y4-313,CPGYSIGKRRNIRVWCEGSVDVDDKSYVIIT,0
Q9Z0H8-802,KLLVAENRLQAAESLCSAQHSHVIESSDLSE,1
Q3TFQ1-54,VVIVKNGRRICGTGGCLASAPLHQNKSYFEF,1
P52359-208,NTLPSLSKVVFDMISCNNKHCVFCKDHSKHV,0
Q925I4-781,ITLSMTFSFTSSISLCTFMSVHDGVLVTIMD,0
Q6P6M5-59,EVGRRLLVVSAQFNHCRTVLRLFDDLAMFVY,1
Q5ZM71-410,RVVNQYHELVKSEAKCPVKMFHNSGGSINLS,0
Q5ND28-144,GRLCEFPCTCGPHGQCDPKTGLCHCDPGWWS,0
Q0WUG6-492,HPRASIFPSILDYNDCPYSWPFCRQPLYAGA,0
P17427-396,DVSVRQRAVDLLYAMCDRSNAQQIVAEMLSY,1
Q66KG7-188,IYHKSCIDSWFEVNRCCPEHPSD********,0
Q20144-611,SSVPNESRVHMQIGSCHAKHSNFTAAENHIK,0
Q99PG0-339,NDNILHHLPKTYIITCQYDVLRDDGLMYVKR,1
E9PNW4-70,KAGLQVYNKCWKFEHCNFNDVTTRLRENELT,1
P35980-101,VTDDVRILEVPKLKVCALRVSSRARSRILKA,1
Q8K3R3-387,FQSSDYPLILSLENHCTWEQQRTMAHHLTEI,0
P47758-177,IDSMALKNSPSLLIACNKQDIAMAKSAKLIQ,1
Q9JII5-124,SSKSNKIFVGGIPHNCGETELREYFKKFGVV,1
O88850-542,MKHLLDFPHSSHVKSCFHIMDICKSPSSCET,0
Q9EQH2-432,QIREMFDDVSYEKGACILNMLRDYLSADTFK,1
E9Q1J7-330,RTVGIVGNQPNVASGCLDINSSVKGARFVRF,1
Q4KWH8-1074,SSPRGGRTTSNATSNCQENPCPSKSLSPKQH,0
Q61510-555,RQGPESRLGRNPNSWCVEWFNNKISAWHNNV,1
P09001-127,KDGQKHVVTLLQVQDCHVLKYTSKENCNGKM,0
O62680-31,LAVLCHLGHSLQCYNCINPAGSCTTAMNCSH,0
D3ZSP7-671,KFVEECKFPPVPDAVCCYQKCRGFSKIQIYL,0
O14207-611,IRDNIELNSKEREHDCYEGTLAVPQVNTEIR,0
Q8K182-497,NLRRALDQYLMEFNACRCGPCFNNGEPILDG,1
B2C3G8-279,NGGPPEGSLDVLQSWCEKLAEIIWQNRQQIR,1
P30992-287,KHSESFRRVSRLDSLCVAVAYINCCINPIIY,0
Q0JM17-126,QQIDPVAGQVGALVLCHTRELAYQICHEFER,0
P68368-295,KAYHEQLSVAEITNACFEPANQMVKCDPRHG,1
O22943-666,NYKDATKNNHETLTVCSSEVFYVPKRLVTDF,0
P20711-248,GLIPFFMVATLGTTTCCSFDNLLEVGPICNK,0
Q8VBT2-270,LEKFVDDEKILVEPACGAALAAVYSRVVCRL,1
Q5FWI3-581,PASVDGLSVHHSFSRCITVHGTSGLLIKDTI,1
Q8K440-562,SEMADLENILRIAGVCPQANVQFDFLTVREN,1
Q9DBA8-155,QRLQCMMRAGTTLVECKSGYGLNLETELKML,1
Q7M759-120,GQMSSFYIGLGSRINCNIFSYDYSGYGASSG,1
Q7YRF1-951,LEPEGSITVSMGIDFCDSTQTASFQLCTKDD,0
Q5ZJE4-169,AFQNLFMAVEDRFELCLAKCRTSSQSVQHEN,0
P60033-156,NNAKAVVKTFHETLDCCGSSTLTALTTSVLK,1
Q8CIZ8-559,PLVVDFGNAWKLQGDCSDLRRQHSDPCSLNP,1
Q63151-45,ISLYTILTYIPFYFLCESKQEKPNHIKAKPV,0
Q91X34-372,YPGAGHLIEPPYTPLCQASRMPILIPSLSWG,1
Q3THE2-109,LNGTDPEDVIRNAFACFDEEATGTIQEDYLR,1
Q8CCN5-554,GTITKRTGPYLFGAGCFSIKAPCKVKSPPQI,1
C0LGV0-14,**MLFWVLLSSFCVFCFSSPDGFLSLSCGGS,0
Q6PZ03-333,AVGFFCETEDDFNDWCQQVSKLSLLGGALPM,0
Q9VVI2-11,*****MGPTDQDWIGCAVSIACDEVLGVFQG,0
P35913-596,YYTDLEAFAMVTAGLCHDIDHRGTNNLYQMK,0
Q9JJY4-578,HQAKDSSPGSLPKIPCLSSFKVHQPSTLTFA,0
Q91W43-146,KNQIWRSYIGMGYYNCSVPQTILRNLLENSG,1
P54757-605,VMIGFLLSGSCCECGCGRASSLCAVAHPSLI,0
Q6ZWZ6-92,IKVDDNKKLGEWVGLCKIDREGKPRKVVGCS,1
Q2TPA8-218,TAAMDMLGGSGVENQCRKVDIIADAAYSIFK,1
Q54UZ5-18,SVNEFFIFFLIVWHTCECVGIGFEHLHLVIY,0
F1N4M2-72,SASDSCSPPQVKGACCPTLTPAARGTPAALL,0
A2A591-3,*************MACCVARCCSVPTGPATT,0
P61222-201,SILDRKDETKTQAIVCQQLDLTHLKERNVED,1
P0DSO2-9,*******MGCCGCGSCGCSGGCGGGCGGGCG,0
P08752-140,SGVIRRLWADHGVQACFGRSREYQLNDSAAY,1
P61247-96,FRKFKLITEDVQGKNCLTNFHGMDLTRDKMC,1
O35490-104,YVAEKISGQKVNEAACDIARQVADEGDALVA,1
Q8BP47-522,PAPYYWYTDQRKYGTCPHGGYGLGLERFLSW,1
Q91XW9-777,VTLRPTDSQSHCYRTCFSPASDGSDFTFLRP,1
P39083-30,RCKEFITTGHAYELGCDRWHTHCFACYKCEK,0
Q7ZY47-330,QKELQPADGPIAVIVCPTRELCQQIHSECKR,0
Q8K2W6-248,CMKPFAGRPMIECNECHTWIHLSCAKIRKSN,0
P97501-116,LKYIQFETPVTSINKCPNFSTTGKWEVTTEK,1
Q8K010-1053,CLRCLVGRDIPLNQGCLAPVQVIIPKGSILD,1
P34647-179,TRDVQQQFRYTQPTKCANPQCMNRTRFSLDV,0
F8WGB3-36,QLCIRKWSLPMALSVCHRGSGIALSGGVSLF,1
Q8VC12-265,GGMSGAQAKAAAIVGCIGVIAEVDKAALVKR,1
A6ZQL9-487,GGDWVNLAISFFMGLCVGSLQFILSQKSYMY,0
P16070-77,TMAQMEKALSIGFETCRYGFIEGHVVIPRIH,1
Q5FW56-204,YSLNGRCQLKVRSNTCYCCDLYACGSTEPSP,0
Q63850-479,MAGGPADTSDPLQQICKILNAHMDSLQWVDQ,1
Q8VE49-339,SSETCFKEEHPKESDCSL*************,0
P05556-646,EMCQTCLGVCAEHKECVQCRAFNKGEKKDTC,0
Q8NA19-237,LLVHFDNWDDSYDYWCDVNSPYVQPVGWCQE,0
Q9D1P4-24,GCGQRFDPEANSDDACTYHPGVPVFHDALKG,1
Q8VZK0-32,GCKHYKRRCQIRAPCCNEVFDCRHCHNESTS,0
Q63185-95,HEPNPLHSKQVFKLLCQTFIKMGLLSSFTCS,0
Q80XL6-650,CMRTVGLAERILQIMCDRAVQREAFKKKLYE,1
P16235-648,AFQRDFLLLLSRFGCCKRRAELYRRKEFSAY,1
Q9FG67-49,LRLTHSYKNPALFISCCSSVSKNAATSSTDL,0
Q99LH2-329,QASHPLSWGRILFIGCITAPTVRQYYAYLTD,1
P62334-193,TGKTLLARAVASQLDCNFLKVVSSSIVDKYI,1
P19096-1354,VHTVLKGHALGETLACLPSEVQPAPSLLSQE,1
D3YTT4-349,AAVALQEEREDAVALCSMAKLFATEECFAIC,1
P51842-151,SLLGNSWDKGIFSWACVNHELDNKHSYPTFS,0
Q8VBZ3-308,PINESLASLPLRVSFCPLSLWRWQLYAAQST,1
Q86AE3-680,YTVYQRSIAQSKTNGCGRMLSINISDEEFKS,0
F5H2F4-464,ITAANNLVAAAIDARIFHELTQTDKALFNRL,1
Q9DBT9-52,PEWKDRAETVIIGGGCVGVSLAYHLAKAGMR,1
Q9R0P9-90,VSPKVYFMKQTIGNSCGTIGLIHAVANNQDK,1
Q02509-330,LTSRCPEEFESYGCYCGQEGRGEPRDDLDRC,0
Q8BXT1-142,TREATRKNMQEPSLTCFDQAQGKVHSLMEKD,1
P19096-1441,LATSSSQPVWLTAMDCPTSGVVGLVNCLRKE,1
Q5VTY9-188,LTVRCLYYTSFSLELCWQQLPAASTSYSFPW,1
Q68DA7-23,LQLHKPITELCYISFCLPKGEVRGFSYKGTV,0
Q9JLJ2-443,IQRAHRVAAELQAGTCYINNYNVSPVELPFG,1
Q9P258-428,TSRESTMYPKAVQDLCGWRIRSLACGKSSII,1
Q99550-203,CNVDSCSVSSGYGTFCISELNLYKSKDPKEF,0
Q9P7Q2-177,GTQSGEVEVITPSCGCSPENSFHLKIDNDKI,0
P07724-591,AQFLDTCCKAADKDTCFSTEGPNLVTRCKDA,1
E0CYZ3-350,NACINWNQYYNVCRSGEFNPHNGAINFDNIG,1
A0A0J9YX57-354,DKYVVYRQVCNSDPPCYEFLWGPRAYAETTK,0
Q9QYV1-187,CDEDAENVGCVCNIDCSGYSFNPVCASDGSS,0
Q78KK3-70,LQLLGGPVFGRFADQCGARAALSLSFLAASA,1
Q9H4F1-260,PSVPYHYFEKGRLDECQMYLAHEQAPRSAHR,0
Q7Z3G6-225,AEGRHWHMKHFCCFECETVLGGQRYIMKEGR,0
Q4JQW0-120,QTVVVLGFAVLWAVGCPISRDLPFVELLGIS,0
Q91YP2-272,VPETRRKMEMAFHTRCKEENTIILQQLLPLR,1
O13016-432,MFTFLTAGAYLCYRVCFH*************,0
Q9H3N1-106,LSGRFIITALPTIYHCKDGEFRRYQGPRTKK,1
Q2V2Q8-50,LGECGAVPFPGTNADCTSCCVGNFGSAVCAG,0
Q99KF0-696,NLAMQRGGDGELQTHCNDILHVTDTMFQGRS,0
P50942-103,IPNKTVNKIYAVDFFCLNNSKWDFMDIDSSG,0
P11716-24,DEVQFLRTDDEVVLQCSATVLKEQLKLCLAA,1
Q15349-592,FVAPEVLKRQGYDAACDIWSLGILLYTMLAG,0
Q9CW42-152,LLLPITPPATNPLLQCRVHGLEIQGRDCGED,1
Q9BUJ2-532,KMRPFEGFQRKAIVICPTDEDLKDRTIKRTD,1
Q922Q8-131,KDNPLDPVLAKVAGDCLDEKQCKQCANKVLQ,1
Q9JHK4-99,ELAALVKAELGFLESCLRVNPKSYGTWHHRC,1
P04186-188,KVGSQYRLEDIVTYHCSRGLVLRGSQKRKCQ,1
Q61211-446,LEKNEQHLVTKLPWDCLLTRCLKNMQPAYQV,1
Q91WC9-304,YGWPLYIYRNPFTGLCRIGGDCCRARDIEYD,1
Q9EQH2-182,AATQFEPTAARMAFPCFDEPALKASFSIKIK,1
Q99MR8-505,KDLLPSHSTIAKESVCQAALGLILKEKEMTS,1
O43897-537,VRDGTSENSPLIGRFCGYDKPEDIRSTSNTL,0
Q8C4G9-326,HCAKREDVWQCWWSCCPSRGDTSTTKPGAHP,1
Q18LF7-328,LKTSLLSNNDDQTNNCNDYIVDNCAVDNHCQ,0
P43883-84,IQKLEPQIAVANTYACKGLDRMEERLPILNQ,1
Q54YG2-1416,GGITHTPISCDDNNPCTLDSCSPTTGCVNKP,0
P16144-468,DVCTCELQKEVRSARCSFNGDFVCGQCVCSE,0
Q9ERR1-273,DLLRKVGALESKLAACRNFAKDQASRKSYVP,1
A0A1B2JLU2-114,SVFFRNCRDCKCTLACQQFRVRDCRKLEVFL,1
Q5ZKR7-445,QLVYKKVRKAIGLDRCTKCFTGAAPISRETL,0
Q5U315-275,IRAKVPIVKFRDKVSCVEFDLNVNNTVGIRN,0
Q6GND3-101,TLERLKRKYRNQKFKCGEDNDGYSVKMKMKY,0
P62137-245,EVVAKFLHKHDLDLICRAHQVVEDGYEFFAK,1
G5EEV2-2991,PDWNVVEECKSQIAGCIPPSFHLDYTLFNLM,0
Q02933-45,NIPLSCSNKTDIDNSCCFEYPGGIFLQTQFW,0
Q55CI8-2207,KHQLSLYLFSDSYNGCDQEHELNINILPAEI,0
Q68FE2-122,PVKVTLPDAFLPAQVCSARIQENGSLITILV,1
P32917-910,RRSSFSSLIESGNNNCPLHMDYI********,0
Q22000-493,QHHLAVAFKLLQDSNCDFLANLSRKQRLQFR,0
Q92692-183,AQKVTFSQDPTTVALCISKEGRPPARISWLS,1
Q94A34-290,EIIDESELPEFLGGSCTCADNGGCMRSDKGP,0
Q9CPV7-328,VRSVRYKVIEDYNGACCPLNRGVRTFFTSPC,1
A2AUY4-1892,SIAWEKSIMKVYCQICRKGDNEELLLLCDGC,0
P57999-595,GRIECQISQCKTHTKCQLKNGQYECQPYGTA,0
Q91V01-270,YLLTEDYDNRPFWFRCMYMLIWGKFVLYKYV,0
P54868-96,AGKYTVGLGQTRMGFCSVQEDINSLCLTVVQ,1
Q9NPC1-4,************MSVCYRPPGNETLLSWKTS,0
P34927-268,DCAHFTTDGRWNDDVCRRPYRWVCETKLDKA,1
Q54NT4-10,******MKPFNELGICILNGYIFVFVYFDFN,0
Q9D0I9-86,KNMININSRLQEVFGCAIRAAYPDLENPPLI,1
Q8BH00-247,SQPTAERITQLSAPHCKKLSLELGGKNPAII,1
P17735-258,PILADEIYGDMVFSDCKYEPLATLSTDVPIL,0
P22549-201,KVPCNIDSDCNRNNGCETFTCNLSTNTCDYY,0
E0CXZ9-2-263,FHKIGVGAMTWSPLACGIVSGKYDSGIPPYS,1
P61514-42,KKIEISQHAKYTCSFCGKTKMKRRAVGIWHC,1
O82394-143,GEESELMRFWHSVSSCVVGDLLYALDLTCAL,0
Q9D8T2-192,HSQEGSGQFTLPGALCLKGEGKGHQSRKKMV,1
A6ZYV0-187,LFLLKSDVLLFTSNYCTRFTNRLIKGTEMER,0
Q9CR57-42,IVDVIDQNRALVDGPCTRVRRQAMPFKCMQL,1
G5E8R3-376,GLRQENIRINGCAIQCRVTTEDPARSFQPDT,1
Q93050-25,MTLAQLFLQSEAAYCCVSELGELGKVQFRDL,1
P47802-177,NEEELEKELYQEARECLTLLSQRLGSQKFFF,1
P05023-518,HLLVMKGAPERILDRCSSILLHGKEQPLDEE,1
Q54YY1-444,SFKELGDNKAMLLYICADGFTNEDNHVNQHI,0
P22891-141,KNECHPERTDGCQHFCLPGQESYTCSCAQGY,0
P36140-22,FSLHTYMYIHIYIYICMYTYVYKYMNTVMTT,0
Q8C2S7-166,DAFQGLRMLSHLYLSCNELSSFSFNHLHGLG,0
P00511-114,LRAAHNLVKRGITNLCVIGGDGSLTGADTFR,1
Q99MG9-43,NTKRSIKERLMKLLPCSAAKTSSPAIQNSVE,1
Q66KU4-27,NKGHRVTKNVTKPRHCRRRGRLTKHTKFVRD,0
Q3USZ8-364,ILCARVTVDHNYYAVCQNLLSRHATWRGTSG,1
P78310-259,IGTLLALALIGLIIFCCRKKRREEKYEKEVH,1
P62746-107,LENIPEKWVPEVKHFCPNVPIILVANKKDLR,1
Q5ZL79-5,***********MAALCEAFTLCGLGPAGGVG,0
Q9DBN5-751,AVTKDGPSAGVTIVTCLASLFSGRLVRSDVA,1
E9Q6G4-1229,GLAPNAAQVQGWTLTCQQLRALLHKRFLLAR,1
B6EXY6-565,TEMFSDIVIEHEYSECTSSAIQALSLFKQLY,0
Q39243-189,SGEASGGFWNRGISACAVCDGAAPIFRNKPL,0
P51559-887,GFGLMFWIVVSLIAACGICACKKCASETKSS,0
Q8IVL5-123,PLFRSLLGRARCYRSCETQRLGGPASRHRVS,0
P21981-553,ENSIPLRILYEKYSGCLTESNLIKVRGLLIE,1
Q8CBC6-592,VYNLTHLKPSTEYKICIDIPTVYQKSRKQCV,1
Q8MJS1-632,LQGKANWSTFVAPSICIAVITVGVFSMRCFR,0
E9PLD0-23,LFKLLLIGDSGVGKSCLLLRFADDTYTESYI,1
Q3UZR5-872,LSSRSQTKSVFEIGLCSNKMFCYAVLGSIMG,1
Q9W539-921,EAPHEPTDEDEQPLVCMICEDKATGLHYGII,0
Q8N6S5-48,QGDSWGEGEVDEEEGCDQVARDLRAEFSAGA,1
Q04214-1423,VRGWSCVFENSQVTICLFVDDMVLFSKNLNS,0
Q8BIV7-516,GSSEQSEQPLSLRHLCSTIYNMPKALRNLCV,1
Q64435-176,EYLNLPSVYLFRGFPCSLEHMLGQSPSPVSY,1
Q8CIP5-1075,FFFQSLCCFFGPEKNCGQILWPCAHLPWDAG,1
P10040-1974,CQNGGQCKDLVGRYECDCQGTGFEGIRCEND,0
Q8H0T9-244,GVRCLSFNPDGKTVLCGLQESLKIFSWEPIR,0
Q93084-525,SKMFVKGAPESVIERCSSVRVGSRTAPLTPT,1
Q3UQ44-246,KQTIITLRNPNAVLTCVDDSLSQEYQKELWE,1
P22695-192,LHAAAYRNALANPLYCPDYRIGKVTSEELHY,1
Q8BGY2-73,LVGIDIFTGKKYEDICPSTHNMDVPNIKRND,1
Q8VCN5-171,ETPTNPTLKLADIGACAQIVHKRGDIILVVD,1
Q9LUA9-5,***********MGYMCDFCGEQRSMVYCRSD,0
Q921I1-156,LGRSAGWVIPIGLLFCKLSEPRSPLEKAVSS,1
Q8K2B3-475,LVVFGRACALSIAESCRPGDKVPSIKANAGE,1
P09733-14,**MREVISINVGQAGCQIGNACWELYSLEHG,0
Q9JJK2-149,KRTLRNLSGRRVTFLCGDAGPLAVGAVIYHK,1
O88992-32,GPDGHYEMLGTCRMVCDPYPARGPGAGARSD,0
Q6I628-233,FNECWWDSIILDILICNWFGIWAGMHTVRYF,0
Q688M5-38,AEQCGSQAGGALCPNCLCCSSYGWCGSTSDY,0
F7A4A7-656,SSTCFAPVHVPMVDPCNINQQNIGYAAHCDV,0
O35969-169,NHAFRLLKTGGVLTYCNLTSWGELMKSKYTD,1
Q9V8Y9-114,SSGVNACKDIKGTNDCDTAFKVTMCLKEHKA,0
Q54NA0-741,LNDLQSLLEKNDEIDCNINNNNNNNNNNNSN,0
Q5SXR6-1261,DGARKANSTRTWKEVCFACVDGKEFRLAQMC,1
F1LP64-1527,HAISRYWYYLYDNAMCKEIIPTSEFINSKLT,0
I0IUP4-152,LVKVLEFERSYICNKCKHVFVAKADFEQYYA,0
Q99523-783,LVTVVAGVLIVKKYVCGGRFLVHRYSVLQQH,1
A8MS85-721,MDINLDEEAAPRVMACCWGPGKPPNTFVMLD,0
P05769-2972,VEDPKFWEMVDEERECHLRGECRTCIYNMMG,0
O08709-47,SWGILFSHPRDFTPVCTTELGRAAKLAPEFA,1
Q6P3A8-226,VIPRSPFQAKGLLLSCIEDKNPCIFFEPKIL,1
A0A7H0DNC2-231,STMHIILSKDKDEKGCINMIDKLFYVYYNLF,0
Q940L5-126,LQVLLDTENHPVLIHCKSGKHRTGCLVGCVR,0
P30292-261,VYCIGEVLDVDPAYTCPYQNVMDGVLNYPIY,0
Q8WZ55-56,GSVMVIGGIIWSMCQCYPKITFVPADSDFQG,1
Q02269-67,YIVWRGQFPFAACACCLEIQGKINQFRHFDF,0
Q9NS61-45,PTKKALKQRFLKLLPCCGPQALPSVSETLAA,1
G3X973-1874,YGIDQLLEPPDLGARCDRFEPQPLQMKTCSI,1
O18910-228,YPGVQSYMMVLMVTCCIIPLSVIVLCYLQVW,0
Q9JJX6-261,MAVEGGIMGIQIKWDCNLDRAASHCLPRYSF,1
Q9GSX9-237,INRATEALKTFFNVFCHFHGDVKAIDHKNAA,0
Q8TGQ9-19,KSNNTLFNHDCSLSFCKEKVYSKLLV*****,0
Q9Y693-152,ALYPLGWDSEEVRQTCGYTSGQFDLGKCEIG,0
P24549-126,GGKVFANAYLSDLGGCIKALKYCAGWADKIH,1
P11881-849,AQTMEFVEEYLRDVVCQRFPFSDKEKNKLTF,1
Q99LB7-745,FVGELGWELHVPRASCLPVYRAVMAAGARHG,1
P24457-215,YEDPYLIRMLKMLKECFTEISGFIPGVLNEF,0
Q6VN19-501,TDESSMDDGHPRRQLCGGNQAATERIILFGR,1
Q05612-58,SRKIHMLIHLPLLFHCDATSHILLISIFFLL,0
P21729-341,LSKSFRKQFNTQLLCCQPGLMNRSHSTGRST,1
P34914-78,WVPLMDESYRKSSKACGANLPENFSISQIFS,1
Q63886-282,PRPIMPNMVFIGGINCLQKKPLSQEFEAYVN,1
Q8VBZ3-454,DVRLDREHRVAGIFPCPTFKDKSTYIESSTK,1
Q64735-146,DSTWTSAEDKCIRKQCKTPSDPENGLVHVHT,0
O35633-194,VVRVRDSYVAIANACCAPRFPTLGGRVVNVA,1
P11859-340,VPLGERATLLLIQPHCTSDLDRVEALIFRND,1
Q9FH06-260,FSHYTYAYPHNVSDACNDAIREAGDITTEYV,0
Q2TGI8-203,MLYLWFAVGLACAGFCCHQLLLILRGQTRYQ,0
P62318-20,VPIKVLHEAEGHIVTCETNTGEVYRGKLIEA,1
Q9CZ42-104,GISALKVGADLTHVFCAREAAPVIKSYSPEL,1
Q80TJ7-303,QNEMFFGDQVEKCYKCSVKQGQTLFIPTGWI,0
F5HDQ6-235,PAVSETLFYYVYTSWCQSLRFSEPRVLIEAA,0
Q75N73-319,VNSMSVQDLQASQSACYWLKGVRYSDIGTLA,1
P0DOG5-504,SSTERVVQPHRSRAECSFLL***********,0
P16331-357,AYGAGLLSSFGELQYCLSDKPKLLPLELEKT,1
Q969E2-132,VLTVIQAIGFSGWGACGWLSAIGFFQYSPGA,0
Q32N90-191,IAAPVTCFRHAPMGNCWGDIAEGVRIEVPNT,0
Q9BTU6-175,GHLNPKWTKWLQKLCCPCCFGRDCLVLNQGY,1
P70694-98,SKVWCTFHRPELVRVCLEQSLKQLQLDYVDL,1
P01133-1146,WRQEPQLCGMGTEQGCWIPVSSDKGSCPQVM,0
P0C9N9-239,QKIAHMDIDEMMQLACMRDYNFSTIYYCFVL,0
P62603-348,EDWKCITYTGQYQSDCLLPQQFDCEPGVLGS,0
Q13361-129,RRMYIVNKEICSRLVCKEHEAMKDELCRQMA,0
Q93YV7-368,NDCYLEREPGTQPPLCRSDNDPDAVWGVNME,0
P53396-519,MQTRAVQGMLDFDYVCSRDEPSVAAMVYPFT,1
P32020-224,VMKSKPVFDFLTILQCCPTSDGAAAAILSSE,1
Q9CQE8-19,RKLTALDYHNPSGFNCKDETEFRNFIVWLED,1
Q6VB84-371,SSDHQACCIPRPLPLCCKCPPPPLLGQFCSN,0
Q99246-108,KQGNSSNSRPARALFCLSLNNPIRRACISIV,1
G3XAL1-249,FRCRMFSCFKESDRLCLQDLLFKHYCYPERD,1
Q80UU9-153,GIFAGRDASRGLATFCLDKDALRDEYDDLSD,1
Q9QXU7-106,RKKEVPFWGRRMHHTCPCLPGLACLRTSFNR,0
Q9DBA8-233,LSRNGDLHVDNIDVFCEKGVFDLDTTRRILE,1
Q9LUI1-461,PPPPSPQPYMYPSPPCNDLPTPVHY******,0
P0C6X9-1796,ADLSGATCNLEFVCKCGVKQEQRKGVDAVMH,0
Q54EV7-89,DSLIKYRWKSLPREQCEGIKNYIVSLIIRLS,0
P54071-418,VQTVESGAMTKDLAGCIHGLSNVKLNEHFLN,1
Q9D7J9-31,SWLRRNPWAPLSAGFCSPGSAGPAGSESEPR,1
P34981-337,LMSQKFRAAFRKLCNCKQKPTEKPANYSVAL,1
Q8BUM6-94,SFSQKSPQARALCRSCSHYEPPTFFLQEPED,1
Q9P7A1-11,*****MSGPHHCSADCDEHPFESGPNDTLYS,0
Q3UJB9-981,LAELWHNQEELLQRLCAQLEGLQSTVTDHVE,1
P43146-1121,VGVITVLVVVIVAVICTRRSSAQQRKKRATH,1
B2RX12-664,QIPKGALVAVVGPVGCGKSSLVSALLGEMEK,1
Q9DBE0-171,NMYAMNLARFQRYPDCKQRGLRALPPLALFT,1
Q9WU19-349,EILKEEFRLAMALSGCQNVKVIDKTLVRKNP,1
Q6PF96-500,VNRNLSIYDGPEQRFCPAGVYEFVPLEQGDG,1
Q9D5Z7-179,CCQSSCCKPCCCQSSCCAPVCCQCKI*****,0
Q8R3P0-275,VFVSLDGKVIPLGGDCTVYPVFVNEAAYYEK,1
Q9DBM2-231,AKVRKQYPGRLAPETCVRSVQASVKHPYEVA,1
A6H6E9-37,QTGIPAQETDDLFSTCYCEETEEDTAHQEAG,0
Q91W86-460,RQSLANADHTTLLLNCYTKLKDSSKLEEFIK,1
P07306-36,LRKGPPPPQPLLQRLCSGPRLLLLSLGLSLL,1
Q80ZA0-199,FGLYQKYPVKYGEGKCWTDNGPAFPVVYDFG,0
Q12052-134,FPYVYGVDYSIEHIYCTAKNAQSYGVDDRIW,0
Q9R172-1121,GGYVCECPTGYSGDSCEDDVDECASQPCQNG,0
Q6P3A8-314,VIDLRTIVPWDVDTVCKSVIKTGRLLISHEA,1
P84099-17,SMLRLQKRLASSVLRCGKKKVWLDPNETNEI,1
P50172-241,EISGIINAQASPKEECALEIIKGTALRKSEV,1
O88441-246,ELSEKVKNYSNLLAFCRRIEQHYFEDWGKGR,1
Q60614-311,DFRYSFHKIISRYVLCQAETKGGSGQAGAQS,1
P28843-466,YAVSFSKEAKYYQLGCWGPGLPLYTLHRSTD,1
P31356-337,FREAISQTFPWVLTCCQFDDKETEDDKDAET,1
Q9IBI5-17,AARLCCQLDPSRDVLCLRPVSAESSGRPLPG,0
P07724-538,PKEFKAETFTFHSDICTLPEKEKQIKKQTAL,1
O54734-130,ASSDIGDPLRELGSECGIEFDEEKTAVIDHH,1
Q85646-370,KRPGFQEHEMIPTSACVTYPYVILLGLPQLI,0
I3LM39-409,QLKKKFGNRRELAKFCSYHVKTAFFHVCTQD,0
Q8QZR4-216,FEALPKALEQAELPRCGRVGDRGKPCTCHYS,1
P35359-308,FFAKTSAVYNPCIYICMNKQFRHCMITTLCC,0
Q9M0R0-254,VLQRQIQELTEEQKRCTCIPKEEQ*******,0
Q96F83-119,PTEPQPPRTTSAPKECSSHQPCQGGPWVTGT,0
Q8BGN3-84,SLSYPNYYTLMTGRHCEVHQMIGNYMWDPRT,0
Q6NU07-407,SKMLVEDVLSPTRCVCRTENGCILEDIRQDM,0
P09848-1837,RIPKASAKFYASVVRCNGFPDPATGPHACLH,0
Q8TBY9-306,NQYHLQGHANIISCLCVSEDRRWIATADKGP,0
O15304-153,CVRTCWGCGSVACTLCGLVDCSDMYEKVLCT,0
Q8TF66-453,LLLNQPRLGTDTVPVCFSPANVRGQSLIIIN,1
P41216-242,IMDSYGSDLVERGKKCGVEIISLKALEDLGR,1
P29723-20,YALLSAGALQLLVVGCGSSHHETHYGYATLS,1
Q9NYQ6-1978,CGPCHCAVSKGFDPDCNKTNGQCQCKENYYK,0
P51150-207,LDKNDRAKASAESCSC***************,0
P52189-50,LSNKSQRYMADIFTTCVDTRWRYMLMIFSAA,1
Q9NP58-50,TRMALGTLALVLALPCRRRERPAGADSLSWG,1
P11499-564,EKKKMEESKAKFENLCKLMKEILDKKVEKVT,1
P09958-771,LISYKGLPPEAWQEECPSDSEEDEGRGERTA,1
O00841-553,DENFKDKCGGSSGGACGENNPDNPCSCKVCP,0
Q9JKJ9-332,KVSEDDLKKLLIIKWCILESVRLRAPGVITR,1
O09173-416,ESSLSLAVTKWGLKTCSCLDENYYKCWEPLR,1
P46735-129,KTEASKLVMSYVAAVCGKGAEVNQVKEQLLQ,1
O35468-340,QSRMVVFSCHCQVQWCCYVECQQCAQQELVY,0
P0C6R2-112,FKPKAPASPDTVEDFCLSFPKPPVDPAKIRR,0
P21981-669,FPTDIGLHKLVVNFQCDKLKSVKGYRNVIIG,1
P51881-129,AGNLASGGAAGATSLCFVYPLDFARTRLAAD,1
O88455-205,FAMIKGYLFPTSAEDCKFTGNFFYNYMMGIE,1
Q9MYY8-421,FWPLEWTIPSRDNNKCYAKIICNTKDNERVV,0
Q9GZU1-565,SGKFRRGSGSACSLLCCCGRDPSEEHSLLVN,1
P29474-26,PGPPCGLGLGLGLGLCGKQGPATPAPEPSRA,1
Q13127-161,GAEDKGKSSKTKPFRCKPCQYEAESEEQFVH,0
Q0VBD2-345,TFSIWKLNDLHDLTQCVSLFLFGDVHKDLWK,0
Q8K2B3-89,LRAAFGLSEAGFNTACLTKLFPTRSHTVAAQ,1
Q9H1H9-1058,TLPLMVEAILSVSIGCVTARSTKLQRGLDSY,1
P11716-2555,TFSTTEMALALNRYLCLAVLPLITKCAPLFA,1
O70146-607,VARYRNLNCEAGSLLCHRGHHAKPPTPSLQL,1
Q5VTJ3-389,ELQLQPDGFRLPAPPCPDPGALPGLGRSSRE,0
Q9SI09-129,SEINKLKCGHLFHKTCLEKWIDYWNITCPLC,0
P30999-618,ALPTVANSTGPHAASCFGAKKGKDEWFSRGK,1
Q6P461-329,LSANPEMYQELLQHKCFTSYRFKSLKQCVAA,0
Q86WA9-23,LGQARSSGPGMAPSACCCSPAALQRRLPILA,1
Q14181-554,IIPSELRYFVKDVLGCVCVNPGRLTKGQVGG,1
Q62465-99,PPAPGPGQLTLRVRACGLNFADLMGRQGLYD,1
Q0WNR2-162,MRPFDESMVHLIMSRCTTFFEPFPEQRLQFR,0
Q7T0Z7-40,HGWLDSAGNYQAGFQCPEDFDTADANICCGS,0
P28311-81,CRKGHCKRGERVRGTCGIRFLYCCPRR****,0
P11716-1674,LQRFHSHTLRLYRAVCALGNNRVAHALCSHV,1
O08917-85,QVKIQGQNKEMLAAACQMFLGKTEAEIAHIA,1
P13674-528,SNKWLHERGQEFRRPCTLSELE*********,0
Q22700-13,***MALTCTDIPKFICAVLLPPIGVFLEKGC,0
Q498R3-419,SSAPGICSDLYVFQSCLAVFKGQGTKEYEIH,0
O88630-34,LENELDLKLVSFSKLCTSYSHSGSRDGGRDR,1
O43829-145,VSSPDENNGQSKSKYCLKINRPIGDAADTQD,1
Q96DX4-404,GYGIGDDEYSCAYDGCRQLIWYNARSKPHIH,0
Q9QXE0-264,PTPMGKGVVPDNHPNCVGAARSRALQSADVI,1
Q8BP47-370,FLTFEDLLNRLEDLVCDVVDRVLKSPVASIV,1
Q6GQT5-38,REEQRPLKQSLGGSLCRESHWKCLLLTLLIH,1
Q76HP3-1089,VCQGLDPGECTEPHSCMERLHEHV*******,0
Q02343-1940,CPAMSPLSPQIFQLTCMDPADDDGQFQEQRS,0
O82225-155,GYFGSQIPKSLAIIKCHQDEVLELPESATLL,0
Q9D428-33,ATKVFIQRDYSDGTICQFQTKFPPELDSRIE,1
Q90703-555,YATETGKSETLANSLCSLFSCAFNTKILCMD,0
P61550-395,APNNTWLACTSGLTRCINGTEPGPLLCVLVH,0
F5HIN0-521,CRDIDRTFEEVHSLCCSLREAILDIIQLLGP,0
Q6PIC6-346,TVCLTLTAKRMARKNCLVKNLEAVETLGSTS,1
P31040-438,RHVNGQDQIVPGLYACGEAACASVHGANRLG,1
Q54G85-314,EPNCTLLDTMCTSYECNAISKTCEPRENVDP,0
Q2VLH6-591,CSRYIDIRLAGGESSCEGRVELKTLGAWGPL,1
P23456-1777,VLKIMMDEVSKELIKCGMRFNTEQVQGVRHM,0
O13531-22,INICVFYRYYNFFLICHDISFPFRTILGGRK,0
Q4V7P7-9,*******MSGSSSPKCTPKSLPTSGQKSLHD,0
P62280-131,CFRDVQIGDIVTVGECRPLSKTVRFNVLKVT,1
S4R3Z2-131,FDIVDLCTTWEAMEKCKDAGLAKSIGVSNFN,0
Q6P1A2-295,VLYKYVTCWLVTEGVCILTGLGFNGFEEKGK,0
Q9BR39-678,EAEVEVEEVPNTILICMVILLNIGLAILFVH,1
Q921F2-244,FAFVTFADDKVAQSLCGEDLIIKGISVHISN,1
P63261-17,EEEIAALVIDNGSGMCKAGFAGDDAPRAVFP,1
G5EE06-252,FHSPYKFAIAFENSNCKDYVTEKFWKKAGIY,0
A5WW21-13,***MNHAELRRLFAACDGNQSGRVEYEDFTT,0
Q8K441-1587,AVKHGFDLEDYSLSQCTLDRVILELSKEQEL,1
O15392-57,GFIHCPTENEPDLAQCFFCFKELEGWEPDDD,0
Q0WQW5-300,VAMDVLVKNSLIEMYCKCGSLRMAEQVFQGM,0
Q5JVF3-399,LVVSKQNPFPPLSTVC***************,0
Q6NXK2-946,HRSDGSSHQCRECGLCYTSHGSLARHLFIVH,0
D3Z106-196,KLVVSDHSHEGWLDFCSLIKSASPDHTCIKS,1
P53996-159,TGHVAINCSKTSEVNCYRCGESGHLARECTI,1
P35802-246,YLMVLSANWAYVKDACRMQKYEDIKSKEEQE,1
Q9QZQ1-59,RFYFQDKAAGNFATKCIRVSSTATTQDVIET,0
Q9QYZ8-256,VWKDATYSSKARLHVCQKI************,0
O22176-214,LTGKCASASSSGRCHCSKKRKIKQRRIIRVP,0
P54132-1055,QLLAYFGENGFNPDFCKKHPDVSCDNCCKTK,0
Q3SZI1-81,RDDGCVTQFYEADALCYCDKFCERENSDCCP,0
Q9CRC0-51,DENYRALCDVGTAISCSRVFSSRWGRGFGLV,1
P26630-371,ANNLPMQPSQTSSYSCMLPTSPSVNGRSYDT,0
G5E9R5-18,EQATKSVLFVCLGNICRSPIAEAVFRKLVTD,1
B0FXQ5-751,EFLAVHKTGDCVLTMCTDRKNRFLYTGTAFG,0
P01029-818,TWEIHGVSLSKSKGLCVAKPTRVRVFRKFHL,1
Q0P585-78,SKCGRCKQAFYCNVECQREDWPMHKLECSPM,0
Q91ZX7-3022,LCVEGYAPRGGDPHSCKAVTDEEPFLIFANR,1
G3XAC1-62,WGSAPRTHQWRTWLQCSRARAYALLLQHLPV,1
Q24498-2745,YTTVALRLLTLHFDRCAKYYGSTQGQGSYGA,0
P42290-321,PFCDRSPGHPQAGLPCVSETTFDIFVWFGWA,0
Q96P20-838,KHLLCNLKKLWLVSCCLTSACCQDLASVLST,1
P38430-9,*******MNKLVDAHCHVITDPDNTFCGDDG,0
Q54JE1-968,VPFKSRDSASLYSKECLITVNFVHTNEAPIS,0
P43253-194,FCSLPLLGLGEHQQYCPGSWCFIRMRSPQPG,0
Q8BGF6-94,KEKNICSEKDTSFQICMRTCLLQITGYKQLY,0
P22681-720,SRPLRPLDTSQSSRACDCDQQIDSCTYEAMY,0
P04114-1505,FRVSSFYAKGTYGLSCQRDPNTGRLNGESNL,1
Q676U5-153,ISDLETECLDLRTKLCDLERANQTLKDEYDA,1
E9Q4Z2-86,GPRDASQQRNSLPSSCQRPPRNPLSSNDTWP,1
O35386-134,SKIQDFQEDEELFRYCLLPEILKYVECFTGP,1
Q9LHE3-159,QYMVIDSGSDMVWVQCQPCKLCYKQSDPVFD,0
Q9BX67-264,VLVVLAVLALITLGICCAYRRGYFINNKQDG,1
P04075-73,FYRQLLLTADDRVNPCIGGVILFHETLYQKA,1
Q9Z2T6-234,ATAENEFVVLKKDVDCAYLRKSDLEANVEAL,1
Q9WUA1-273,YPGKCICPPGLEGEQCELSKCPQPCRNGGKC,0
P32304-404,FFNRDLRTTYRSLLQCQYRNINRKLSAAGMH,1
O35464-117,ADVDTCRMKGKHKDECHNFIKVLLKKNDDTL,0
Q62167-298,YEEARKFSYRSRVRPCVVYGGAEIGQQIRDL,1
Q7Z628-389,EKQRDPRIEASKVLLCHGELRSKSGHKLYIF,0
P53291-17,IVEPMTKPRKPTVQRCQSFFTNGANHFYCKK,0
Q922Q1-160,IHNCRLFGLDIKGRDCGDEVAQWFTNYLKTQ,1
Q8CGA4-14,**MDFQQLADVAEKWCSSTPFELIAAEETER,0
O17930-282,LSSHQQVYCSALFRYCQLKYSKSAPTRFTEL,0
Q5U458-494,KNEKVKVIDVTVPLQCLVKDSKLILTEASKA,1
Q8CGC7-1148,WVQSHRDLPVRLNQWCNVVRWEFKHPQPFLR,1
O60427-364,HDRNMDWVSTQLQATCNVHKSAFNDWFSGHL,0
Q8R4B8-955,LQMLELDNCSLTSHSCWNLSTILTHNHSLRK,1
Q8BGJ0-134,VYTRTGSGAVRFCDRCHLIKPDRCHHCSVCA,0
M0R230-531,QKPYKCSECGKSFAECSSLIKHRRIHTGERP,1
Q8BUN5-270,MTVDGFTDPSNSERFCLGLLSNVNRNAAVEL,1
F8VX04-288,SKTVYALPTIAFAFVCHPSVLPIYSELKDRS,1
Q7TQ07-7,*********MENYEACVGFDVCEIPLSAVAQ,0
P15392-82,PVFTIYLGSRRIVVLCGQETVKEALVDQAEE,1
Q9CPP6-17,AGLLKKTTGLVGLAVCDTPHERLTILYTKTL,1
Q5THK1-76,RALPLELQRTHVESCCEETYETLDHGSEPGR,0
Q64516-67,WVEQDPKEILQSVYECIEKTCEKLGQLNIDI,1
Q9P2B2-848,LLIGVGLSTVIGLLSCLIGYCSSHWCCKKEV,1
P57999-1789,NSNGNSNCVSEKSDQCSIFGGPHYRTFDRFS,0
B4DR61-19,TARVLVKFLEVIKPFCVILPEIQKPERKIQF,1
O42596-681,LEHRCLPIDSFNFSTCLGSTNKICSGHGVCS,0
Q8QZY2-403,LEEALEAVAKAKGPVCLLAGGEPTVQLQGSG,1
P28876-900,LQISLTENWLIFITRCSGPFWSSFPSWQLSG,0
Q9UJJ7-75,FRFCHQLDFSTSGALCVALNKAAAGSAYRCF,1
P08249-275,FSLVDAMNGKEGVVECSFVQSKETECTYFST,1
Q76P24-2176,FLSDSVWDELRETTRCLSNFINKFGLGELCE,0
Q69YQ0-79,GGVTVTNGVKGKKSTCPSAAPSASAPAMTTV,1
Q6DID5-319,PPTRQLGTRTVGAAPCPRSCSGEVTMLCSAG,1
Q80Y14-63,DKVVVFLKGTPEQPQCGFSNAVVQILRLHGV,1
Q9BXU3-396,DCPWCNAVNFSRRDTCFDCGKGIWLQKPH**,0
Q0V8T8-582,NFYCNCSNTGYTGATCHDSIYEQSCEVYRHR,0
P17690-205,EHGNWTQLPECREVRCPFPSRPDNGFVNHPA,0
P07814-1301,VHGDNMGLVLPPRVACVQVVIIPCGITNALS,1
P11047-367,YFDPELYRSTGHGGHCTNCQDNTDGAHCERC,0
Q9H6X2-347,LLLALALLWWFWPLCCTVIIKEVPPPPAEES,1
Q60766-156,AQTVEDYVEEMKFSTCDLFIIIASEQFSSNH,0
S4R2F3-1385,SRDVEVLEGKPIYVDCFGNLVPLTKSGQHHI,1
P40240-179,TCPKKQLLESFQVKPCPEAISEVFNNKFHII,1
Q6GPQ3-395,SSIPSSGNHSVEPTGCPVIQTWCLYTPVIHL,0
Q9DC50-107,DVRIPSQLNVNFVGPCPHFEHYWPAREGTQL,1
A2VEC9-851,ECAPACGQHCGKPEDCGELGSCVAGCNCPLG,0
Q80YQ1-520,CSVTCGGGVQRRSRLCNNPTPQFGGKDCVGD,1
Q9ERZ3-310,QQQGTKRSSRRKYGGCHFWFTTKSWKPSAEQ,1
Q9Z211-85,ATEQSIQAADLAPRLCLTLANLNRVVYYICD,1
Q9ZUU7-187,IDEKTCTLHLLNLKRCDQMELARDFFSLMVE,0
P13726-277,VVIILVIILAISLHKCRKAGVGQSWKENSPL,1
P35363-397,LFNKTYRSAFSRYIQCQYKENRKPLQLILVN,1
B3N538-860,VTPKAPVNIIVDPKVCVGKEKYTFTLGSIVP,0
Q852K5-24,EAEETGVHTPEAPILCVNNCGFFGSRMTENM,0
C8Z9Z9-13,***MRLISKVLVKTNCLEVGMRRAPQWYSHY,0
P43220-438,EHLHIQRDSSMKPLKCPTSSLSSGATAGSSM,1
Q9SRZ0-535,SYKTTDLNLPIEMVNCVEAFKAYYGTKTNSR,0
Q3UMW8-214,AGPGQGAQTWFESYDCSNFVLRTYKKLAEFG,1
Q9Y487-680,LGKPLFLLWLHNGRSCFGVNRSGYTLIRKDS,1
Q12879-870,DRPGLLFSISRGIYSCIHGVHIEEKKKSPDF,1
P46061-169,MGIGGGKILAAALTECHRKSSAQGKPLALKV,1
P53396-229,VLDLAAKVDATADYICKVKWGDIEFPPPFGR,1
Q8BU33-315,PANKLRAAVETLGVPCFLGGMSRGLLGRNHP,1
Q2NL14-322,DDVRCSNQSLPMTRHCLTHICQDTNQVLFKC,0
Q6WQJ1-315,LAAYGWPMYLMRKPTCGLCQLARSCSCCLCP,1
P09483-273,LISCLTVLVFYLPSECGEKVTLCISVLLSLT,1
Q8IZJ3-1144,PTLNHLNNLLRLPFGCGEQNMIHFAPNVFVL,1
Q9P267-1227,YEEFLDHPGHIHSSPCHERPNNVSTLPFLPG,0
Q19981-205,AINLNGFNVSYESNRCAYNCSNHGSCLNGKC,0
Q91X05-126,SLIFIIMTFPFSIWFCIKVVQEYERVIIFRL,1
Q91YT8-303,LQAKTGRRTLINPKPCGQFCCCEVQGCERED,1
Q9DBG1-430,EINGFLFPKNTQFVLCHYVVSRDPSVFPEPN,1
P53411-4,************MVHCAGCKRPILDRFLLNV,0
O35114-274,LISKDEVLYLFPSDLCRSVHITFSSFENVEG,1
Q68D91-176,QLTVMHMPGHSRGSICLHDKDRKILFSGDVV,1
P31696-969,ACRQGQLITVKHVGQCHESITHTSHTMPPTP,0
Q6ZRI0-965,WKGKEYFPGDQVMSPCHTCVCQRGSFQCTLH,0
P43593-263,NDITVKENESDSKLQCHISGTTNFMRNGLLE,0
Q5NDE5-576,IFNKNLLGPFADVLICKT*************,0
Q9Z0E2-739,LCICQRRTVICDPVVCPPPSCPHPVQALDQC,0
Q9BYS1-56,QTSFCGFPSFSTSGTCSSSCCQPSCCETSCC,0
Q557D1-220,MFNLGCVLIQMLGCDCTKDENIDFLFSKIPN,0
P04191-674,DDLPLAEQREACRRACCFARVEPSHKSKIVE,1
O64771-325,PKSIEEWKRGNWTDGCVRHTELHCQGNTNGK,0
Q9QYJ0-280,NDLHMTYKIGLVEALCGFQFTFKHLDARQIV,1
P61565-245,IPKESKNTEVLVWEECVANSVVILQNNEFGT,0
Q8R3Q2-737,EEKGWAKFTDFQPFCCSETGPRCSSPVDMDH,0
Q5GH68-422,PLRSLFTNNVVDYLHCICCRRPRPERVENSE,0
A0A509AE54-407,IKHQAAGLISAFLYMCAASIYTSQIYCFLLN,0
P24105-236,MRFRYCAPPGFAILRCNDTKYSGFAPNCSKV,0
Q54C51-37,NKFKNENNFYNNNLKCSDLDVDFRHQTIIGN,0
Q3ULJ0-104,DLLVFVIPHQFIHKICDEITGRVPEKALGIT,1
Q9QXG4-104,GKIFTEWMKGATTNICYNVLDRNVHEKKLGD,1
Q12381-525,FDTWLDDAQSFIARKCIDCARAVFAFSLRVY,0
Q8BH00-447,HRVAKKLQSGLVWTNCWLIRELNLPFGGMKS,1
O83409-670,PVCDFVTHFKPTFAVCPQCRCFLVEKSNRRV,0
Q9JJL3-503,RGDKKLMNIEFYDCSCVSGSGFQKGNHSARL,1
Q09681-334,GDLVIHFAGCWVENRCDELWQKFYALID***,0
Q02391-415,SPEIILSCRGEIEHHCSGLHRKGRTLHCLMK,0
Q9C101-98,FVAGFGWMSDNIWPVCTSLILMRLDEVDGPH,0
P11047-307,ASECMKNEFDKLVCNCKHNTYGVDCEKCLPF,0
Q8VDD5-917,LRARLTAKKQELEEICHDLEARVEEEEERCQ,1
F4J0A8-288,GSETSLGFCRKSCKAC***************,0
Q8CFA2-351,ILNTEGTVIGTVTSGCPSPSLKKNVAMGYVP,1
Q6A0A9-917,TGPYRAFRVTAASGHCGAFSGSDSSRTSKSQ,1
O08715-392,ASPSAEALPPKTYVSCLSSPLSGPTKDQKPK,1
P00738-340,KSPVGVQPILNEHTFCAGMSKYQEDTCYGDA,0
Q99J27-497,GASNQNCRTPDAIELCKKLGGSCVTALDGYY,1
P11716-2237,EIRFPKMVTSCCRFLCYFCRISRQNQRSMFD,1
Q9DBW0-406,VFPSVPLFARSLSEDCEVGGYKVTKGTEAII,1
Q5Z9N5-65,PAATSPAHCTFSGVTCDGRSRVVAINLTALP,0
Q9HCJ3-82,NRRKILVKNLPQDSNCQEVHDLLKDYDLKYC,0
P59015-574,FSVIMQDYERVISHYCQHDDYSAALDVLSKH,0
P07947-42,TSVSHYGAEPTTVSPCPSSSAKGTAVNFSSL,1
P11714-164,KKSLEDWVTKEANHLCDAFTAQAGQPINPNP,1
D3YUM1-246,TTVANVETVAVSPTICRRGGTWFAGFGRERN,1
F2Q9V5-14,**MKNLLVFIFVFSLCMFDHVSGAGIRIGNE,0
P01023-431,GTSLTVRVNYKDRSPCYGYQWVSEEHEEAHH,1
G5E814-97,VREKPDDPLNYFIGGCAGGLTLGARTHSYGT,1
A2CEK3-178,DKIFQISKTIEEYAICPDLKVDLGVLGKQQF,1
Q06488-511,QRGNPDMKLEGPLFVCEFRYNESDKIFNKIR,0
Q2KJ63-141,FNASKVRSAKECQERCTNNIHCQFFTYATKT,0
Q9BR39-29,YCGGWEGGKAHGHGLCTGPKGQGEYSGSWNF,1
Q9UKJ5-93,NLPVNVRWLLCGCLCCCCTLGCSMWPVICLS,1
Q99805-120,IEPSPYKFTFNKKETCKLVCTKTYHTEKAED,1
Q9BXT8-1430,AVQVKHVVSPNEVYICLDSIETSNQSNQHSD,0
D3YUM1-416,DSLWEISKQIEGHTICALGDGAAWPVQGLIR,1
Q8JZR0-322,LAHMFERLVQGILFSCGGKIGFFQGDIRLLP,1
Q06102-138,KCENYEMGFCPLGSSCPRRHIKKVFCQRYMT,0
A2A8L5-298,NVLELSNVMRSANYTCVAISSLGMIEATAQV,1
G3UY72-68,YNGSWGGRGEVITTYCPANNEPIARVRQASL,1
Q9W6G6-402,WVEYEGRIPYPRPGTCPSRTYDPHIKTTKDF,0
P05202-187,AGMQLQGYRYYDPKTCGFDFSGALEDISKIP,1
P13639-751,AQPRLMEPIYLVEIQCPEQVVGGIYGVLNRK,1
Q9CRB3-35,PAQGLCLRLSRLEAPCQQWMELRTSYTNLDG,1
R4GNG9-28,NSGQPPNYEMLKEEHEVAVLGAPHNPAPPTS,1
G3V203-134,KILTFDQLALDSPKGCGTVLLSGPRKGREVY,1
P62937-62,GYKGSCFHRIIPGFMCQGGDFTRHNGTGGKS,1
D3Z291-100,AGRRAKDPAVLRYMFCSMAQRALIAPVVWVA,1
Q949T8-294,DNANDGVGCTNCGPNCDRSCVCRVQCISCSK,0
P08650-860,LKGTVYNYRTSGTMFCVKMSAVEGICTPGSS,0
Q9WUM4-343,NKCEIARFFKLHERKCEPIIMTVPRKSDLFQ,1
P97501-294,RKEPVFNDELPARILCGMVTIKPNVKEFTET,1
Q13443-430,PSCGNKLVDAGEECDCGTPKECELDPCCEGS,1
Q9Z268-618,SKTPEWQVHTSIPLSCIRAVEHVDEGAFQLP,1
Q9CQ92-41,AAGSVSKSTQFEYAWCLVRSKYNEDIRRGIV,1
Q9D8W7-27,KSPHLPPLSKQSLLFCPKSKLHIHRGEIAKI,1
Q9QXX4-438,KDGSVPLLAEIFAGGCAGGSQVIFTNPLEIV,1
Q7Z418-111,NRTTHWSFLSSLFFCCTVFSTVGYGYIYPVT,0
Q5T6R2-7,*********MPAAFPCVFPPQSLQVFPQMIV,0
Q8K0E3-624,VSPRHSKVVRAILWLCGMEKNKEEPPSKAEP,1
P78504-740,DAFKCMCPGGWEGTTCNIARNSSCLPNPCHN,0
O88986-26,LSPGRRAHSALAQLRCILDSELEGIRGAGTW,1
Q2HR75-319,DEKDIDIILDTAIFVCNAFVTRFRLLHLSCV,0
Q923B6-23,EFPLTTDSSEKQGVVCIFGTGDFGKSLGLKM,1
Q99L45-224,RVGTKKTSFVNFTDICKLLHRQPKHLLAFLL,1
Q9UJY1-195,SSFNNELPQDSQEVTCT**************,0
O08914-249,LGTDIGGSIRFPSAFCGICGLKPTGNRLSKS,1
Q9WU84-227,HPLSKITGNSGKRLACGIIARSAGLFQNPKQ,1
Q9BSF4-182,GFVGRWWVLGAWMRDCDINDDEFLHLPAHLR,0
O01159-204,EVMYARMASGPDALPCAYAYVEFSQQASVCN,0
P35424-379,SQEKIYEYVEDVLNVCDNEKWKTSIMKVFNC,0
Q8R0Y6-238,WIRGNDKVPGAWTEACGQKLTFFNSTLNTSG,1
Q9ULF5-435,LSLLGVILVPIINQGCFKFLLTFLVALAVGT,1
Q9M0B7-252,NIIFLVLLVVVYAMGCCAFRNNKEDRYGRSN,1
Q8BH00-354,RSYVLKAQTEGARILCGEGVDQLSLPLRNQA,1
Q7KZF4-440,ASPATETVPAFSERTCATVTIGGINIAEALV,1
Q9Y6K0-30,HPESPVGFGHMSTTGCVLNKLFQLPTPPLSR,1
O95500-182,GFISSSLSLIGGTLLCLSCQDEAPYRPYQAP,1
Q9Y4C0-234,HPTCDCSTTGYGGKLCSEDVSQDPGLSHLMM,0
Q86VW2-25,CACPRVIRKVLAKCGCCFARGGRESYSIAGS,1
F4IFD0-563,THMYDAVTKVDDMELCDTIPQLPETQDIHKI,0
Q6PCT3-74,EIVTLRQVLAAKERHCGELKRRLGLSTLGEL,0
Q8BZW2-166,GRCAAVGTRGRCCWECQQNGWGQSTGQPLPE,0
O75581-1399,IFVSGTVYFICQRMLCPRMKGDGETMTNDYV,1
P17563-31,LEAMKGPREEIVYLPCIYRNTGTEAPDYLAT,1
Q9VAQ1-674,SQVVPNFAMNRSAASCFFCFDRYAELECQFY,0
P28665-1129,SSLPATHPVVSKALSCLESSWKTIEQERNAS,1
Q8VZ17-599,AIVGAKPTIYECGPLCKCPSSCYLRVTQHGI,0
Q9CXN7-24,DAFTATAFRGNPAAVCLLERTLDEDAHQDIA,1
Q80XL6-174,IRSLKLDKYGTGVGYCKRQVSTWTKQYQASA,1
Q6Y306-1117,STCVPEHTQSFKVGTCPKDWPSRGEITFKDY,0
Q9LUE6-89,ILGPRANCISYKDGGCRCFGFMVSKKKYIYT,0
Q8R0W0-413,ALRLLDAQLATGGLICPARRFRLPLEAALRF,1
Q8VCY8-191,PDRPGPDRFVTDQSACAGSPSLVAAARRAFP,1
P29400-32,LSLWGQPAEAAACYGCSPGSKCDCSGIKGEK,0
Q7Z5P9-1020,RHCGILLDSSGPLASCHPIVNPKPYHEECKK,0
P07207-1314,NECLSNPCSNAGTLDCVQLVNNYHCNCRPGH,0
O64510-106,TRRGGRFESLNAIDKCWRGDKNWDKNRKKLA,0
O00299-178,SQRKFLDGNELTLADCNLLPKLHIVQVVCKK,1
Q9DB30-294,RLTAEQALQHPFFERCEGSQPWNLTPRQRFR,0
P97379-73,QNDIHHKVLSLNFSECHTKIRHVDAHATLSD,1
Q3SX17-244,KSSRNIFSIMFVFFICFVPYHIARIPYTQSQ,0
O70475-241,FLAQRISSINSISALCEATGADVEEVATAIG,1
O70554-93,QPKCPPVQFPPCQQKCPPKNK**********,0
O43866-269,SGRLEVLHKGVWGSVCDDNWGEKEDQVVCKQ,0
Q9H6Y7-248,CLDEYEDGDKLRVLPCAHAYHSRCVDPWLTQ,1
P92172-30,SLPHGLTFNCTNSGVCIEKMKQHRTEYLKNE,0
Q9QYY9-273,VITELTAGGVDYSLDCAGTAQTLKAAVDCTV,1
Q8VHK5-52,DSKPKDLQLSKRLPPCFSYKTWVFSVLMGSC,1
Q5PQQ8-294,VYDRYSDDFCSGHGQCNCGRCDCRAGWYGKK,0
P06238-847,FLAAPEEKEQRSHCICMNQRHTASWAVIPKS,0
Q8T3X9-124,SEFVFNNPNIKGTCGCGESFSM*********,0
P38697-355,VMACGRPQGTAVYNVCEFANQFGVPCMADGG,0
Q03555-4-284,ESPRAQATSRLSTASCPTPKQIRRPDESKGV,1
E9Q0C6-622,EASAKLESSSEDERSCEEMTSAHSSQSLEEF,0
G3X9K3-1145,TRLDGNAIVDFVRWLCAVSMDELLSTTHPRM,1
Q14126-840,FLDDLGLKFKTLAEVCLGQKIDINKEIEQRQ,1
Q8CBC8-405,NRVKEMFGSGTACVVCPVSDILYKGQMLHIP,1
Q9JK15-105,EARVPTFYYVPQASDCLVLKEQWIRAKYERQ,0
Q9BVA1-239,DLNHLVSATMSGVTTCLRFPGQLNADLRKLA,1
P55163-117,KDHIMQVLTTMESCQCQLDVTLNYDLTTSYL,0
Q8CIE6-1057,DNKQEIAEAQQLITICREYIVGLCMEIERKK,1
Q80T85-669,ESVERKIYKAYKWLRCSYISYSNNKDGETSL,1
B2RXS4-617,SGSVFLTSHQYPFYDCREAMSLVENLPCISC,1
F8W870-17,EGPGGSGFHLRLEAFCKCKSPINVFDPVRPA,1
Q9V466-773,SWDHRLLQMEKLRSICIPEIALFLNEVMFKS,0
Q99PG0-319,SELAQKYPGFIDVKACPLLANDNILHHLPKT,1
P18572-203,TKYIVDADDRSGEYSCIFLPEPVGRSEINVE,1
O75691-2342,FIPLCLMTINDDSATCKKMASMTIKSLLGKI,0
Q06190-44,HYCTGTCHTFTHGIDCIVVHHSVCADLLHIP,0
P03386-428,APTGTTWACSTGLTPCISTTILDLTTDYCVL,0
P11589-82,EKSLVLKFHTVRDEECSELSMVADKTEKAGE,1
Q8VCZ9-96,YGQFVAGETAEEVRNCVGQLQALGLQPLLAV,1
Q62784-394,LHKFEEAKKHSFEECCTSSTCQSIIYIPQDV,0
Q8R5H1-462,VCPECAKISVTFDPFCYLTLPLPMKKERSLE,0
O09164-77,LGRRREVDAAEMHAICRVQPSATLPPDQPQI,1
Q4DCH3-80,VPISGTELFDFCAEYCKAQTHEERLAVRHKI,0
P26231-116,GDLMKSAAGEFADDPCSSVKRGNMVRAARAL,1
Q39019-310,EIIKVLGTPTREEIKCMNPNYTEFKFPQIKP,0
Q9UKW6-76,PEYWTKRHVWEWLQFCCDQYKLDTNCISFCN,0
Q8BGD9-543,NKVDVVGATQGQAGSCSRGPGDGGSRDHWKD,1
Q8VCW8-467,LTNLNVPGELYIRGYCVMQGYWGEPQKTFET,1
P48023-82,PLPPLKKRGNHSTGLCLLVMFFMVLVALVGL,1
Q80XH4-312,PTPQFSLRDAVDGALCSQAPETQGLPGYCEV,0
P12722-1125,LILGWLFFMTGCCGCCCGCFGIIPLMSKCGK,0
Q9M2C9-47,SCLARVPREYHMAMKCVSRRWRDFVCSDEMC,0
Q9UGH3-147,YDQWATSQLIGTIFFCVGITTLLQTTFGCRL,0
P53046-399,IYGVFVPLTHCYSSTCSLEKLCYSISCPNRL,0
Q9Y230-227,ARDYDAMGSQTKFVQCPDGELQKRKEVVHTV,1
Q9D1M0-234,AWAPSIGLPTSTIASCSQDGRVFIWTCDDAS,1
Q8BMJ2-575,RKNFEASLDWLQEHACSRTYGLGTRLPWDEQ,1
Q5VTY9-242,KQMQQQEHDSLKASLCVLALGLGRLLCWWWL,1
O04375-316,HKPKPIAMYHQQLSYCIVQFVEKDYKLADTV,0
Q8BMQ2-372,VLWKEMDKLPVHSIKCVPLYHPYQKCSCSLV,0
P24549-50,GKKFPVLNPATEEVICHVEEGDKADVDKAVK,1
Q9UFP1-459,PEPSDPCVEERLREKCQNPAELRLVHILVRS,0
Q63803-666,PRPSAWPDKYERGRSCCRYEAASGICEIESS,1
Q7TNS5-55,KSSPQPAAAAARNRDCFFRGPCMLCFIVHSP,1
Q9I920-826,QLLAYFGETDFNPNFCKDHPEVICDNCSRKK,0
Q9NZW5-298,RKAFVRRDWDNSGPFCGTISSKKKKKMMYLT,1
P00186-404,TRDTSLNGFHIPKERCIYINQWQVNHDEKQW,1
Q03191-43,LSPSQCMVPANVRVDCGYPTVTSEQCNNRGC,0
Q8BG51-229,DGTLNDAELNFFQRICFNTPLAPQALEDVKN,1
Q65XV7-622,FCYPACPKLLPVGRQCNKKAINNGDGMWHCD,0
P17181-463,FALPFVIYAAKVFLRCINYVFFPSLKPSSSI,1
Q62178-718,ASPLGALRARGKVQGCGMLPPREKAPLSRDQ,1
Q18LD2-195,WLLFAGPLSCCSRTHCFGYTRPDIRRPFPVV,0
Q3ZCH6-218,CIKEEDAPSDNDSGICMSPDSSLGSPQDSPS,0
P28347-359,FENGRFVYRINRSPMCEYMINFIHKLKHLPE,1
Q8WTX9-153,LCNVDVSARSKHCSACNKCVCGFDHHCKWLN,0
Q99JP7-102,ETRKDPFSAAAAECSCRQDGLTVIVTACLTF,1
Q10429-3,*************MSCIQIISSSQTSIAGHR,0
Q8T8S1-278,IPKDTWNMYLNFTEQCDIQNYDDTEAWPSLF,0
Q9MZV8-151,IFYALRYQHLMTGRRCGAIIAGIWALCTGCG,0
Q91Z53-29,PLPAEGRAALAQAADCEVEQWNSDDPIPRKD,1
Q96CS4-169,CGCTFPDHQALESHKCAQNLKKPYPCPDCGR,0
Q922H4-44,FPVAGVPMIQHHIEACAQVPGMQEILLIGFY,0
P51908-150,ISSGVTIQIMTEQEYCYCWRNFVNYPPSNEA,0
Q7YSJ4-251,TKASNCLFETNMGFTCSYYDYCGICNGKGEC,0
Q96LW2-6,**********MGAVSCRQGQHTQQGEHTRVA,0
Q568P9-298,PPLMEALHHGAEGNACEQQPVYQQGGIICVP,0
Q5U5D0-101,INHISPGQLTKKYSSCSTIFLDDSTVSQPNL,0
Q8R500-534,RQCFSLSYDLNCDKLCADFQEDIEFHFSLGW,0
Q96EB6-374,IIQCHGSFATASCLICKYKVDCEAVRGDIFN,0
Q64435-126,EYRNNMIVVDMFFSNCQSLLKDSATLSFLRE,1
P13887-674,ERAEAEYVFDVDKRTCVKREDASGLVLVGDL,0
Q6Q4D0-1132,LRNPCSNIKVLILSKCHLKLAGLLCIIQALS,0
Q91XH5-172,SSLCALQPYKGWGLYCAGKAARDMLYQVLAA,1
P58710-354,VEVRFTRGDDILLSPCFQRDSCYMNIIMYRP,1
Q9BVA1-129,DSVLDVVRKESESCDCLQGFQLTHSLGGGTG,1
E1BKK0-245,IIKSNTGQNGHPDMCCAERPGVELRAASVNS,0
Q6R6M4-473,TLPPNVLVIHQSKYKCGMKNHHPEQQSSLLN,0
O95388-273,PCDVDIHTLIKAGKKCLAVYQPEASMNFTLA,0
Q9DAY1-164,TSREVPSSMAHRYEDCPWMWASEKESLFPLQ,1
P49795-44,ASPAAPSRNPCCLCWCCCCSCSWNQERRRAW,1
Q69XV9-98,CGGCYEVRCVNHVLWCLRGSPTVVVTATDFC,0
Q9JLB4-1218,FLLEFQDFHLEHHPNCSLDYLAVFDGPSTNS,0
O88278-1481,EAGRCVPGVCRNGGTCTNAPNGGFRCQCPAG,0
Q68EF4-755,ARGVLKCDISDLSLICLLGYSMLLMVTCTVY,0
P56478-58,ISINQLDKMTGTDSDCPNNEPNFFKKHLCDD,0
Q8LCE9-115,ISLGDEEADISQVFHCDGLLLCISITESKTR,0
A3BPF2-646,NANSNQSNMLILQECCTDATGSYVIYAPVDV,0
Q588V7-941,RIMALLNETCPPLQSCLSEDKNGMTHAILEV,0
Q9FHA6-127,GPVHPYSRGCSSITRCRR*************,0
Q12675-812,VEDLKGSSGDHQQKCCEHFLLALALCHSVLV,0
Q8K2C8-173,LRLTILWGLGVLIRYCFLLPLRIALAFTGIG,1
Q6P3A8-175,NEAAKYRYRSGDLFNCGSLTIRAPWGCVGHG,1
P53811-94,GSLVFHEKAWNAYPYCRTIVTNEYMKDDFFI,1
Q8R0T2-294,RARGGQGPRPNICGICGKSFGRGSTLIQHQR,1
O04582-253,FKGTWEEKYSKSMTKCKPFYLLNGTSVSVPF,0
O35604-323,NIAFSVNSSDKGEASCCDPLGAAFDDCLRRM,1
P50431-374,SKGTDGGRAEKVLEACSIACNKNTCPGDKSA,1
P04412-322,CAGGCTGPTQKDCIACKNFFDEAVSKEECPP,0
P62855-74,FDAYVLPKLYVKLHYCVSCAIHSKVVRNRSR,1
P29320-322,ENNYFRADKDPPSMACTRPPSSPRNVISNIN,0
O70493-165,IDRNYVAGKVLGEKDC***************,0
Q9TYU5-227,KSKTCLKRHMEKCAMCHPPGNQIYSHDKLSF,0
Q0II26-306,CGGMAPANVQKWMQACENLAPFHTALKLLQ*,0
P01663-92,LTIDPVEADDAATYYCQQNNEDPLTFGAGTK,0
Q9H3N1-207,GLLLGLCMIFVADCLCPSKRRRPQPYPYPSK,1
P28271-50,LPFSIRVLLEAAVRNCDEFLVKKNDIENILN,1
Q9QXZ6-506,GNSSAVLGLCKKGPECDNKLQYFLIKSVFSS,1
E9Q401-3204,RERAALSLPANVEDVCPNIPSLEKLMTEIIE,1
P60335-54,IREESGARINISEGNCPERIITLTGPTNAIF,1
Q9CQY6-13,***MAALRYRRFLKLCEEWPVDETKRGRDLG,0
Q96A29-97,LVTTLLCKGLSALAACCPGAVDFPSLRLDLR,1
Q8IYC8-474,AYVMAAICALFMLPLCLMVCQWRCLRCLRQQ,1
P22314-278,QPMEIKVLGPYTFSICDTSNFSDYIRGGIVS,1
Q9DCS3-332,KNHSPDEFKELILTLCNLIRQGRLTAPSCSE,1
P00186-158,LKSFSIASDPTSASSCYLEEHVSKEANHLVS,1
Q64374-207,IVYKMEKDEQIPDGMCIDAEGKLWVACYNGG,1
Q7Z408-2624,IFETQYQFQAQLMLICDPGYYYTGQRVIRCQ,0
